// ChaseHQ-StageData.c
//
// Chase H.Q. code model
//
// by dpt

// vim: ts=8 sts=2 sw=2 et

#include "Types.h"

#include "ChaseHQ-StageData.h"

static const u8 stage1[STAGE_LENGTH] = {
  0xFF, 0xFF, 0xFF, 0xFF, 0xFF, 0xFF, 0xFF, 0xFF, 0xFF, 0xFF, 0xF0, 0x25,
  0x5D, 0x7F, 0x5F, 0xFF, 0xFF, 0xAF, 0x0E, 0xA5, 0xB8, 0x08, 0x2B, 0xBA,
  0x87, 0xD7, 0xF5, 0x55, 0xE3, 0x02, 0x57, 0x02, 0x15, 0xFC, 0x02, 0xAB,
  0xA8, 0x02, 0xB0, 0x80, 0x0B, 0x80, 0xBF, 0xEE, 0x01, 0x56, 0x38, 0x00,
  0x58, 0x00, 0x07, 0x51, 0x7C, 0xD6, 0x02, 0xAC, 0xE2, 0xA0, 0x0E, 0x08,
  0x0A, 0xAF, 0xF0, 0x69, 0x41, 0x51, 0x85, 0x58, 0x03, 0x82, 0x01, 0xDF,
  0xC0, 0x34, 0x0A, 0x02, 0x2A, 0xFF, 0x00, 0xE0, 0x80, 0xBA, 0xF8, 0x0E,
  0x00, 0x68, 0x55, 0xFF, 0x80, 0x10, 0x53, 0xC4, 0x57, 0x80, 0x03, 0xD2,
  0xAF, 0xFF, 0xF0, 0x00, 0xFE, 0x00, 0x8A, 0xF8, 0x0E, 0xA5, 0x7F, 0xFF,
  0xFA, 0x04, 0xFF, 0x40, 0x01, 0x5D, 0x47, 0x08, 0xFF, 0x5D, 0xDD, 0x7F,
  0xFF, 0xE0, 0x0A, 0x23, 0xE1, 0xC3, 0xFA, 0xAA, 0xAA, 0xAF, 0x57, 0xF4,
  0x01, 0x04, 0x74, 0x07, 0xF5, 0x55, 0x11, 0x55, 0xAA, 0xFE, 0x80, 0x00,
  0xAF, 0xBF, 0xAA, 0x00, 0x02, 0x2A, 0x57, 0x7F, 0xD0, 0x00, 0x15, 0xFD,
  0x7F, 0xD4, 0x00, 0x45, 0x4A, 0xFF, 0xFA, 0xA0, 0x2A, 0xAB, 0xF8, 0x02,
  0xA8, 0x08, 0x95, 0xFF, 0xFC, 0x14, 0x11, 0x7F, 0x80, 0x00, 0x04, 0x00,
  0x01, 0x7F, 0xE0, 0x02, 0x00, 0x78, 0x00, 0x00, 0x02, 0x80, 0x0A, 0xFF,
  0x00, 0x01, 0x40, 0xC0, 0x00, 0x00, 0x00, 0x50, 0x01, 0xFE, 0x00, 0x00,
  0x2B, 0x00, 0x00, 0x00, 0x00, 0x08, 0x02, 0xB0, 0x00, 0x00, 0x00, 0x00,
  0x00, 0x00, 0x00, 0x05, 0xA1, 0xE0, 0x00, 0x00, 0x00, 0x00, 0x00, 0x00,
  0x00, 0x00, 0x17, 0x00, 0x00, 0x00, 0x00, 0x00, 0x00, 0x00, 0x00, 0x00,
  0x2A, 0x64, 0x00, 0x00, 0x70, 0x70, 0x40, 0x5E, 0x42, 0x5E, 0x3F, 0x5E,
  0x54, 0x5E, 0x81, 0x5E, 0x7E, 0x5E, 0x93, 0x5E, 0x39, 0x5D, 0xED, 0x5D,
  0x00, 0x00, 0x0C, 0x00, 0x46, 0x6A, 0x70, 0x6A, 0x92, 0x64, 0x3E, 0x64,
  0x68, 0x64, 0x3E, 0x64, 0x92, 0x64, 0x14, 0x50, 0x5A, 0xEA, 0x00, 0xC3,
  0x5E, 0xE3, 0x5E, 0x0E, 0x5F, 0x77, 0x5F, 0x29, 0x5F, 0x1C, 0x5F, 0xEA,
  0x00, 0xD3, 0x61, 0x08, 0x62, 0x5C, 0x62, 0x13, 0x63, 0x93, 0x62, 0x76,
  0x62, 0x01, 0x45, 0x5D, 0x6D, 0x5D, 0x95, 0x5D, 0xBF, 0x5D, 0xFE, 0xBD,
  0x98, 0x54, 0x48, 0x49, 0x53, 0x20, 0x49, 0x53, 0x20, 0x4E, 0x41, 0x4E,
  0x43, 0x59, 0x20, 0x41, 0x54, 0x20, 0x43, 0x48, 0x41, 0x53, 0x45, 0x20,
  0x48, 0x2E, 0x51, 0x2E, 0x20, 0x57, 0x45, 0x27, 0x56, 0x45, 0x20, 0x47,
  0x4F, 0x54, 0x20, 0x41, 0xCE, 0x45, 0x4D, 0x45, 0x52, 0x47, 0x45, 0x4E,
  0x43, 0x59, 0x20, 0x48, 0x45, 0x52, 0x45, 0x2E, 0x20, 0x52, 0x41, 0x4C,
  0x50, 0x48, 0x20, 0x54, 0x48, 0x45, 0x20, 0x49, 0x44, 0x41, 0x48, 0x4F,
  0x20, 0x53, 0x4C, 0x41, 0x53, 0x48, 0x45, 0x52, 0xAC, 0x49, 0x53, 0x20,
  0x46, 0x4C, 0x45, 0x45, 0x49, 0x4E, 0x47, 0x20, 0x54, 0x4F, 0x57, 0x41,
  0x52, 0x44, 0x53, 0x20, 0x54, 0x48, 0x45, 0x20, 0x53, 0x55, 0x42, 0x55,
  0x52, 0x42, 0x53, 0x2E, 0x20, 0x54, 0x48, 0x45, 0x20, 0x54, 0x41, 0x52,
  0x47, 0x45, 0xD4, 0x56, 0x45, 0x48, 0x49, 0x43, 0x4C, 0x45, 0x20, 0x49,
  0x53, 0x20, 0x41, 0x20, 0x57, 0x48, 0x49, 0x54, 0x45, 0x20, 0x42, 0x52,
  0x49, 0x54, 0x49, 0x53, 0x48, 0x20, 0x53, 0x50, 0x4F, 0x52, 0x54, 0x53,
  0x20, 0x43, 0x41, 0x52, 0x2E, 0x2E, 0x2E, 0x20, 0x4F, 0x56, 0x45, 0x52,
  0xAE, 0x06, 0x06, 0x02, 0x00, 0x02, 0xF8, 0x22, 0x59, 0x4F, 0x4B, 0x21,
  0x20, 0x59, 0x4F, 0x55, 0x20, 0x41, 0x52, 0x45, 0x20, 0x55, 0x4E, 0x44,
  0x45, 0x52, 0x20, 0x41, 0x52, 0x52, 0x45, 0x53, 0x54, 0x20, 0x4F, 0xCE,
  0x06, 0x02, 0x00, 0x23, 0xF0, 0x43, 0x59, 0x53, 0x55, 0x53, 0x50, 0x49,
  0x43, 0x49, 0x4F, 0x4E, 0x20, 0x4F, 0x46, 0x20, 0x46, 0x49, 0x52, 0x53,
  0x54, 0x20, 0x44, 0x45, 0x47, 0x52, 0x45, 0x45, 0xA0, 0x2D, 0x02, 0x00,
  0x2C, 0xF8, 0x6C, 0x59, 0x4D, 0x55, 0x52, 0x44, 0x45, 0xD2, 0x03, 0x00,
  0x10, 0x82, 0x6D, 0x20, 0xF2, 0x6D, 0x6F, 0x29, 0x50, 0xE9, 0xE1, 0x52,
  0x92, 0x00, 0x00, 0x00, 0x00, 0x00, 0x00, 0x00, 0x90, 0x5C, 0x28, 0x05,
  0x7E, 0x71, 0x91, 0x5E, 0x24, 0x3C, 0xF6, 0x70, 0x71, 0x91, 0x6E, 0x31,
  0x50, 0x06, 0x71, 0x71, 0x91, 0x6E, 0x35, 0x50, 0xD1, 0x6E, 0x71, 0x91,
  0x6E, 0x35, 0x50, 0xDC, 0x6F, 0x71, 0x91, 0x64, 0x18, 0x46, 0x0C, 0x6B,
  0xE1, 0x92, 0x64, 0x18, 0x46, 0xF6, 0x6A, 0xE1, 0x92, 0x7E, 0xBC, 0x50,
  0xE9, 0xE1, 0x4D, 0x92, 0x00, 0x00, 0x00, 0x00, 0x00, 0x00, 0x00, 0x60,
  0x90, 0x28, 0x05, 0x7E, 0x6C, 0x91, 0x8C, 0xC4, 0x3C, 0xF6, 0x70, 0x6C,
  0x91, 0x7C, 0xD0, 0x50, 0x06, 0x71, 0x6C, 0x91, 0x84, 0xB6, 0x50, 0xDE,
  0x6E, 0x6C, 0x91, 0x84, 0xB6, 0x50, 0xE6, 0x6F, 0x6C, 0x91, 0x81, 0xB6,
  0x46, 0x0C, 0x6B, 0x78, 0x92, 0x81, 0xC8, 0x46, 0xF6, 0x6A, 0x78, 0x92,
  0xF0, 0xF0, 0xF9, 0xE9, 0xF1, 0x51, 0xF0, 0xF0, 0xF0, 0xF0, 0xF0, 0xEA,
  0xF9, 0x19, 0xF1, 0xF1, 0x11, 0xF0, 0x90, 0xF9, 0x59, 0xF2, 0xA2, 0xB1,
  0xF0, 0xA0, 0x00, 0x02, 0xD2, 0x5F, 0x88, 0x60, 0xF8, 0xF8, 0xF8, 0xF8,
  0xF8, 0x78, 0x17, 0xD5, 0x17, 0x18, 0x19, 0xFB, 0x9B, 0x39, 0x28, 0x25,
  0x83, 0x8D, 0x2B, 0x28, 0x37, 0x75, 0x83, 0x25, 0x27, 0x68, 0x29, 0xEB,
  0xF9, 0xF8, 0xF8, 0xF8, 0xF8, 0xF8, 0xF8, 0xF8, 0x68, 0x00, 0x02, 0xE6,
  0x5F, 0xA3, 0x60, 0x1E, 0x81, 0x02, 0xAD, 0xFE, 0x00, 0x22, 0x00, 0x00,
  0x02, 0x03, 0x60, 0xE5, 0x60, 0x93, 0x00, 0x0E, 0x0C, 0x00, 0x0C, 0x01,
  0x00, 0x02, 0x09, 0x60, 0xEF, 0x60, 0x15, 0x10, 0x15, 0x30, 0x15, 0x30,
  0x15, 0x30, 0x15, 0x50, 0x15, 0x10, 0x15, 0x30, 0x15, 0x70, 0x14, 0x30,
  0x14, 0x50, 0x14, 0x10, 0x14, 0x10, 0x14, 0xB0, 0x14, 0x70, 0x15, 0x30,
  0x15, 0x30, 0x14, 0x30, 0x14, 0x30, 0x14, 0x50, 0x14, 0x50, 0x14, 0x50,
  0x14, 0x30, 0x14, 0x30, 0x14, 0x30, 0x15, 0x10, 0x15, 0x50, 0x16, 0x30,
  0x16, 0x30, 0x16, 0x30, 0x16, 0x30, 0x16, 0x30, 0x16, 0x30, 0x16, 0x30,
  0x16, 0x30, 0x16, 0x30, 0x16, 0x10, 0x00, 0x02, 0x11, 0x60, 0x09, 0x61,
  0x14, 0x30, 0x14, 0x30, 0x14, 0x10, 0x14, 0x90, 0x14, 0x10, 0x14, 0x10,
  0x14, 0x30, 0x14, 0x30, 0x14, 0x70, 0x14, 0x30, 0x14, 0x10, 0x14, 0x10,
  0x14, 0x70, 0x15, 0x30, 0x15, 0x10, 0x14, 0x30, 0x14, 0x10, 0x14, 0x10,
  0x14, 0x10, 0x14, 0x10, 0x15, 0x10, 0x15, 0x30, 0x14, 0x30, 0x14, 0x30,
  0x14, 0x70, 0x14, 0x10, 0x14, 0x10, 0x14, 0x10, 0x14, 0x50, 0x14, 0x10,
  0x14, 0x50, 0x14, 0x50, 0x16, 0x30, 0x16, 0x30, 0x16, 0x30, 0x16, 0x30,
  0x16, 0x30, 0x16, 0x30, 0x16, 0x30, 0x16, 0x30, 0x16, 0x30, 0x16, 0x10,
  0x00, 0x02, 0x52, 0x60, 0x43, 0x61, 0xF0, 0xF0, 0xF0, 0x60, 0xC1, 0xF2,
  0x22, 0xF3, 0xF3, 0xC2, 0xE1, 0xF0, 0xF0, 0xF0, 0xF0, 0xE0, 0x00, 0x00,
  0x73, 0x61, 0xD8, 0x47, 0x45, 0x63, 0xB1, 0x23, 0x35, 0x27, 0xF8, 0xF8,
  0xF8, 0xF8, 0xF8, 0xF8, 0x78, 0x39, 0x4B, 0x6D, 0x7F, 0x7D, 0x5B, 0x39,
  0xF8, 0xF8, 0x38, 0x00, 0x00, 0x89, 0x61, 0xD2, 0x00, 0x00, 0x00, 0xA5,
  0x61, 0x0A, 0x00, 0x0D, 0x5F, 0x00, 0x00, 0xB9, 0x61, 0x40, 0x14, 0x10,
  0x14, 0x10, 0x14, 0x30, 0x14, 0x10, 0x14, 0x30, 0x14, 0x10, 0x14, 0x10,
  0x14, 0x30, 0x17, 0x10, 0x17, 0x10, 0x17, 0x30, 0x17, 0x10, 0x17, 0x10,
  0x17, 0x30, 0x17, 0x30, 0x17, 0x30, 0x17, 0x30, 0x17, 0x10, 0x17, 0x10,
  0x17, 0x10, 0x17, 0x10, 0x17, 0x70, 0x17, 0x30, 0x17, 0xF0, 0x16, 0x10,
  0x16, 0x10, 0x16, 0x30, 0x16, 0x10, 0x16, 0x10, 0x16, 0x20, 0x00, 0x00,
  0xBE, 0x61, 0xF0, 0xF0, 0x10, 0x17, 0x10, 0x17, 0x10, 0x17, 0xA0, 0x17,
  0x30, 0x17, 0x30, 0x17, 0x10, 0x17, 0x30, 0x17, 0x30, 0x17, 0x30, 0x17,
  0x70, 0x16, 0x10, 0x16, 0x10, 0x16, 0x10, 0x16, 0x10, 0x16, 0x10, 0x16,
  0x10, 0x16, 0x10, 0x16, 0x10, 0x16, 0x10, 0x16, 0x30, 0x16, 0x10, 0x16,
  0x10, 0x16, 0x10, 0x16, 0x00, 0x00, 0xC9, 0x61, 0xF0, 0x80, 0xF9, 0x29,
  0xFA, 0xFA, 0xBA, 0x69, 0xF0, 0x50, 0x71, 0xB2, 0x41, 0x49, 0xFA, 0x4A,
  0xFB, 0x8A, 0x92, 0x73, 0x21, 0xF0, 0x20, 0x00, 0x00, 0x73, 0x61, 0xF8,
  0x58, 0x55, 0x18, 0x5B, 0x18, 0x55, 0x18, 0x5B, 0x18, 0x55, 0x18, 0x5B,
  0x18, 0x55, 0x18, 0x5B, 0x18, 0x55, 0x18, 0x5B, 0x18, 0x55, 0x18, 0x5B,
  0x18, 0x55, 0x18, 0x5B, 0x18, 0x55, 0x18, 0x5B, 0x18, 0x55, 0x18, 0x5B,
  0x18, 0x55, 0x18, 0x5B, 0x18, 0x55, 0x18, 0x5B, 0x18, 0x55, 0x18, 0x5B,
  0x18, 0x55, 0x18, 0x5B, 0x18, 0x55, 0x18, 0x5B, 0x18, 0x55, 0x18, 0x5B,
  0xB8, 0x00, 0x00, 0x89, 0x61, 0x14, 0x00, 0xB2, 0xC1, 0x0C, 0x00, 0x00,
  0x00, 0xA5, 0x61, 0x0A, 0x00, 0x09, 0x01, 0x00, 0x06, 0x29, 0x00, 0x09,
  0x04, 0x00, 0x06, 0x2A, 0x00, 0x09, 0x02, 0x00, 0x03, 0x01, 0x00, 0x0D,
  0x04, 0x00, 0x00, 0xB9, 0x61, 0xA0, 0x13, 0x70, 0x17, 0x10, 0x17, 0x10,
  0x17, 0x10, 0x17, 0x10, 0x17, 0x10, 0x17, 0x50, 0x17, 0x10, 0x17, 0x50,
  0x17, 0x30, 0x17, 0x10, 0x17, 0x10, 0x17, 0x10, 0x17, 0x30, 0x17, 0x10,
  0x17, 0x30, 0x17, 0x10, 0x17, 0x70, 0x17, 0x10, 0x17, 0x10, 0x17, 0x10,
  0x17, 0xD0, 0x17, 0x10, 0x17, 0x10, 0x17, 0x50, 0x16, 0x10, 0x16, 0x00,
  0x00, 0xBE, 0x61, 0x16, 0x30, 0x16, 0x30, 0x16, 0x10, 0x13, 0xB0, 0x17,
  0x10, 0x17, 0x10, 0x17, 0x10, 0x17, 0x90, 0x17, 0x10, 0x17, 0x70, 0x17,
  0xF0, 0x17, 0x10, 0x17, 0x10, 0x17, 0x10, 0x17, 0x10, 0x17, 0x10, 0x17,
  0x10, 0x17, 0x10, 0x17, 0x10, 0x17, 0x10, 0x17, 0xD0, 0x17, 0x80, 0x00,
  0x00, 0xC9, 0x61, 0xF0, 0xF0, 0x50, 0xCA, 0x11, 0xA2, 0x61, 0x80, 0xF9,
  0x19, 0xF1, 0xA1, 0xF2, 0xF1, 0xB1, 0xF0, 0xF0, 0x60, 0x00, 0x00, 0xD4,
  0x61, 0xFD, 0x3B, 0x48, 0xF1, 0x13, 0xF8, 0xD8, 0xF5, 0x55, 0x63, 0x81,
  0x23, 0x25, 0x18, 0x29, 0x4B, 0x4D, 0xBF, 0xAD, 0xBB, 0x29, 0xF8, 0xF8,
  0xB8, 0x00, 0x00, 0x09, 0x62, 0x2C, 0x00, 0x02, 0xBD, 0x0C, 0x81, 0x66,
  0x45, 0x02, 0x59, 0x12, 0x81, 0x02, 0xAD, 0x08, 0x00, 0x00, 0x00, 0x5D,
  0x62, 0x5F, 0x00, 0x00, 0x77, 0x62, 0xF0, 0xF0, 0xF1, 0xF1, 0xF1, 0x61,
  0xE0, 0x00, 0x00, 0x94, 0x62, 0xF0, 0xF0, 0xF1, 0xF1, 0xF1, 0x61, 0xE0,
  0x00, 0x00, 0x14, 0x63, 0x30, 0xF9, 0x89, 0xF1, 0x51, 0x90, 0xB9, 0xF1,
  0x51, 0xB2, 0x10, 0xF2, 0x82, 0x91, 0x99, 0xFA, 0x7A, 0x10, 0xFA, 0x3A,
  0xC9, 0xF0, 0x20, 0x5A, 0x2B, 0x2A, 0x29, 0x21, 0x22, 0xA3, 0x52, 0xA1,
  0xF0, 0xF0, 0xF0, 0xF0, 0xF0, 0xF0, 0xF0, 0xF0, 0xF0, 0xF0, 0x30, 0xF1,
  0x41, 0xC2, 0x61, 0x59, 0x60, 0x00, 0x00, 0xD4, 0x61, 0xF8, 0xF8, 0xF8,
  0xA8, 0x45, 0xA3, 0xCD, 0x4B, 0xF8, 0xF8, 0xF8, 0x68, 0x47, 0x55, 0xF3,
  0x33, 0xF1, 0x1B, 0x6F, 0xFD, 0x7D, 0xFB, 0xFB, 0xFB, 0x49, 0x38, 0x57,
  0x45, 0x13, 0x11, 0xC3, 0x21, 0x6F, 0x3D, 0x2B, 0x19, 0x28, 0x17, 0x25,
  0x33, 0x51, 0x23, 0x15, 0x17, 0x18, 0x19, 0x2B, 0x3D, 0x5B, 0x29, 0xE8,
  0x17, 0x15, 0x23, 0x25, 0x17, 0x19, 0x2B, 0x2D, 0x1B, 0x19, 0xA8, 0x19,
  0x1B, 0x2D, 0x1B, 0x19, 0x18, 0x17, 0x15, 0x23, 0x15, 0x17, 0xF8, 0xF8,
  0xF8, 0xF8, 0x78, 0x2B, 0x38, 0x00, 0x00, 0x09, 0x62, 0xFE, 0x00, 0x24,
  0x00, 0x22, 0x8E, 0x02, 0x9E, 0x1E, 0x00, 0x0A, 0x81, 0x02, 0xAD, 0x16,
  0x00, 0x06, 0x8E, 0x02, 0x9E, 0x34, 0x00, 0x00, 0x00, 0x5D, 0x62, 0x2A,
  0x00, 0x07, 0x02, 0x00, 0x03, 0x04, 0x00, 0x07, 0x02, 0x00, 0x03, 0x1B,
  0x00, 0x08, 0x02, 0x00, 0x03, 0x63, 0x00, 0x08, 0x01, 0x00, 0x03, 0x2E,
  0x00, 0x00, 0x77, 0x62, 0x30, 0x16, 0x10, 0x16, 0x10, 0x16, 0x60, 0x19,
  0x10, 0x19, 0x10, 0x19, 0x50, 0x17, 0x10, 0x17, 0x10, 0x17, 0x10, 0x17,
  0x30, 0x17, 0x10, 0x17, 0x30, 0x19, 0x10, 0x19, 0x10, 0x19, 0x10, 0x19,
  0x90, 0x19, 0x10, 0x19, 0x10, 0x19, 0x30, 0x17, 0x10, 0x18, 0x10, 0x18,
  0x30, 0x17, 0x10, 0x17, 0x70, 0x18, 0x10, 0x18, 0xF0, 0x16, 0x10, 0x16,
  0x10, 0x16, 0x30, 0x19, 0x10, 0x19, 0x10, 0x19, 0x30, 0x16, 0x10, 0x16,
  0x10, 0x16, 0xB0, 0x14, 0x30, 0x14, 0x30, 0x14, 0x10, 0x15, 0x10, 0x15,
  0x50, 0x14, 0x10, 0x14, 0x50, 0x14, 0x10, 0x14, 0x50, 0x15, 0x10, 0x15,
  0x10, 0x15, 0x30, 0x14, 0x30, 0x14, 0x30, 0x14, 0x10, 0x14, 0x30, 0x16,
  0x10, 0x16, 0x10, 0x16, 0x30, 0x16, 0x90, 0x19, 0x10, 0x19, 0x10, 0x19,
  0x10, 0x19, 0x10, 0x19, 0x70, 0x16, 0x10, 0x16, 0x00, 0x00, 0x94, 0x62,
  0x20, 0x18, 0x10, 0x18, 0x10, 0x18, 0x10, 0x18, 0x30, 0x17, 0x10, 0x17,
  0x10, 0x17, 0x70, 0x17, 0x10, 0x17, 0x10, 0x17, 0x10, 0x17, 0x10, 0x17,
  0x50, 0x19, 0x10, 0x19, 0x10, 0x19, 0x10, 0x19, 0x10, 0x19, 0x10, 0x19,
  0xF0, 0x17, 0x30, 0x17, 0x30, 0x18, 0x10, 0x18, 0x10, 0x18, 0x10, 0x18,
  0x70, 0x16, 0x10, 0x16, 0x10, 0x16, 0x10, 0x16, 0x30, 0x16, 0x30, 0x16,
  0x90, 0x19, 0x10, 0x19, 0x10, 0x19, 0x10, 0x19, 0xF0, 0x60, 0x15, 0x10,
  0x15, 0x10, 0x15, 0x50, 0x15, 0x30, 0x15, 0x30, 0x14, 0x30, 0x14, 0x50,
  0x14, 0x30, 0x14, 0x30, 0x14, 0xB0, 0x14, 0x10, 0x14, 0x10, 0x14, 0x90,
  0x19, 0x10, 0x19, 0x10, 0x19, 0x10, 0x19, 0x10, 0x19, 0x30, 0x19, 0x10,
  0x19, 0x50, 0x16, 0x10, 0x16, 0x20, 0x00, 0x00, 0x14, 0x63, 0xFF, 0xFF,
  0xFF, 0xFF, 0x9F, 0x9E, 0x38, 0x1D, 0x9F, 0xE3, 0xE0, 0x0D, 0xBE, 0x3E,
  0x20, 0x0F, 0xBF, 0xE0, 0x00, 0x0F, 0xBA, 0x00, 0x20, 0x0F, 0xBE, 0x2A,
  0x10, 0x2F, 0xF6, 0x41, 0x11, 0x47, 0xFC, 0x00, 0x50, 0x07, 0xF8, 0x3E,
  0x04, 0x3F, 0xEC, 0xCF, 0x09, 0xCF, 0xFF, 0xFF, 0xDB, 0xFF, 0xEF, 0xFF,
  0xFF, 0xFF, 0xDE, 0xFF, 0xFF, 0xFF, 0xFD, 0xFF, 0xE7, 0xFF, 0xEA, 0xFF,
  0xE7, 0xFF, 0xC1, 0xDD, 0x43, 0x7D, 0xCA, 0xAA, 0xC2, 0xAB, 0xAB, 0xD5,
  0xA3, 0x57, 0xAA, 0x7F, 0xC0, 0xFD, 0xA3, 0x01, 0x22, 0x01, 0xA6, 0x83,
  0x01, 0x05, 0x97, 0x07, 0xE3, 0x09, 0x97, 0x87, 0xFC, 0x95, 0x8F, 0x4D,
  0xF0, 0x09, 0x87, 0xE8, 0x41, 0x11, 0x87, 0xD0, 0xFF, 0x09, 0x86, 0xE9,
  0xF8, 0x19, 0x87, 0x50, 0x00, 0xA9, 0x87, 0xAB, 0x07, 0x11, 0x8F, 0xD1,
  0xFC, 0x31, 0x8D, 0xA8, 0xF0, 0x51, 0x9E, 0xD0, 0x00, 0x31, 0xBD, 0xFA,
  0x11, 0x6D, 0xCA, 0xFD, 0x3A, 0xE3, 0x88, 0x7F, 0xFF, 0xA5, 0x98, 0xBF,
  0xFF, 0x23, 0x98, 0x57, 0xFF, 0x25, 0xD8, 0x0A, 0xEB, 0xAB, 0xFF, 0xFF,
  0xFF, 0xFF, 0x78, 0x70, 0x30, 0x30, 0x78, 0x70, 0x70, 0x30, 0x78, 0x70,
  0x70, 0x30, 0x78, 0x70, 0x30, 0x30, 0x70, 0x70, 0x30, 0x28, 0x06, 0x00,
  0x1E, 0xBC, 0x64, 0xBC, 0x64, 0x05, 0x00, 0x16, 0x70, 0x65, 0x70, 0x65,
  0x03, 0x00, 0x0F, 0xDE, 0x65, 0xDE, 0x65, 0x03, 0x00, 0x0F, 0xDE, 0x65,
  0xDE, 0x65, 0x03, 0x01, 0x08, 0x1A, 0x69, 0x1A, 0x69, 0x03, 0x01, 0x08,
  0x1A, 0x69, 0x4A, 0x69, 0x06, 0x00, 0x27, 0x0B, 0x66, 0x0B, 0x66, 0x05,
  0x00, 0x1D, 0xF5, 0x66, 0xF5, 0x66, 0x03, 0x00, 0x14, 0x86, 0x67, 0x86,
  0x67, 0x03, 0x00, 0x14, 0x86, 0x67, 0x86, 0x67, 0x02, 0x01, 0x0C, 0x7A,
  0x69, 0xAA, 0x69, 0x02, 0x01, 0x0C, 0x7A, 0x69, 0xAA, 0x69, 0x06, 0x00,
  0x1F, 0xC2, 0x67, 0xC2, 0x67, 0x05, 0x00, 0x16, 0x7C, 0x68, 0x7C, 0x68,
  0x03, 0x00, 0x10, 0xEA, 0x68, 0xEA, 0x68, 0x03, 0x00, 0x10, 0xEA, 0x68,
  0xEA, 0x68, 0x03, 0x01, 0x09, 0xDA, 0x69, 0x10, 0x6A, 0x03, 0x01, 0x09,
  0xDA, 0x69, 0x10, 0x6A, 0x07, 0xFF, 0xFF, 0xFF, 0xFF, 0xF0, 0x3F, 0xFF,
  0xFF, 0xFF, 0xFF, 0xFE, 0x7F, 0xFF, 0xFF, 0xFF, 0xFF, 0xFF, 0x7E, 0x5F,
  0xFF, 0xFF, 0xFD, 0x3F, 0x79, 0xFF, 0xFF, 0xFF, 0xFF, 0xCF, 0x3B, 0xFF,
  0xFF, 0xFF, 0xFF, 0xEE, 0x1E, 0xAB, 0xAA, 0xAA, 0xEA, 0xBC, 0x14, 0x07,
  0xFF, 0xFF, 0xF0, 0x14, 0x22, 0xBF, 0x6F, 0xFE, 0xDE, 0xA2, 0x2F, 0xFE,
  0x4E, 0xAC, 0x9F, 0xFA, 0x3F, 0xFF, 0xFD, 0x57, 0xFF, 0xFE, 0x3F, 0xF7,
  0xA4, 0x0A, 0xFF, 0xFE, 0x37, 0x2A, 0x80, 0x00, 0xBF, 0xFE, 0x2A, 0x57,
  0x00, 0x00, 0x61, 0xFE, 0x22, 0xFF, 0x55, 0x55, 0x5E, 0x7E, 0x25, 0xC3,
  0xAA, 0xAA, 0xA1, 0x9A, 0x57, 0x29, 0xFF, 0xFF, 0xCA, 0x6D, 0x6C, 0x01,
  0x2A, 0xAA, 0x40, 0x1B, 0x74, 0x01, 0x35, 0x56, 0x40, 0x1F, 0x77, 0x55,
  0xFF, 0xFF, 0xD5, 0x7F, 0x39, 0xC3, 0x80, 0x00, 0xE1, 0xDE, 0x08, 0x7F,
  0xEA, 0xAB, 0xFF, 0x08, 0x0D, 0x03, 0xFF, 0xFF, 0xE0, 0x58, 0x03, 0xB1,
  0x55, 0x55, 0x46, 0xE0, 0x38, 0xFF, 0xE0, 0x03, 0xFF, 0x8E, 0x4C, 0x75,
  0x7F, 0xFF, 0x57, 0x19, 0x5F, 0xFF, 0xFF, 0xFF, 0xFF, 0xFD, 0x48, 0x00,
  0x00, 0x00, 0x00, 0x09, 0x67, 0xFF, 0xFF, 0xFF, 0xFF, 0xF3, 0x1C, 0x00,
  0x00, 0x00, 0x00, 0x1C, 0x07, 0xFF, 0xFF, 0xFF, 0xE0, 0x3F, 0xFF, 0xFF,
  0xFF, 0xF8, 0x3F, 0xFF, 0xFF, 0xFF, 0xFC, 0x32, 0xFF, 0xFF, 0xFE, 0x9C,
  0x37, 0xFF, 0xFF, 0xFF, 0xD8, 0x18, 0x1F, 0xFF, 0xF0, 0x30, 0x25, 0x7B,
  0x7F, 0x6D, 0x48, 0x2F, 0xF2, 0x66, 0x4F, 0xE8, 0x3F, 0x5F, 0xC3, 0xFF,
  0xF8, 0x36, 0x25, 0x01, 0x5F, 0xF8, 0x28, 0x78, 0x00, 0x3F, 0xF8, 0x21,
  0x8D, 0x55, 0x63, 0xA8, 0x16, 0x2F, 0xFF, 0xE8, 0xD4, 0x34, 0x09, 0x55,
  0x20, 0x7C, 0x37, 0x1F, 0xFF, 0xF1, 0xFC, 0x08, 0xFE, 0xAA, 0xFE, 0x10,
  0x06, 0x0F, 0xFF, 0xF0, 0x60, 0x03, 0x6F, 0x49, 0x76, 0xC0, 0x24, 0xDB,
  0xFF, 0xDB, 0x24, 0x2F, 0xFF, 0xFF, 0xFF, 0xF4, 0x37, 0xFF, 0xFF, 0xFF,
  0xEC, 0x18, 0x00, 0x00, 0x00, 0x30, 0x7F, 0xFF, 0xFE, 0xE7, 0xFF, 0xE7,
  0xDF, 0xFF, 0xFB, 0x63, 0xFF, 0xC6, 0xDF, 0x5A, 0xFA, 0xFF, 0xE7, 0xFF,
  0xCF, 0x00, 0x7F, 0x99, 0xFF, 0x9F, 0xA1, 0x00, 0x87, 0xBB, 0xFF, 0xDF,
  0x66, 0xFF, 0x76, 0x11, 0xA5, 0xB8, 0xEA, 0xFF, 0xF7, 0xBF, 0xFF, 0xFD,
  0x60, 0x00, 0x06, 0x0F, 0xFF, 0xFF, 0xFF, 0xFF, 0xF0, 0x1F, 0xFF, 0xFF,
  0xFF, 0xFF, 0xF8, 0x7F, 0xFF, 0xFF, 0xFF, 0xFF, 0xFE, 0x7C, 0xAF, 0xFF,
  0xFF, 0xF5, 0x3E, 0x79, 0x7F, 0xFF, 0xFF, 0xFE, 0x9E, 0x7B, 0xFF, 0xC0,
  0x01, 0xFF, 0xDE, 0x3B, 0xFF, 0xC0, 0x01, 0xFF, 0xDC, 0x3B, 0xF8, 0xE0,
  0x03, 0x8F, 0xDC, 0x1B, 0xF5, 0xD5, 0x55, 0xD7, 0xD8, 0x0F, 0xFF, 0xFF,
  0xFF, 0xFF, 0xF0, 0x1F, 0xFF, 0xFF, 0xFF, 0xFF, 0xF8, 0x10, 0x00, 0x00,
  0x00, 0x00, 0x08, 0x2A, 0xBF, 0xFF, 0xFF, 0xFD, 0x54, 0x35, 0x45, 0x55,
  0x55, 0x52, 0xAC, 0x2E, 0x00, 0x00, 0x00, 0x00, 0x74, 0x3C, 0x00, 0x00,
  0x00, 0x00, 0x3C, 0x46, 0x00, 0x00, 0x00, 0x00, 0x62, 0x44, 0x00, 0x00,
  0x00, 0x00, 0x22, 0x46, 0x00, 0x00, 0x00, 0x00, 0x62, 0x3E, 0xAA, 0xAA,
  0xAA, 0xAA, 0xBE, 0x47, 0xFF, 0xFF, 0xFF, 0xFF, 0xE2, 0x40, 0x00, 0x00,
  0x00, 0x00, 0x02, 0x40, 0x00, 0x00, 0x00, 0x00, 0x02, 0x3F, 0xFF, 0xFF,
  0xFF, 0xFF, 0xFC, 0x1E, 0x6A, 0xAB, 0xAA, 0xAA, 0x78, 0x03, 0xBF, 0xFF,
  0xFF, 0xFD, 0xC0, 0x03, 0xC0, 0xC1, 0x83, 0x03, 0xC0, 0x06, 0x3F, 0x3E,
  0x7C, 0xFC, 0x60, 0x0B, 0xAB, 0x2A, 0x54, 0xD5, 0xD0, 0x09, 0x5F, 0x3E,
  0x7C, 0xFA, 0x90, 0x11, 0x5F, 0x3E, 0x7C, 0xFA, 0x88, 0x11, 0x5F, 0x3E,
  0x7C, 0xFA, 0x88, 0x11, 0x2F, 0x3E, 0x7C, 0xF4, 0x88, 0x11, 0xAF, 0x3E,
  0x7C, 0xF5, 0x88, 0x0A, 0x6F, 0x3E, 0x7C, 0xF6, 0x50, 0x07, 0x97, 0x3E,
  0x7C, 0xE9, 0xE0, 0x00, 0x70, 0x00, 0x00, 0x0E, 0x00, 0x00, 0x08, 0x00,
  0x00, 0x10, 0x00, 0x00, 0x07, 0xFF, 0xFF, 0xE0, 0x00, 0x07, 0xFF, 0xFF,
  0xFF, 0xE0, 0x0F, 0xFF, 0xFF, 0xFF, 0xF0, 0x1F, 0xFF, 0xFF, 0xFF, 0xFC,
  0x1D, 0x7F, 0xFF, 0xFE, 0xBC, 0x1B, 0xFF, 0x00, 0x7F, 0xDC, 0x1B, 0xF3,
  0x00, 0x67, 0xD8, 0x0B, 0xEF, 0xA2, 0xFB, 0xD0, 0x07, 0xFF, 0xFF, 0xFF,
  0xE0, 0x08, 0x00, 0x00, 0x00, 0x10, 0x16, 0xBF, 0xFF, 0xFD, 0x68, 0x15,
  0x40, 0x00, 0x02, 0xA8, 0x1C, 0x00, 0x00, 0x00, 0x38, 0x22, 0x00, 0x00,
  0x00, 0x44, 0x22, 0x00, 0x00, 0x00, 0x44, 0x3E, 0xAA, 0xA5, 0x55, 0x3C,
  0x20, 0x00, 0x00, 0x00, 0x04, 0x20, 0x00, 0x00, 0x00, 0x04, 0x1F, 0xFF,
  0xFF, 0xFF, 0xF8, 0x03, 0xBF, 0xFF, 0xFD, 0xC0, 0x03, 0xC2, 0x18, 0x43,
  0xC0, 0x07, 0x95, 0xA5, 0xA9, 0xE0, 0x05, 0x3D, 0xE7, 0xBC, 0xA0, 0x09,
  0x3D, 0xE7, 0xBC, 0x90, 0x09, 0x5D, 0xE7, 0xBA, 0x90, 0x09, 0xDD, 0xE7,
  0xBB, 0x90, 0x03, 0xAD, 0xE7, 0xB5, 0xC0, 0x00, 0x60, 0x00, 0x06, 0x00,
  0x00, 0x10, 0x00, 0x08, 0x00, 0x00, 0x0F, 0xFF, 0xF0, 0x00, 0x7F, 0xFF,
  0xFE, 0xEF, 0xFF, 0xF7, 0xDF, 0x81, 0xFB, 0x5E, 0xC3, 0x7A, 0x3F, 0xFF,
  0xFC, 0x40, 0x00, 0x02, 0x7F, 0xFF, 0xFF, 0xA8, 0x00, 0x15, 0xA0, 0x00,
  0x05, 0x6A, 0xAA, 0xAE, 0x80, 0x00, 0x01, 0x7F, 0xFF, 0xFE, 0x1C, 0x00,
  0x18, 0x11, 0xB6, 0xC4, 0x2D, 0xB6, 0xDA, 0x29, 0xB6, 0xCA, 0x29, 0xB6,
  0xCA, 0x1E, 0xB6, 0xBC, 0x01, 0x00, 0x40, 0x00, 0xFF, 0x80, 0x00, 0x3F,
  0xFF, 0xFF, 0xF0, 0x00, 0x0F, 0xFF, 0xFF, 0xFF, 0xFF, 0xE0, 0x7F, 0xFF,
  0xFF, 0xFF, 0xFF, 0xFC, 0x7C, 0xAF, 0xFF, 0xFF, 0xEA, 0x7C, 0xFB, 0xFF,
  0xFF, 0xFF, 0xFF, 0xBE, 0xFB, 0xFF, 0xFF, 0xFF, 0xFF, 0xBE, 0xFF, 0xFF,
  0xFF, 0xFF, 0xFF, 0xFE, 0x6A, 0xAA, 0xAA, 0xAA, 0xAA, 0xAE, 0x7F, 0xFF,
  0xFF, 0xFF, 0xFF, 0xFC, 0x40, 0x00, 0x00, 0x00, 0x00, 0x04, 0x40, 0x00,
  0x00, 0x00, 0x00, 0x04, 0x3F, 0xFF, 0xFF, 0xFF, 0xFF, 0xF8, 0x20, 0x00,
  0x00, 0x00, 0x00, 0x08, 0x7F, 0xFF, 0xFF, 0xFF, 0xFF, 0xFC, 0x4F, 0x7F,
  0xFF, 0xFF, 0xFD, 0xE4, 0x4F, 0x55, 0x40, 0x05, 0x55, 0xE4, 0x4F, 0x2A,
  0xC0, 0x06, 0xAA, 0xE4, 0x3E, 0x55, 0x40, 0x05, 0x54, 0xFC, 0x3F, 0xFF,
  0xFF, 0xFF, 0xFF, 0xF8, 0x2C, 0x00, 0x00, 0x00, 0x00, 0x68, 0x17, 0xFF,
  0xFF, 0xFF, 0xFF, 0xD0, 0x2C, 0xFF, 0xFF, 0xFF, 0xFE, 0x68, 0x46, 0x00,
  0x00, 0x00, 0x00, 0xC4, 0x43, 0xFF, 0xFF, 0xFF, 0xFF, 0x84, 0x3F, 0xA0,
  0x00, 0x1F, 0x0B, 0xF8, 0x01, 0xD0, 0x00, 0x3F, 0x17, 0x00, 0x00, 0xC8,
  0x00, 0x3F, 0x26, 0x00, 0x00, 0x66, 0x00, 0x1E, 0xCC, 0x00, 0x00, 0x11,
  0xFF, 0xFF, 0x18, 0x00, 0x00, 0x0C, 0x00, 0x00, 0x60, 0x00, 0x00, 0x03,
  0xFF, 0xFF, 0x80, 0x00, 0x00, 0x7F, 0xFF, 0xF8, 0x00, 0x07, 0xFF, 0xFF,
  0xFF, 0xE0, 0x3C, 0xBF, 0xFF, 0xFA, 0x78, 0x7B, 0xFF, 0xFF, 0xFF, 0xBC,
  0x7F, 0xFF, 0xFF, 0xFF, 0xFC, 0x35, 0x55, 0x55, 0x55, 0x5C, 0x3F, 0xFF,
  0xFF, 0xFF, 0xF8, 0x20, 0x00, 0x00, 0x00, 0x08, 0x15, 0x55, 0x55, 0x55,
  0x50, 0x3F, 0xFF, 0xFF, 0xFF, 0xF8, 0x26, 0xFF, 0xFF, 0xFE, 0xC8, 0x26,
  0x54, 0x00, 0xD4, 0xC8, 0x1E, 0xAC, 0x00, 0xAA, 0xF8, 0x1D, 0x55, 0x55,
  0x55, 0x70, 0x0F, 0xFF, 0xFF, 0xFF, 0xE0, 0x14, 0xFF, 0xFF, 0xFE, 0x50,
  0x27, 0x80, 0x00, 0x03, 0xC8, 0x1F, 0x40, 0x03, 0xC5, 0xF0, 0x01, 0xA0,
  0x07, 0xCB, 0x00, 0x00, 0xD8, 0x03, 0xB6, 0x00, 0x00, 0x27, 0xFF, 0xC8,
  0x00, 0x00, 0x1F, 0xFF, 0xF0, 0x00, 0x07, 0xFF, 0xE0, 0x7F, 0xFF, 0xFE,
  0xE7, 0xFF, 0xE7, 0xDF, 0xFF, 0xFB, 0x6A, 0xB5, 0x56, 0x80, 0x00, 0x01,
  0x6F, 0xFF, 0xF6, 0xBA, 0x81, 0x5D, 0xB5, 0x5A, 0xAD, 0x7F, 0xFF, 0xFE,
  0x6F, 0xFF, 0xFA, 0x50, 0x00, 0x05, 0x3A, 0x03, 0x2E, 0x0D, 0x07, 0x58,
  0x06, 0x7F, 0x30, 0x01, 0xFF, 0xC0, 0x00, 0xFF, 0x01, 0xFE, 0xFF, 0x00,
  0x80, 0x7F, 0x03, 0xFC, 0xFF, 0x00, 0x00, 0xDD, 0x01, 0x5E, 0xFF, 0x00,
  0x00, 0xB7, 0x01, 0xEE, 0xFF, 0x00, 0x00, 0xA6, 0x01, 0xA6, 0xFF, 0x00,
  0x80, 0x5F, 0x03, 0xFC, 0xFF, 0x00, 0x40, 0xBA, 0x05, 0xBA, 0xFF, 0x00,
  0x00, 0xFF, 0x01, 0xFE, 0xFF, 0x00, 0xF0, 0x0F, 0x00, 0xFF, 0x1F, 0xE0,
  0xF8, 0x07, 0x00, 0xFF, 0x3F, 0xC0, 0xF0, 0x0D, 0x00, 0xD5, 0x1F, 0xE0,
  0xF0, 0x0B, 0x00, 0x7E, 0x1F, 0xE0, 0xF0, 0x0A, 0x00, 0x6A, 0x1F, 0x60,
  0xF8, 0x05, 0x00, 0xFF, 0x3F, 0xC0, 0xF4, 0x0B, 0x00, 0xAB, 0x5F, 0xA0,
  0xF0, 0x0F, 0x00, 0xFF, 0x1F, 0xE0, 0x00, 0xFF, 0x07, 0xF8, 0x00, 0xDF,
  0x07, 0xD8, 0x00, 0xF8, 0x07, 0xF8, 0x00, 0xAA, 0x07, 0xA8, 0x00, 0x80,
  0x07, 0x08, 0x00, 0x80, 0x07, 0x08, 0x00, 0xEA, 0x07, 0xB8, 0x80, 0x55,
  0x0F, 0x50, 0x00, 0x95, 0x07, 0x48, 0x00, 0xD5, 0x07, 0x58, 0x80, 0x60,
  0x0F, 0x30, 0xE0, 0x1F, 0x3F, 0xC0, 0xE0, 0x1F, 0x00, 0xFF, 0xE0, 0x1B,
  0x00, 0xFB, 0xE0, 0x1F, 0x00, 0x1F, 0xE0, 0x15, 0x00, 0x55, 0xE0, 0x10,
  0x00, 0x01, 0xE0, 0x10, 0x00, 0x01, 0xE0, 0x1D, 0x00, 0x57, 0xF0, 0x0A,
  0x01, 0xAA, 0xE0, 0x12, 0x00, 0xA9, 0xE0, 0x1A, 0x00, 0xAB, 0xF0, 0x0C,
  0x01, 0x06, 0xFC, 0x03, 0x07, 0xF8, 0x80, 0x7F, 0x01, 0xFE, 0xFF, 0x00,
  0x00, 0xEF, 0x00, 0xF7, 0xFF, 0x00, 0x00, 0xD5, 0x00, 0x53, 0xFF, 0x00,
  0x80, 0x4A, 0x01, 0xA2, 0xFF, 0x00, 0x80, 0x77, 0x01, 0xDE, 0xFF, 0x00,
  0x80, 0x60, 0x01, 0x06, 0xFF, 0x00, 0x80, 0x5F, 0x01, 0xFA, 0xFF, 0x00,
  0xC7, 0x28, 0xA3, 0x54, 0xFF, 0x00, 0xF0, 0x0F, 0x0F, 0xF0, 0xFF, 0x00,
  0xF8, 0x07, 0x00, 0xFF, 0x1F, 0xE0, 0xF0, 0x0E, 0x00, 0xFF, 0x0F, 0x70,
  0xF0, 0x0D, 0x00, 0x55, 0x0F, 0x30, 0xF8, 0x04, 0x00, 0xAA, 0x1F, 0x20,
  0xF8, 0x07, 0x00, 0x7D, 0x1F, 0xE0, 0xF8, 0x06, 0x00, 0x00, 0x1F, 0x60,
  0xF8, 0x05, 0x00, 0xFF, 0x1F, 0xA0, 0xFC, 0x02, 0x7A, 0x85, 0x3F, 0x40,
  0xFF, 0x00, 0x00, 0xFF, 0xFF, 0x00, 0x02, 0x01, 0x05, 0x9A, 0x6A, 0x9A,
  0x6A, 0x02, 0x01, 0x04, 0xAE, 0x6A, 0xBE, 0x6A, 0x02, 0x01, 0x03, 0xCE,
  0x6A, 0xDA, 0x6A, 0x01, 0x01, 0x02, 0xE6, 0x6A, 0xEA, 0x6A, 0x01, 0x01,
  0x02, 0xE6, 0x6A, 0xEA, 0x6A, 0x01, 0x01, 0x01, 0xEE, 0x6A, 0xF0, 0x6A,
  0x01, 0x01, 0x01, 0xF2, 0x6A, 0xF4, 0x6A, 0x01, 0x01, 0x01, 0xF2, 0x6A,
  0xF4, 0x6A, 0x01, 0x01, 0x01, 0xF2, 0x6A, 0xF4, 0x6A, 0x01, 0x01, 0x01,
  0xF2, 0x6A, 0xF4, 0x6A, 0x01, 0x01, 0x01, 0xF2, 0x6A, 0xF4, 0x6A, 0x01,
  0x01, 0x01, 0xF2, 0x6A, 0xF4, 0x6A, 0x00, 0xFF, 0x1F, 0xE0, 0x00, 0x82,
  0x0F, 0xF0, 0x00, 0x81, 0x1F, 0x60, 0x80, 0x63, 0x3F, 0xC0, 0xE0, 0x1F,
  0xFF, 0x00, 0x00, 0xFF, 0xFF, 0x00, 0x00, 0x87, 0x7F, 0x80, 0x80, 0x43,
  0xFF, 0x00, 0xC1, 0x36, 0xFF, 0x00, 0xF0, 0x0F, 0x0F, 0xF0, 0xF0, 0x08,
  0x07, 0x78, 0xF8, 0x04, 0x0F, 0x30, 0xFC, 0x03, 0x1F, 0x60, 0x07, 0xF8,
  0xFF, 0x00, 0x03, 0x94, 0xFF, 0x00, 0x87, 0x58, 0xFF, 0x00, 0xF0, 0x0F,
  0x7F, 0x80, 0xF0, 0x09, 0x3F, 0x40, 0xF8, 0x05, 0x7F, 0x80, 0x0F, 0xF0,
  0x1F, 0xA0, 0xF0, 0x0F, 0xF1, 0x0A, 0x3F, 0xC0, 0xF3, 0x0C, 0x1F, 0x40,
  0xF1, 0x04, 0x22, 0x6B, 0x24, 0x00, 0x1C, 0x00, 0x18, 0x07, 0x18, 0x07,
  0x14, 0x0E, 0x14, 0x0E, 0x14, 0x15, 0x10, 0x15, 0x10, 0x1C, 0x10, 0x1C,
  0x22, 0x6B, 0x24, 0x23, 0x1C, 0x23, 0x18, 0x2A, 0x18, 0x2A, 0x14, 0x31,
  0x14, 0x31, 0x14, 0x38, 0x10, 0x38, 0x10, 0x3F, 0x10, 0x3F, 0x04, 0x00,
  0x28, 0x68, 0x6B, 0x68, 0x6B, 0x03, 0x00, 0x1E, 0x08, 0x6C, 0x08, 0x6C,
  0x02, 0x00, 0x14, 0x62, 0x6C, 0x62, 0x6C, 0x02, 0x01, 0x10, 0x8A, 0x6C,
  0x8A, 0x6C, 0x02, 0x01, 0x0D, 0xCA, 0x6C, 0xFE, 0x6C, 0x04, 0x02, 0x28,
  0x68, 0x6B, 0x68, 0x6B, 0x03, 0x02, 0x1E, 0x08, 0x6C, 0x08, 0x6C, 0x02,
  0x02, 0x14, 0x62, 0x6C, 0x62, 0x6C, 0x02, 0x03, 0x10, 0x8A, 0x6C, 0x8A,
  0x6C, 0x02, 0x03, 0x0D, 0xCA, 0x6C, 0xFE, 0x6C, 0x0F, 0xFF, 0xFF, 0xF0,
  0x7F, 0xFF, 0xFF, 0xFE, 0xFF, 0xFF, 0xFF, 0xFF, 0xFF, 0xFF, 0xFF, 0xFF,
  0x61, 0xFF, 0xFF, 0xAE, 0x25, 0x00, 0x00, 0xD4, 0x2B, 0x00, 0x00, 0xAC,
  0x3F, 0x00, 0x00, 0xFC, 0xFF, 0xFF, 0xFF, 0xFF, 0xFF, 0xFF, 0xFF, 0xFF,
  0xFF, 0xFF, 0xFF, 0xFF, 0xE0, 0x01, 0x55, 0x57, 0xE0, 0x00, 0x02, 0xAF,
  0xE0, 0x1C, 0x00, 0x17, 0xE0, 0x1C, 0x00, 0x0F, 0xE0, 0x1C, 0x00, 0x17,
  0xE0, 0x1C, 0x00, 0x0F, 0xE0, 0x1C, 0x00, 0x17, 0xE0, 0x1C, 0x00, 0x0F,
  0xE0, 0x1C, 0x00, 0x17, 0xE0, 0x1C, 0x00, 0x0F, 0xE0, 0x1C, 0x00, 0x07,
  0xE0, 0x1C, 0x00, 0x0F, 0xA0, 0x1C, 0x00, 0x07, 0xE0, 0x0E, 0x00, 0x0F,
  0xE0, 0x0E, 0x00, 0x07, 0xA0, 0x0E, 0x00, 0x07, 0xE0, 0x07, 0x00, 0x07,
  0xA0, 0x07, 0x30, 0x07, 0xA8, 0x03, 0xF0, 0x07, 0xE0, 0x01, 0xF0, 0x07,
  0xA8, 0x03, 0xF8, 0x07, 0xA0, 0x07, 0xF8, 0x07, 0xA8, 0x00, 0xFC, 0x07,
  0xE0, 0x00, 0x0E, 0x07, 0xAA, 0xA0, 0x00, 0x07, 0xA0, 0x00, 0x00, 0x07,
  0xBF, 0xFF, 0xFF, 0xFF, 0x84, 0x4B, 0x7F, 0xFF, 0xFF, 0xFF, 0xFF, 0xFF,
  0x3F, 0xFF, 0xFC, 0xFF, 0xFF, 0xFF, 0xFF, 0xFF, 0xFF, 0x67, 0xFF, 0xF6,
  0x2C, 0x00, 0x2C, 0x3C, 0x00, 0x34, 0xFF, 0xFF, 0xFF, 0xFF, 0xFF, 0xFF,
  0xC0, 0x0A, 0xAB, 0xC0, 0x00, 0x57, 0xC0, 0xC0, 0x0B, 0xC0, 0xC0, 0x07,
  0xC0, 0xC0, 0x0B, 0xC0, 0xC0, 0x07, 0xC0, 0xC0, 0x0B, 0xC0, 0xC0, 0x07,
  0xC0, 0xC0, 0x03, 0xC0, 0xE0, 0x07, 0xC0, 0x60, 0x03, 0xC0, 0x60, 0x03,
  0xC0, 0x70, 0x03, 0xC0, 0x32, 0x03, 0xD0, 0x1E, 0x03, 0xC0, 0x1F, 0x03,
  0x90, 0x3F, 0x03, 0xC0, 0x07, 0x83, 0x95, 0x01, 0xC3, 0xC0, 0x00, 0x03,
  0xAB, 0x7F, 0xFF, 0xFF, 0xFF, 0xFF, 0x7F, 0xFE, 0xFF, 0xFF, 0x4F, 0xFA,
  0x50, 0x0E, 0xFF, 0xFF, 0x81, 0x55, 0x80, 0x03, 0x82, 0x01, 0x82, 0x03,
  0x82, 0x01, 0x82, 0x03, 0x82, 0x01, 0x81, 0x03, 0x81, 0x01, 0x80, 0xE1,
  0xC1, 0xE1, 0x80, 0xE1, 0xC0, 0x31, 0xA8, 0x01, 0xFF, 0xFF, 0x80, 0x7F,
  0x0F, 0xF0, 0x00, 0xFF, 0x07, 0xF8, 0x00, 0xBF, 0x07, 0xF8, 0x00, 0xFF,
  0x07, 0xF8, 0x00, 0x82, 0x07, 0xA8, 0x00, 0x88, 0x07, 0x18, 0x00, 0x88,
  0x07, 0x08, 0x00, 0x88, 0x07, 0x18, 0x00, 0x88, 0x07, 0x08, 0x00, 0x84,
  0x07, 0x18, 0x00, 0xC4, 0x07, 0x08, 0x00, 0x83, 0x07, 0x08, 0x00, 0x87,
  0x07, 0x88, 0x00, 0xC1, 0x07, 0x88, 0x00, 0xA4, 0x07, 0x08, 0x00, 0xFF,
  0x07, 0xF8, 0x80, 0x7F, 0x7F, 0x80, 0x00, 0xFF, 0x3F, 0xC0, 0x00, 0xFF,
  0x3F, 0xC0, 0x00, 0xFF, 0x3F, 0xC0, 0x00, 0x8A, 0x3F, 0xC0, 0x00, 0x90,
  0x3F, 0x40, 0x00, 0x90, 0x3F, 0xC0, 0x00, 0x90, 0x3F, 0x40, 0x00, 0x88,
  0x3F, 0xC0, 0x00, 0x8C, 0x3F, 0x40, 0x00, 0x86, 0x3F, 0x40, 0x00, 0x80,
  0x3F, 0x40, 0x00, 0xFF, 0x3F, 0xC0, 0xF8, 0x07, 0x07, 0xF8, 0xF0, 0x0F,
  0x03, 0xFC, 0xF0, 0x0F, 0x03, 0xFC, 0xF0, 0x0F, 0x03, 0xFC, 0xF0, 0x08,
  0x03, 0xAC, 0xF0, 0x09, 0x03, 0x04, 0xF0, 0x09, 0x03, 0x0C, 0xF0, 0x09,
  0x03, 0x04, 0xF0, 0x08, 0x03, 0x8C, 0xF0, 0x08, 0x03, 0xC4, 0xF0, 0x08,
  0x03, 0x64, 0xF0, 0x08, 0x03, 0x04, 0xF0, 0x0F, 0x03, 0xFC, 0x00, 0xFF,
  0xFF, 0x00, 0x00, 0xFF, 0xFF, 0x00, 0x00, 0xFF, 0xFF, 0x00, 0x00, 0x95,
  0xFF, 0x00, 0x00, 0x93, 0xFF, 0x00, 0x00, 0x91, 0xFF, 0x00, 0x00, 0x9B,
  0xFF, 0x00, 0x00, 0x89, 0xFF, 0x00, 0x00, 0x81, 0xFF, 0x00, 0x00, 0xFF,
  0xFF, 0x00, 0xF0, 0x0F, 0x0F, 0xF0, 0xF0, 0x0F, 0x0F, 0xF0, 0xF0, 0x0F,
  0x0F, 0xF0, 0xF0, 0x09, 0x0F, 0x50, 0xF0, 0x09, 0x0F, 0x30, 0xF0, 0x09,
  0x0F, 0x10, 0xF0, 0x09, 0x0F, 0xB0, 0xF0, 0x08, 0x0F, 0x90, 0xF0, 0x08,
  0x0F, 0x10, 0xF0, 0x0F, 0x0F, 0xF0, 0x02, 0x00, 0x10, 0xAC, 0x6D, 0xAC,
  0x6D, 0x02, 0x00, 0x0B, 0xCC, 0x6D, 0xCC, 0x6D, 0x01, 0x00, 0x09, 0xE2,
  0x6D, 0xE2, 0x6D, 0x01, 0x00, 0x09, 0xE2, 0x6D, 0xE2, 0x6D, 0x01, 0x00,
  0x07, 0xEB, 0x6D, 0xEB, 0x6D, 0x01, 0x00, 0x07, 0xEB, 0x6D, 0xEB, 0x6D,
  0x18, 0x58, 0x0F, 0xF0, 0x1F, 0xF8, 0x3F, 0xFC, 0x3F, 0xDC, 0x7F, 0xFE,
  0x5B, 0xBA, 0x34, 0xDC, 0x2A, 0xAE, 0x55, 0xAA, 0x36, 0xAC, 0x1A, 0x2C,
  0x1B, 0x68, 0x37, 0xD8, 0x04, 0x90, 0x00, 0xB0, 0x09, 0x30, 0x07, 0xE0,
  0x0F, 0xF0, 0x0F, 0xB8, 0x0E, 0xF8, 0x1E, 0xA8, 0x15, 0x50, 0x06, 0xB0,
  0x03, 0xA0, 0x0D, 0x60, 0x00, 0xA0, 0x3E, 0x7F, 0xFF, 0xE7, 0xEB, 0x52,
  0x76, 0x2A, 0x24, 0x3C, 0x7E, 0x76, 0x66, 0x2C, 0x34, 0x18, 0x04, 0x00,
  0x11, 0x1C, 0x6E, 0x1C, 0x6E, 0x04, 0x00, 0x11, 0x1C, 0x6E, 0x1C, 0x6E,
  0x03, 0x00, 0x0D, 0x60, 0x6E, 0x60, 0x6E, 0x02, 0x00, 0x09, 0x87, 0x6E,
  0x87, 0x6E, 0x02, 0x00, 0x09, 0x87, 0x6E, 0x87, 0x6E, 0x02, 0x01, 0x07,
  0x99, 0x6E, 0xB5, 0x6E, 0x1F, 0xC0, 0x03, 0xF8, 0x1E, 0x43, 0xC3, 0x48,
  0x0D, 0x23, 0x46, 0x90, 0x0E, 0xA3, 0xC7, 0x50, 0x07, 0x53, 0x4E, 0xA0,
  0x06, 0x96, 0xAD, 0x20, 0x03, 0x4F, 0x3A, 0x40, 0x03, 0xAE, 0xBD, 0x40,
  0xFF, 0xFF, 0xFF, 0xFF, 0xFD, 0x7E, 0x7E, 0xBF, 0xF8, 0x7C, 0x3E, 0x1F,
  0xF8, 0x7C, 0x3E, 0x1F, 0xF8, 0x7C, 0x3E, 0x1F, 0xF8, 0x7C, 0x3E, 0x1F,
  0xA8, 0x54, 0x2A, 0x15, 0xFF, 0xFF, 0xFF, 0xFF, 0x00, 0x0F, 0xF8, 0x00,
  0x3F, 0x00, 0xFC, 0x3B, 0x1C, 0xD4, 0x1D, 0x95, 0xA8, 0x1A, 0xB5, 0xC8,
  0x0D, 0xAB, 0x90, 0x0E, 0x7F, 0xD0, 0xFF, 0xFF, 0xFF, 0xFB, 0xF7, 0xAF,
  0xF1, 0xE7, 0x8F, 0xF1, 0xE7, 0x8F, 0x91, 0x24, 0x89, 0xFF, 0xFF, 0xFF,
  0x00, 0x7E, 0x00, 0x78, 0x1E, 0x69, 0x9A, 0x35, 0xB4, 0x3D, 0xBC, 0xFF,
  0xFF, 0xE7, 0x39, 0xA5, 0x29, 0xFF, 0xFF, 0x03, 0xC0, 0x9F, 0x60, 0x9F,
  0x60, 0x89, 0x76, 0x1F, 0xE0, 0xC0, 0x3F, 0x3F, 0xC0, 0x00, 0xFF, 0x0F,
  0xF0, 0x00, 0x99, 0x0F, 0x90, 0x00, 0xFF, 0x0F, 0xF0, 0xF0, 0x0F, 0xFF,
  0x00, 0xF9, 0x06, 0xF9, 0x06, 0xF8, 0x07, 0x91, 0x6E, 0xFC, 0x03, 0x03,
  0xFC, 0xF0, 0x0F, 0x00, 0xFF, 0xF0, 0x09, 0x00, 0x99, 0xF0, 0x0F, 0x00,
  0xFF, 0xFF, 0x00, 0x0F, 0xF0, 0x02, 0x4E, 0x7E, 0x04, 0x7A, 0x7E, 0x05,
  0xA6, 0x7E, 0x02, 0xEB, 0x6E, 0x01, 0x02, 0x38, 0x7E, 0x04, 0x64, 0x7E,
  0x05, 0x90, 0x7E, 0x02, 0x01, 0x6F, 0x01, 0x17, 0x6F, 0x10, 0x02, 0x08,
  0x02, 0x08, 0x09, 0x08, 0x09, 0x04, 0x10, 0x04, 0x10, 0x08, 0x17, 0x08,
  0x17, 0x04, 0x1E, 0x04, 0x1E, 0x3A, 0x6F, 0x18, 0x02, 0x10, 0x02, 0x10,
  0x09, 0x10, 0x09, 0x0C, 0x10, 0x0C, 0x10, 0x10, 0x17, 0x10, 0x17, 0x0C,
  0x1E, 0x0C, 0x1E, 0x04, 0x00, 0x08, 0x5D, 0x6F, 0x5D, 0x6F, 0x03, 0x00,
  0x05, 0x7D, 0x6F, 0x7D, 0x6F, 0x03, 0x00, 0x04, 0x8C, 0x6F, 0x98, 0x6F,
  0x02, 0x01, 0x04, 0xA4, 0x6F, 0xB4, 0x6F, 0x02, 0x01, 0x03, 0xC4, 0x6F,
  0xD0, 0x6F, 0x04, 0x02, 0x08, 0x5D, 0x6F, 0x5D, 0x6F, 0x03, 0x02, 0x05,
  0x7D, 0x6F, 0x7D, 0x6F, 0x03, 0x02, 0x04, 0x8C, 0x6F, 0x98, 0x6F, 0x02,
  0x03, 0x04, 0xA4, 0x6F, 0xB4, 0x6F, 0x02, 0x03, 0x03, 0xC4, 0x6F, 0xD0,
  0x6F, 0x00, 0x00, 0x00, 0xE4, 0x1F, 0xFE, 0x01, 0xA4, 0x20, 0x01, 0x07,
  0x24, 0x20, 0x01, 0x3C, 0xC4, 0x6A, 0xAB, 0xE3, 0x44, 0xBF, 0xFE, 0x1C,
  0x6C, 0xC0, 0x01, 0xE0, 0x38, 0x3F, 0xFE, 0x00, 0x00, 0x7F, 0xC1, 0xA8,
  0x80, 0x26, 0x48, 0x80, 0x79, 0xC8, 0xAA, 0x86, 0x48, 0x7F, 0xF8, 0x30,
  0x03, 0xF1, 0x60, 0x04, 0x0E, 0xA0, 0x0A, 0x05, 0x60, 0x07, 0xFE, 0x00,
  0x00, 0x3F, 0x16, 0x00, 0x40, 0xEA, 0x00, 0xA0, 0x56, 0x00, 0x7F, 0xE0,
  0xFF, 0x00, 0x8F, 0x70, 0x02, 0xDD, 0x0F, 0xB0, 0x00, 0x86, 0x4F, 0xB0,
  0x87, 0x78, 0xFF, 0x00, 0xFF, 0x00, 0xE3, 0x1C, 0xC0, 0x37, 0x83, 0x6C,
  0xC0, 0x21, 0x13, 0xAC, 0xE1, 0x1E, 0xFF, 0x00, 0xFE, 0x01, 0x7F, 0x80,
  0x00, 0x8F, 0x7F, 0x80, 0x0F, 0xF0, 0xFF, 0x00, 0xFF, 0x00, 0xE7, 0x18,
  0xF0, 0x08, 0x07, 0xF8, 0xF0, 0x0F, 0xFF, 0x00, 0x02, 0x4E, 0x7E, 0x05,
  0xA6, 0x7E, 0x02, 0x06, 0x70, 0x01, 0x02, 0x38, 0x7E, 0x05, 0x90, 0x7E,
  0x02, 0xF0, 0x6F, 0x01, 0x1C, 0x70, 0x20, 0x02, 0x18, 0x02, 0x10, 0x09,
  0x10, 0x09, 0x0C, 0x10, 0x0C, 0x10, 0x10, 0x17, 0x10, 0x17, 0x0C, 0x1E,
  0x0C, 0x1E, 0x1C, 0x70, 0x20, 0x02, 0x18, 0x02, 0x10, 0x09, 0x10, 0x09,
  0x0C, 0x10, 0x0C, 0x10, 0x08, 0x17, 0x08, 0x17, 0x04, 0x1E, 0x04, 0x1E,
  0x03, 0x00, 0x0D, 0x3F, 0x70, 0x3F, 0x70, 0x03, 0x00, 0x0A, 0x66, 0x70,
  0x66, 0x70, 0x03, 0x00, 0x07, 0x84, 0x70, 0x99, 0x70, 0x02, 0x01, 0x05,
  0xAE, 0x70, 0xC2, 0x70, 0x02, 0x01, 0x04, 0xD6, 0x70, 0xE6, 0x70, 0x0F,
  0xE7, 0xE0, 0x10, 0x16, 0x10, 0x1F, 0xE7, 0xF0, 0x0A, 0x44, 0xA0, 0x0A,
  0x64, 0xA0, 0x04, 0x64, 0x40, 0x7F, 0xF7, 0xFC, 0x80, 0x16, 0x82, 0xFF,
  0xE7, 0xFE, 0x5A, 0x44, 0xB4, 0x5A, 0x64, 0xB4, 0x24, 0x44, 0x48, 0x00,
  0x7C, 0x00, 0x03, 0xCF, 0x80, 0x04, 0x2C, 0x80, 0x05, 0xCE, 0x80, 0x03,
  0x49, 0x00, 0x00, 0x68, 0x00, 0x0F, 0xEF, 0xC0, 0x10, 0x2C, 0x20, 0x15,
  0xCA, 0xA0, 0x15, 0x4A, 0xA0, 0x0A, 0x79, 0x40, 0x03, 0xFC, 0x00, 0x04,
  0x24, 0x00, 0x05, 0xB4, 0x00, 0x07, 0xFE, 0x00, 0x08, 0x39, 0x00, 0x0B,
  0xBD, 0x00, 0x04, 0xE2, 0x00, 0x00, 0x3F, 0xC0, 0x00, 0x42, 0x40, 0x00,
  0x5B, 0x40, 0x00, 0x7F, 0xE0, 0x00, 0x83, 0x90, 0x00, 0xBB, 0xD0, 0x00,
  0x4E, 0x20, 0xFE, 0x01, 0x03, 0xDC, 0xFE, 0x01, 0x03, 0x54, 0xFF, 0x00,
  0xCF, 0x10, 0xFC, 0x03, 0x03, 0xDC, 0xFC, 0x02, 0x03, 0x88, 0xFF, 0x00,
  0x80, 0x77, 0xFF, 0x00, 0x80, 0x55, 0xFF, 0x00, 0xF3, 0x04, 0xFF, 0x00,
  0x00, 0xF7, 0xFF, 0x00, 0x00, 0xA2, 0xFC, 0x03, 0x1F, 0xE0, 0xFC, 0x03,
  0x1F, 0x20, 0xF8, 0x07, 0x0F, 0x70, 0xF8, 0x05, 0x0F, 0x30, 0xFF, 0x00,
  0xC1, 0x3E, 0xFF, 0x00, 0xC1, 0x32, 0xFF, 0x00, 0x80, 0x77, 0xFF, 0x00,
  0x80, 0x53, 0x02, 0x10, 0x71, 0x06, 0x26, 0x71, 0x02, 0x3C, 0x71, 0x05,
  0x52, 0x71, 0x02, 0x68, 0x71, 0x01, 0x02, 0x3C, 0x71, 0x06, 0x52, 0x71,
  0x02, 0x68, 0x71, 0x01, 0x7E, 0x71, 0x1C, 0x17, 0x14, 0x17, 0x10, 0x2C,
  0x10, 0x2C, 0x0C, 0x41, 0x0C, 0x41, 0x0C, 0x5D, 0x08, 0x5D, 0x08, 0xAA,
  0x08, 0xAA, 0x7E, 0x71, 0x34, 0x10, 0x2C, 0x10, 0x20, 0x87, 0x20, 0x87,
  0x14, 0x8E, 0x14, 0x8E, 0x14, 0x56, 0x10, 0x56, 0x08, 0xA3, 0x08, 0xA3,
  0x7E, 0x71, 0x1C, 0x09, 0x14, 0x09, 0x10, 0x25, 0x10, 0x25, 0x0C, 0x3A,
  0x0C, 0x3A, 0x0C, 0x4F, 0x08, 0x4F, 0x08, 0x9C, 0x08, 0x9C, 0x7E, 0x71,
  0x1C, 0x02, 0x14, 0x02, 0x10, 0x1E, 0x10, 0x1E, 0x0C, 0x33, 0x0C, 0x33,
  0x0C, 0x48, 0x08, 0x48, 0x08, 0x95, 0x08, 0x95, 0x7E, 0x71, 0x1C, 0x64,
  0x14, 0x64, 0x10, 0x6B, 0x10, 0x6B, 0x0C, 0x72, 0x0C, 0x72, 0x0C, 0x79,
  0x08, 0x79, 0x08, 0x80, 0x08, 0x80, 0x08, 0x00, 0x10, 0x2D, 0x72, 0x2D,
  0x72, 0x08, 0x00, 0x05, 0xAD, 0x72, 0xAD, 0x72, 0x02, 0x00, 0x08, 0xD5,
  0x72, 0xD5, 0x72, 0x08, 0x00, 0x05, 0xE5, 0x72, 0xE5, 0x72, 0x06, 0x00,
  0x0C, 0x0D, 0x73, 0x0D, 0x73, 0x06, 0x00, 0x04, 0x55, 0x73, 0x55, 0x73,
  0x06, 0x00, 0x04, 0x6D, 0x73, 0x6D, 0x73, 0x04, 0x00, 0x08, 0x85, 0x73,
  0x85, 0x73, 0x04, 0x00, 0x03, 0xA5, 0x73, 0xA5, 0x73, 0x04, 0x00, 0x02,
  0xB1, 0x73, 0xB1, 0x73, 0x03, 0x00, 0x07, 0xB9, 0x73, 0xB9, 0x73, 0x03,
  0x00, 0x02, 0xCE, 0x73, 0xCE, 0x73, 0x01, 0x00, 0x04, 0xD4, 0x73, 0xD4,
  0x73, 0x03, 0x00, 0x02, 0xD8, 0x73, 0xD8, 0x73, 0x08, 0x01, 0x0D, 0xDE,
  0x73, 0xDE, 0x73, 0x06, 0x01, 0x0A, 0xAE, 0x74, 0xAE, 0x74, 0x04, 0x01,
  0x05, 0x26, 0x75, 0x26, 0x75, 0x03, 0x01, 0x04, 0x4E, 0x75, 0x4E, 0x75,
  0x03, 0x01, 0x03, 0x66, 0x75, 0x78, 0x75, 0x02, 0x01, 0x06, 0x8A, 0x75,
  0x8A, 0x75, 0x02, 0x01, 0x04, 0xA2, 0x75, 0xA2, 0x75, 0x03, 0x01, 0x05,
  0xB2, 0x75, 0xF4, 0x75, 0x03, 0x01, 0x02, 0xD0, 0x75, 0x12, 0x76, 0x03,
  0x01, 0x03, 0xDC, 0x75, 0x1E, 0x76, 0x03, 0x01, 0x01, 0xEE, 0x75, 0x30,
  0x76, 0x7E, 0xBF, 0xFF, 0xEB, 0xCB, 0x5E, 0xAF, 0xFC, 0xF7, 0xEF, 0x5D,
  0xD5, 0x86, 0xAB, 0x5F, 0xB8, 0x6E, 0xD6, 0xAF, 0x63, 0xEF, 0x5F, 0xF7,
  0xDE, 0xFD, 0x8F, 0xDF, 0xD7, 0xD7, 0xFA, 0xDD, 0xFE, 0xFF, 0xD5, 0xFD,
  0xFD, 0xFD, 0xED, 0xFA, 0xF7, 0xEF, 0xAF, 0x6A, 0xAF, 0xDF, 0x52, 0xED,
  0xBE, 0x7E, 0xFE, 0x3D, 0x7B, 0x6A, 0xE1, 0x7A, 0xF6, 0x37, 0xDD, 0x5A,
  0x35, 0xDF, 0xD2, 0xF5, 0xDC, 0x1E, 0xBE, 0xAD, 0x7B, 0xAF, 0x75, 0xDF,
  0xFE, 0x3B, 0x5D, 0x7F, 0xFF, 0x1B, 0xDF, 0xBE, 0xF6, 0x1E, 0x2E, 0xFE,
  0xD7, 0xB5, 0x7F, 0xF7, 0xAC, 0x0A, 0xBB, 0xED, 0x2D, 0xD8, 0xAD, 0x6F,
  0xFC, 0x0F, 0x5C, 0xBE, 0x96, 0xF4, 0x5A, 0xF7, 0x6C, 0x1F, 0xBA, 0x3A,
  0x2F, 0xBA, 0xB9, 0x7F, 0xF6, 0x1E, 0xF4, 0x5F, 0x5D, 0x5F, 0xF4, 0xD6,
  0xFE, 0x0F, 0xFA, 0xB5, 0xFF, 0xB7, 0xFB, 0xAB, 0xDC, 0x00, 0x09, 0x25,
  0xEA, 0xA1, 0x44, 0x89, 0x00, 0x03, 0xBD, 0x67, 0xF7, 0x68, 0x91, 0x5A,
  0xA0, 0x0A, 0xF6, 0xDA, 0xFF, 0xBE, 0x6F, 0x77, 0x90, 0x4F, 0xFF, 0xFF,
  0xBD, 0xFF, 0x1F, 0xFE, 0xF4, 0x5E, 0xD7, 0xBE, 0xEF, 0xF7, 0xFB, 0xBB,
  0xDE, 0xA5, 0x59, 0xCD, 0x25, 0x64, 0xA9, 0x54, 0x26, 0xB2, 0x8A, 0xD4,
  0xA6, 0xA4, 0xA9, 0xD5, 0x25, 0x00, 0x3F, 0xFF, 0xFF, 0xFF, 0xFF, 0xFF,
  0x80, 0x3F, 0xFF, 0xFF, 0xDF, 0xF3, 0xFF, 0xFF, 0xF8, 0xFF, 0xFF, 0xF9,
  0xCE, 0xA5, 0xBF, 0xFF, 0xFF, 0x03, 0xFF, 0xFC, 0xE3, 0x4A, 0x7F, 0xFF,
  0xE0, 0x00, 0x1F, 0xFF, 0x12, 0x80, 0xFF, 0xF0, 0x00, 0x7B, 0xFF, 0xF7,
  0xDC, 0xED, 0xFC, 0xEE, 0xD3, 0x61, 0x8B, 0x73, 0xEC, 0xD7, 0x3B, 0xEB,
  0xAF, 0xEB, 0x7E, 0xFE, 0x9F, 0x75, 0xF7, 0x5F, 0xBB, 0xDF, 0x75, 0xBF,
  0xBC, 0xAD, 0x7E, 0x6D, 0xD3, 0x9B, 0xBE, 0xCE, 0x6C, 0x3B, 0xED, 0x5D,
  0xDF, 0xBA, 0xFE, 0x7E, 0xD7, 0xF7, 0x3E, 0xFF, 0xBA, 0x1B, 0xFF, 0x5D,
  0xB3, 0x55, 0xFC, 0x1F, 0xCF, 0xAE, 0xE4, 0xEE, 0xD4, 0x37, 0x67, 0x1D,
  0xFB, 0xD7, 0xFA, 0x1F, 0xEE, 0x7F, 0xEF, 0xFD, 0xEC, 0x02, 0x54, 0x74,
  0x84, 0x21, 0x40, 0x0F, 0xDC, 0xFB, 0x72, 0x93, 0xB0, 0x1B, 0xBB, 0xBF,
  0xF9, 0x76, 0xF8, 0x3E, 0xFF, 0xBB, 0xEF, 0xBF, 0xEE, 0x01, 0xFF, 0xFF,
  0xFF, 0xFF, 0xE0, 0x7F, 0xFF, 0xEF, 0xEF, 0xFF, 0xFC, 0x0F, 0xFF, 0x12,
  0x19, 0xFF, 0xF0, 0x00, 0x3F, 0xE1, 0x07, 0xFE, 0x00, 0xFF, 0x2C, 0x97,
  0xF7, 0xEB, 0xB9, 0xBF, 0xBE, 0xFF, 0x7E, 0xF5, 0xEF, 0x5A, 0x37, 0xB9,
  0xDA, 0xF3, 0x7E, 0x7B, 0xED, 0x3E, 0xED, 0x2F, 0x7E, 0x77, 0x66, 0xFE,
  0xFD, 0x3F, 0xDF, 0xBB, 0x6E, 0x52, 0x4D, 0xD8, 0xA0, 0x3D, 0xBF, 0xF6,
  0xD8, 0x79, 0xFF, 0xDF, 0xFB, 0x7F, 0xFB, 0xEF, 0xFE, 0x1F, 0xED, 0x57,
  0xFC, 0x7E, 0xF9, 0xDE, 0xEB, 0xDB, 0x77, 0x7F, 0xBE, 0x7D, 0xED, 0xDB,
  0xCF, 0xDB, 0x7E, 0xAD, 0x4F, 0x34, 0xFF, 0x76, 0x5B, 0xDB, 0x16, 0xD3,
  0x2C, 0x7F, 0xAE, 0xFA, 0x56, 0x6A, 0x4A, 0x62, 0xFF, 0xBD, 0xFF, 0x3F,
  0x52, 0xFE, 0xF0, 0x0D, 0x00, 0x8F, 0x00, 0xDF, 0x00, 0xD7, 0x00, 0xD7,
  0x00, 0xFA, 0x00, 0xDD, 0x07, 0xF8, 0xF0, 0x0F, 0x00, 0xD5, 0x00, 0xFD,
  0x00, 0xFD, 0x00, 0xFD, 0x00, 0xED, 0x00, 0xFA, 0x0F, 0xF0, 0xF8, 0x07,
  0x00, 0xAF, 0x00, 0x6A, 0x00, 0xAF, 0x00, 0xDF, 0x00, 0x52, 0x00, 0xED,
  0x1F, 0xA0, 0xFF, 0x00, 0x00, 0xFE, 0x00, 0x3D, 0x00, 0x7B, 0x00, 0x6A,
  0x00, 0xE1, 0x00, 0x7A, 0x3F, 0xC0, 0xFF, 0x00, 0xE0, 0x1D, 0x00, 0x5A,
  0x00, 0x35, 0x00, 0xDF, 0x00, 0xD2, 0x00, 0xF7, 0x7F, 0x80, 0xFF, 0x00,
  0xF0, 0x0E, 0x00, 0xAD, 0x00, 0x7B, 0x00, 0xAF, 0x00, 0x75, 0x03, 0xDC,
  0xFF, 0x00, 0xFF, 0x00, 0xF0, 0x0D, 0x00, 0x7F, 0x00, 0xFF, 0x00, 0x1B,
  0x00, 0xDF, 0x03, 0xBC, 0xFF, 0x00, 0xFF, 0x00, 0xF8, 0x06, 0x00, 0xF6,
  0x00, 0xD7, 0x00, 0xB5, 0x00, 0x7F, 0x0F, 0x50, 0xFF, 0x00, 0xFF, 0x00,
  0xFC, 0x03, 0x00, 0xAD, 0x00, 0x2D, 0x00, 0xD8, 0x00, 0xAC, 0x1F, 0xE0,
  0xFF, 0x00, 0xFF, 0x00, 0xFF, 0x00, 0x00, 0xFE, 0x00, 0x96, 0x00, 0xF4,
  0x00, 0x5F, 0x7F, 0x80, 0xFF, 0x00, 0xFF, 0x00, 0xFF, 0x00, 0xFC, 0x02,
  0x00, 0x2F, 0x40, 0xBA, 0x07, 0xB8, 0xFF, 0x00, 0xFF, 0x00, 0xFF, 0x00,
  0xFF, 0x00, 0xFE, 0x01, 0x03, 0x5C, 0xF0, 0x0F, 0x0F, 0xF0, 0xFF, 0x00,
  0xFF, 0x00, 0xFF, 0x00, 0xFF, 0x00, 0xFF, 0x00, 0x07, 0xF8, 0xFC, 0x03,
  0x1F, 0xE0, 0xFF, 0x00, 0xFF, 0x00, 0xE0, 0x1F, 0x00, 0x29, 0x00, 0xF3,
  0x00, 0x2F, 0x00, 0xEB, 0x03, 0x7C, 0xE0, 0x1A, 0x00, 0x9F, 0x00, 0x6D,
  0x00, 0xF7, 0x00, 0x5F, 0x07, 0xA8, 0xF0, 0x0F, 0x00, 0x75, 0x00, 0xBF,
  0x00, 0xBD, 0x00, 0x2D, 0x0F, 0x70, 0xFC, 0x03, 0x00, 0xD3, 0x00, 0x9B,
  0x00, 0x9E, 0x00, 0x5E, 0x1F, 0xE0, 0xFF, 0x00, 0x00, 0xED, 0x00, 0x5D,
  0x00, 0xD5, 0x00, 0xBF, 0xFF, 0x00, 0xFF, 0x00, 0x80, 0x57, 0x00, 0xFF,
  0x00, 0x3B, 0x00, 0xF7, 0xFF, 0x00, 0xFF, 0x00, 0xC0, 0x3D, 0x00, 0xD7,
  0x00, 0xBF, 0x03, 0x4C, 0xFF, 0x00, 0xFF, 0x00, 0xF0, 0x0F, 0x00, 0x8A,
  0x00, 0xE4, 0x07, 0xF8, 0xFF, 0x00, 0xFF, 0x00, 0xFF, 0x00, 0x00, 0xD7,
  0x00, 0xF9, 0x3F, 0xC0, 0xFF, 0x00, 0xFF, 0x00, 0xFF, 0x00, 0xC3, 0x3C,
  0xF0, 0x0F, 0xFF, 0x00, 0xFF, 0x00, 0xF8, 0x05, 0x00, 0x7D, 0x00, 0xF5,
  0x0F, 0xB0, 0xF8, 0x06, 0x00, 0xAF, 0x00, 0xBF, 0x3F, 0xC0, 0xFC, 0x03,
  0x00, 0xF5, 0x00, 0xD1, 0x7F, 0x80, 0xFF, 0x00, 0xC0, 0x2B, 0x01, 0xE6,
  0xFF, 0x00, 0xFF, 0x00, 0xE3, 0x1C, 0xC7, 0x38, 0xFF, 0x00, 0xC0, 0x3F,
  0x00, 0x77, 0x01, 0xFA, 0xF0, 0x0A, 0x00, 0xFD, 0x03, 0x6C, 0xF8, 0x07,
  0x00, 0xAC, 0x0F, 0xF0, 0xFE, 0x01, 0x08, 0xF7, 0x7F, 0x80, 0xE0, 0x1B,
  0x00, 0x77, 0xFF, 0x00, 0xF0, 0x0F, 0x01, 0xDE, 0xFF, 0x00, 0xFC, 0x03,
  0xC7, 0x38, 0xFF, 0x00, 0xFE, 0x01, 0x00, 0xB7, 0x0F, 0x70, 0xFF, 0x00,
  0x00, 0xFD, 0x1F, 0xE0, 0xFF, 0x00, 0xCC, 0x33, 0x7F, 0x80, 0xE0, 0x11,
  0x07, 0x38, 0xE0, 0x15, 0x07, 0x48, 0xE0, 0x1A, 0x0F, 0x50, 0xC0, 0x2A,
  0x0F, 0x90, 0xC0, 0x28, 0x07, 0xA8, 0xC0, 0x29, 0x07, 0x48, 0xF0, 0x0D,
  0x0F, 0x50, 0xF0, 0x0D, 0x0F, 0x10, 0xF0, 0x08, 0x0F, 0x50, 0xF0, 0x0D,
  0x0F, 0x50, 0x80, 0x6F, 0x00, 0xBF, 0x1F, 0x60, 0x00, 0xDA, 0x00, 0xED,
  0x3F, 0xC0, 0x00, 0xFD, 0x00, 0xBF, 0x1F, 0xE0, 0x80, 0x5F, 0x00, 0xF6,
  0x1F, 0xE0, 0x80, 0x77, 0x00, 0x6F, 0x3F, 0xC0, 0xD6, 0x29, 0x0D, 0xD2,
  0x7F, 0x80, 0x80, 0x5E, 0x00, 0xF7, 0x3F, 0x40, 0xFF, 0x00, 0x0F, 0x90,
  0xFF, 0x00, 0xFE, 0x01, 0x0F, 0xB0, 0xFF, 0x00, 0xFE, 0x01, 0x0F, 0x50,
  0xFF, 0x00, 0x00, 0xFE, 0x00, 0x6F, 0x0F, 0xF0, 0xF8, 0x06, 0x00, 0xFB,
  0x01, 0xF6, 0xF0, 0x0D, 0x00, 0xAE, 0x03, 0xDC, 0xF0, 0x0F, 0x00, 0xDB,
  0x01, 0xFE, 0xF8, 0x05, 0x00, 0xFF, 0x01, 0x6E, 0xF8, 0x07, 0x00, 0x76,
  0x03, 0xFC, 0xFD, 0x02, 0x60, 0x9D, 0xD7, 0x28, 0xF8, 0x05, 0x00, 0xEF,
  0x03, 0x74, 0xFF, 0x00, 0xF0, 0x09, 0xFF, 0x00, 0xFF, 0x00, 0xE0, 0x1B,
  0xFF, 0x00, 0xFF, 0x00, 0xE0, 0x15, 0xFF, 0x00, 0xF0, 0x0F, 0x00, 0xE6,
  0x00, 0xFF, 0x00, 0x00, 0x00, 0x00, 0x00, 0x00, 0x00, 0x00, 0x00, 0x00,
  0x00, 0x00, 0x00, 0x00, 0x00, 0x00, 0x00, 0x00, 0x00, 0x00, 0x00, 0x00,
  0x00, 0x00, 0x00, 0x00, 0x00, 0x00, 0x00, 0x00, 0x00, 0x00, 0x00, 0x00,
  0x00, 0x00, 0x00, 0x00, 0x00, 0x00, 0x00, 0x00, 0x00, 0x00, 0x00, 0x00,
  0x00, 0x00, 0x00, 0x00, 0x00, 0x00, 0x00, 0x00, 0x00, 0x00, 0x00, 0x00,
  0x00, 0x00, 0x00, 0x00, 0x00, 0x00, 0x00, 0x00, 0x00, 0x00, 0x00, 0x00,
  0x00, 0x00, 0x00, 0x00, 0x00, 0x00, 0x00, 0x00, 0x00, 0x00, 0x00, 0x00,
  0x00, 0x00, 0x00, 0x00, 0x00, 0x00, 0x00, 0x00, 0x00, 0x00, 0x00, 0x00,
  0x00, 0x00, 0x00, 0x00, 0x00, 0x00, 0x00, 0x00, 0x00, 0x00, 0x00, 0x00,
  0x00, 0x00, 0x00, 0x00, 0x00, 0x00, 0x00, 0x00, 0x00, 0x00, 0x00, 0x00,
  0x00, 0x00, 0x00, 0x00, 0x00, 0x00, 0x00, 0x00, 0x00, 0x00, 0x00, 0x00,
  0x00, 0x00, 0x00, 0x00, 0x00, 0x00, 0x00, 0x00, 0x00, 0x00, 0x00, 0x00,
  0x00, 0x00, 0x00, 0x00, 0x00, 0x00, 0x00, 0x00, 0x00, 0x00, 0x00, 0x00,
  0x00, 0x00, 0x00, 0x00, 0x00, 0x00, 0x00, 0x00, 0x00, 0x00, 0x00, 0x00,
  0x00, 0x00, 0x00, 0x00, 0x00, 0x00, 0x00, 0x00, 0x00, 0x00, 0x00, 0x00,
  0x00, 0x00, 0x00, 0x00, 0x00, 0x00, 0x00, 0x00, 0x00, 0x00, 0x00, 0x00,
  0x00, 0x00, 0x00, 0x00, 0x00, 0x00, 0x00, 0x00, 0x00, 0x00, 0x00, 0x00,
  0x00, 0x00, 0x00, 0x00, 0x00, 0x00, 0x00, 0x00, 0x00, 0x00, 0x00, 0x00,
  0x00, 0x00, 0x00, 0x00, 0x00, 0x00, 0x00, 0x00, 0x00, 0x00, 0x00, 0x00,
  0x00, 0x00, 0x00, 0x00, 0x00, 0x00, 0x00, 0x00, 0x00, 0x00, 0x00, 0x00,
  0x00, 0x00, 0x00, 0x00, 0x00, 0x00, 0x00, 0x00, 0x00, 0x00, 0x00, 0x00,
  0x00, 0x00, 0x00, 0x00, 0x00, 0x00, 0x00, 0x00, 0x00, 0x00, 0x00, 0x00,
  0x00, 0x00, 0x00, 0x00, 0x00, 0x00, 0x00, 0x00, 0x00, 0x00, 0x00, 0x00,
  0x00, 0x00, 0x00, 0x00, 0x00, 0x00, 0x00, 0x00, 0x00, 0x00, 0x00, 0x00,
  0x00, 0x00, 0x00, 0x00, 0x00, 0x00, 0x00, 0x00, 0x00, 0x00, 0x00, 0x00,
  0x00, 0x00, 0x00, 0x00, 0x00, 0x00, 0x00, 0x00, 0x00, 0x00, 0x00, 0x00,
  0x00, 0x00, 0x00, 0x00, 0x00, 0x00, 0x00, 0x00, 0x00, 0x00, 0x00, 0x00,
  0x00, 0x00, 0x00, 0x00, 0x00, 0x00, 0x00, 0x00, 0x00, 0x00, 0x00, 0x00,
  0x00, 0x00, 0x00, 0x00, 0x00, 0x00, 0x00, 0x00, 0x00, 0x00, 0x00, 0x00,
  0x00, 0x00, 0x00, 0x00, 0x00, 0x00, 0x00, 0x00, 0x00, 0x00, 0x00, 0x00,
  0x00, 0x00, 0x00, 0x00, 0x00, 0x00, 0x00, 0x00, 0x00, 0x00, 0x00, 0x00,
  0x00, 0x00, 0x00, 0x00, 0x00, 0x00, 0x00, 0x00, 0x00, 0x00, 0x00, 0x00,
  0x00, 0x00, 0x00, 0x00, 0x00, 0x00, 0x00, 0x00, 0x00, 0x00, 0x00, 0x00,
  0x00, 0x00, 0x00, 0x00, 0x00, 0x00, 0x00, 0x00, 0x00, 0x00, 0x00, 0x00,
  0x00, 0x00, 0x00, 0x00, 0x00, 0x00, 0x00, 0x00, 0x00, 0x00, 0x00, 0x00,
  0x00, 0x00, 0x00, 0x00, 0x00, 0x00, 0x00, 0x00, 0x00, 0x00, 0x00, 0x00,
  0x00, 0x00, 0x00, 0x00, 0x00, 0x00, 0x00, 0x00, 0x00, 0x00, 0x00, 0x00,
  0x00, 0x00, 0x00, 0x00, 0x00, 0x00, 0x00, 0x00, 0x00, 0x00, 0x00, 0x00,
  0x00, 0x00, 0x00, 0x00, 0x00, 0x00, 0x00, 0x00, 0x00, 0x00, 0x00, 0x00,
  0x00, 0x00, 0x00, 0x00, 0x00, 0x00, 0x00, 0x00, 0x00, 0x00, 0x00, 0x00,
  0x00, 0x00, 0x00, 0x00, 0x00, 0x00, 0x00, 0x00, 0x00, 0x00, 0x00, 0x00,
  0x00, 0x00, 0x00, 0x00, 0x00, 0x00, 0x00, 0x00, 0x00, 0x00, 0x00, 0x00,
  0x00, 0x00, 0x00, 0x00, 0x00, 0x00, 0x00, 0x00, 0x00, 0x00, 0x00, 0x00,
  0x00, 0x00, 0x00, 0x00, 0x00, 0x00, 0x00, 0x00, 0x00, 0x00, 0x00, 0x00,
  0x00, 0x00, 0x00, 0x00, 0x00, 0x00, 0x00, 0x00, 0x00, 0x00, 0x00, 0x00,
  0x00, 0x00, 0x00, 0x00, 0x00, 0x00, 0x00, 0x00, 0x00, 0x00, 0x00, 0x00,
  0x00, 0x00, 0x00, 0x00, 0x00, 0x00, 0x00, 0x00, 0x00, 0x00, 0x00, 0x00,
  0x00, 0x00, 0x00, 0x00, 0x00, 0x00, 0x00, 0x00, 0x00, 0x00, 0x00, 0x00,
  0x00, 0x00, 0x00, 0x00, 0x00, 0x00, 0x00, 0x00, 0x00, 0x00, 0x00, 0x00,
  0x00, 0x00, 0x00, 0x00, 0x00, 0x00, 0x00, 0x00, 0x00, 0x00, 0x00, 0x00,
  0x00, 0x00, 0x00, 0x00, 0x00, 0x00, 0x00, 0x00, 0x00, 0x00, 0x00, 0x00,
  0x00, 0x00, 0x00, 0x00, 0x00, 0x00, 0x00, 0x00, 0x00, 0x00, 0x00, 0x00,
  0x00, 0x00, 0x00, 0x00, 0x00, 0x00, 0x00, 0x00, 0x00, 0x00, 0x00, 0x00,
  0x00, 0x00, 0x00, 0x00, 0x00, 0x00, 0x00, 0x00, 0x00, 0x00, 0x00, 0x00,
  0x00, 0x00, 0x00, 0x00, 0x00, 0x00, 0x00, 0x00, 0x00, 0x00, 0x00, 0x00,
  0x00, 0x00, 0x00, 0x00, 0x00, 0x00, 0x00, 0x00, 0x00, 0x00, 0x00, 0x00,
  0x00, 0x00, 0x00, 0x00, 0x00, 0x00, 0x00, 0x00, 0x00, 0x00, 0x00, 0x00,
  0x00, 0x00, 0x00, 0x00, 0x00, 0x00, 0x00, 0x00, 0x00, 0x00, 0x00, 0x00,
  0x00, 0x00, 0x00, 0x00, 0x00, 0x00, 0x00, 0x00, 0x00, 0x00, 0x00, 0x00,
  0x00, 0x00, 0x00, 0x00, 0x00, 0x00, 0x00, 0x00, 0x00, 0x00, 0x00, 0x00,
  0x00, 0x00, 0x00, 0x00, 0x00, 0x00, 0x00, 0x00, 0x00, 0x00, 0x00, 0x00,
  0x00, 0x00, 0x00, 0x00, 0x00, 0x00, 0x00, 0x00, 0x00, 0x00, 0x00, 0x00,
  0x00, 0x00, 0x00, 0x00, 0x00, 0x00, 0x00, 0x00, 0x00, 0x00, 0x00, 0x00,
  0x00, 0x00, 0x00, 0x00, 0x00, 0x00, 0x00, 0x00, 0x00, 0x00, 0x00, 0x00,
  0x00, 0x00, 0x00, 0x00, 0x00, 0x00, 0x00, 0x00, 0x00, 0x00, 0x00, 0x00,
  0x00, 0x00, 0x00, 0x00, 0x00, 0x00, 0x00, 0x00, 0x00, 0x00, 0x00, 0x00,
  0x00, 0x00, 0x00, 0x00, 0x00, 0x00, 0x00, 0x00, 0x00, 0x00, 0x00, 0x00,
  0x00, 0x00, 0x00, 0x00, 0x00, 0x00, 0x00, 0x00, 0x00, 0x00, 0x00, 0x00,
  0x00, 0x00, 0x00, 0x00, 0x00, 0x00, 0x00, 0x00, 0x00, 0x00, 0x00, 0x00,
  0x00, 0x00, 0x00, 0x00, 0x00, 0x00, 0x00, 0x00, 0x00, 0x00, 0x00, 0x00,
  0x00, 0x00, 0x00, 0x00, 0x00, 0x00, 0x00, 0x00, 0x00, 0x00, 0x00, 0x00,
  0x00, 0x00, 0x00, 0x00, 0x00, 0x00, 0x00, 0x00, 0x00, 0x00, 0x00, 0x00,
  0x00, 0x00, 0x00, 0x00, 0x00, 0x00, 0x00, 0x00, 0x00, 0x00, 0x00, 0x00,
  0x00, 0x00, 0x00, 0x00, 0x00, 0x00, 0x00, 0x00, 0x00, 0x00, 0x00, 0x00,
  0x00, 0x00, 0x00, 0x00, 0x00, 0x00, 0x00, 0x00, 0x00, 0x00, 0x00, 0x00,
  0x00, 0x00, 0x00, 0x00, 0x00, 0x00, 0x00, 0x00, 0x00, 0x00, 0x00, 0x00,
  0x00, 0x00, 0x00, 0x00, 0x00, 0x00, 0x00, 0x00, 0x00, 0x00, 0x00, 0x00,
  0x00, 0x00, 0x00, 0x00, 0x00, 0x00, 0x00, 0x00, 0x00, 0x00, 0x00, 0x00,
  0x00, 0x00, 0x00, 0x00, 0x00, 0x00, 0x00, 0x00, 0x00, 0x00, 0x00, 0x00,
  0x00, 0x00, 0x00, 0x00, 0x00, 0x00, 0x00, 0x00, 0x00, 0x00, 0x00, 0x00,
  0x00, 0x00, 0x00, 0x00, 0x00, 0x00, 0x00, 0x00, 0x00, 0x00, 0x00, 0x00,
  0x00, 0x00, 0x00, 0x00, 0x00, 0x00, 0x00, 0x00, 0x00, 0x00, 0x00, 0x00,
  0x00, 0x00, 0x00, 0x00, 0x00, 0x00, 0x00, 0x00, 0x00, 0x00, 0x00, 0x00,
  0x00, 0x00, 0x00, 0x00, 0x00, 0x00, 0x00, 0x00, 0x00, 0x00, 0x00, 0x00,
  0x00, 0x00, 0x00, 0x00, 0x00, 0x00, 0x00, 0x00, 0x00, 0x00, 0x00, 0x00,
  0x00, 0x00, 0x00, 0x00, 0x00, 0x00, 0x00, 0x00, 0x00, 0x00, 0x00, 0x00,
  0x00, 0x00, 0x00, 0x00, 0x00, 0x00, 0x00, 0x00, 0x00, 0x00, 0x00, 0x00,
  0x00, 0x00, 0x00, 0x00, 0x00, 0x00, 0x00, 0x00, 0x00, 0x00, 0x00, 0x00,
  0x00, 0x00, 0x00, 0x00, 0x00, 0x00, 0x00, 0x00, 0x00, 0x00, 0x00, 0x00,
  0x00, 0x00, 0x00, 0x00, 0x00, 0x00, 0x00, 0x00, 0x00, 0x00, 0x00, 0x00,
  0x00, 0x00, 0x00, 0x00, 0x00, 0x00, 0x00, 0x00, 0x00, 0x00, 0x00, 0x00,
  0x00, 0x00, 0x00, 0x00, 0x00, 0x00, 0x00, 0x00, 0x00, 0x00, 0x00, 0x00,
  0x00, 0x00, 0x00, 0x00, 0x00, 0x00, 0x00, 0x00, 0x00, 0x00, 0x00, 0x00,
  0x00, 0x00, 0x00, 0x00, 0x00, 0x00, 0x00, 0x00, 0x00, 0x00, 0x00, 0x00,
  0x00, 0x00, 0x00, 0x00, 0x00, 0x00, 0x00, 0x00, 0x00, 0x00, 0x00, 0x00,
  0x00, 0x00, 0x00, 0x00, 0x00, 0x00, 0x00, 0x00, 0x00, 0x00, 0x00, 0x00,
  0x00, 0x00, 0x00, 0x00, 0x00, 0x00, 0x00, 0x00, 0x00, 0x00, 0x00, 0x00,
  0x00, 0x00, 0x00, 0x00, 0x00, 0x00, 0x00, 0x00, 0x00, 0x00, 0x00, 0x00,
  0x00, 0x00, 0x00, 0x00, 0x00, 0x00, 0x00, 0x00, 0x00, 0x00, 0x00, 0x00,
  0x00, 0x00, 0x00, 0x00, 0x00, 0x00, 0x00, 0x00, 0x00, 0x00, 0x00, 0x00,
  0x00, 0x00, 0x00, 0x00, 0x00, 0x00, 0x00, 0x00, 0x00, 0x00, 0x00, 0x00,
  0x00, 0x00, 0x00, 0x00, 0x00, 0x00, 0x00, 0x00, 0x00, 0x00, 0x00, 0x00,
  0x00, 0x00, 0x00, 0x00, 0x00, 0x00, 0x00, 0x00, 0x00, 0x00, 0x00, 0x00,
  0x00, 0x00, 0x00, 0x00, 0x00, 0x00, 0x00, 0x00, 0x00, 0x00, 0x00, 0x00,
  0x00, 0x00, 0x00, 0x00, 0x00, 0x00, 0x00, 0x00, 0x00, 0x00, 0x00, 0x00,
  0x00, 0x00, 0x00, 0x00, 0x00, 0x00, 0x00, 0x00, 0x00, 0x00, 0x00, 0x00,
  0x00, 0x00, 0x00, 0x00, 0x00, 0x00, 0x00, 0x00, 0x00, 0x00, 0x00, 0x00,
  0x00, 0x00, 0x00, 0x00, 0x00, 0x00, 0x00, 0x00, 0x00, 0x00, 0x00, 0x00,
  0x00, 0x00, 0x00, 0x00, 0x00, 0x00, 0x00, 0x00, 0x00, 0x00, 0x00, 0x00,
  0x00, 0x00, 0x00, 0x00, 0x00, 0x00, 0x00, 0x00, 0x00, 0x00, 0x00, 0x00,
  0x00, 0x00, 0x00, 0x00, 0x00, 0x00, 0x00, 0x00, 0x00, 0x00, 0x00, 0x00,
  0x00, 0x00, 0x00, 0x00, 0x00, 0x00, 0x00, 0x00, 0x00, 0x00, 0x00, 0x00,
  0x00, 0x00, 0x00, 0x00, 0x00, 0x00, 0x00, 0x00, 0x00, 0x00, 0x00, 0x00,
  0x00, 0x00, 0x00, 0x00, 0x00, 0x00, 0x00, 0x00, 0x00, 0x00, 0x00, 0x00,
  0x00, 0x00, 0x00, 0x00, 0x00, 0x00, 0x00, 0x00, 0x00, 0x00, 0x00, 0x00,
  0x00, 0x00, 0x00, 0x00, 0x00, 0x00, 0x00, 0x00, 0x00, 0x00, 0x00, 0x00,
  0x00, 0x00, 0x00, 0x00, 0x00, 0x00, 0x00, 0x00, 0x00, 0x00, 0x00, 0x00,
  0x00, 0x00, 0x00, 0x00, 0x00, 0x00, 0x00, 0x00, 0x00, 0x00, 0x00, 0x00,
  0x00, 0x00, 0x00, 0x00, 0x00, 0x00, 0x00, 0x00, 0x00, 0x00, 0x00, 0x00,
  0x00, 0x00, 0x00, 0x00, 0x00, 0x00, 0x00, 0x00, 0x00, 0x00, 0x00, 0x00,
  0x00, 0x00, 0x00, 0x00, 0x00, 0x00, 0x00, 0x00, 0x00, 0x00, 0x00, 0x00,
  0x00, 0x00, 0x00, 0x00, 0x00, 0x00, 0x00, 0x00, 0x00, 0x00, 0x00, 0x00,
  0x00, 0x00, 0x00, 0x00, 0x00, 0x00, 0x00, 0x00, 0x00, 0x00, 0x00, 0x00,
  0x00, 0x00, 0x00, 0x00, 0x00, 0x00, 0x00, 0x00
};

static const u8 stage2[STAGE_LENGTH] = {
  0xFF, 0xFF, 0xFF, 0xFF, 0xFF, 0xFF, 0xFF, 0xFF, 0xFF, 0xFF, 0x00, 0x00,
  0x0A, 0xB7, 0x1D, 0x40, 0xAA, 0xBF, 0xFF, 0xFF, 0x00, 0x00, 0x00, 0x5E,
  0xBA, 0x80, 0x57, 0xFF, 0xFF, 0xFA, 0x80, 0x02, 0xA5, 0x6F, 0x34, 0x02,
  0xBF, 0xFF, 0xFF, 0xFD, 0x70, 0x00, 0x00, 0x5A, 0xB8, 0x05, 0xFF, 0xFF,
  0xFF, 0xEA, 0x5C, 0x00, 0x00, 0xBC, 0x25, 0xBE, 0xFF, 0xFF, 0xFF, 0xF7,
  0xAE, 0x00, 0x00, 0x6E, 0xA0, 0x07, 0xE7, 0xFF, 0xFF, 0xFA, 0x77, 0x00,
  0x2A, 0xB4, 0x00, 0x2B, 0xC1, 0xFF, 0xFF, 0xD5, 0xA9, 0xC0, 0x01, 0x78,
  0x15, 0xFF, 0xD1, 0xFF, 0xF8, 0x00, 0x14, 0x70, 0x00, 0xDB, 0x00, 0xAF,
  0x80, 0xE3, 0x00, 0x00, 0x01, 0x38, 0x01, 0xBD, 0x41, 0xDF, 0x84, 0x80,
  0x48, 0x40, 0x08, 0x1C, 0x2A, 0xF0, 0x02, 0xFF, 0x90, 0x04, 0x02, 0x12,
  0x02, 0x4F, 0x0F, 0xC0, 0x1D, 0xFF, 0x80, 0x20, 0x10, 0x00, 0x00, 0x04,
  0x01, 0xFA, 0x36, 0xBF, 0x80, 0x80, 0x00, 0x0A, 0x80, 0x2E, 0xB7, 0xD0,
  0x03, 0xFF, 0x00, 0x00, 0x04, 0x40, 0x00, 0x07, 0x2A, 0xE0, 0x01, 0x5F,
  0x00, 0x02, 0x00, 0x02, 0x00, 0x42, 0x01, 0x68, 0x00, 0x3F, 0x00, 0x01,
  0x00, 0x90, 0x00, 0x17, 0x00, 0xF4, 0x00, 0x1E, 0x00, 0x00, 0x00, 0x00,
  0x00, 0x03, 0x81, 0x7C, 0x06, 0x3D, 0x00, 0x01, 0x00, 0x28, 0x00, 0x15,
  0xC0, 0xE7, 0x5F, 0x70, 0x40, 0x00, 0x80, 0x00, 0x40, 0x02, 0xF1, 0xC1,
  0xB1, 0x80, 0x10, 0x28, 0x00, 0x87, 0x10, 0x05, 0x1F, 0x00, 0x00, 0x00,
  0x0C, 0x44, 0x00, 0x18, 0x05, 0x0E, 0x00, 0x00, 0x00, 0x00, 0x01, 0x81,
  0x40, 0x60, 0x00, 0xF8, 0x00, 0x00, 0x00, 0x00, 0x00, 0x00, 0x3F, 0x00,
  0xEB, 0x64, 0x5A, 0x6C, 0x38, 0x38, 0x24, 0x5E, 0x26, 0x5E, 0x23, 0x5E,
  0x38, 0x5E, 0x57, 0x5E, 0x54, 0x5E, 0x69, 0x5E, 0x39, 0x5D, 0xDD, 0x5D,
  0x93, 0x69, 0x9F, 0x69, 0x00, 0x00, 0x00, 0x00, 0xFF, 0x64, 0x53, 0x65,
  0x29, 0x65, 0x53, 0x65, 0xFF, 0x64, 0x0F, 0x32, 0x28, 0x7A, 0x01, 0x8B,
  0x5E, 0xAF, 0x5E, 0xE5, 0x5E, 0xC1, 0x5F, 0x2F, 0x5F, 0xFB, 0x5E, 0xEA,
  0x00, 0x73, 0x62, 0x9B, 0x62, 0xDF, 0x62, 0x9A, 0x63, 0x12, 0x63, 0xEF,
  0x62, 0x01, 0x45, 0x5D, 0x6D, 0x5D, 0x91, 0x5D, 0xB4, 0x5D, 0xFE, 0xBD,
  0x98, 0x54, 0x48, 0x49, 0x53, 0x20, 0x49, 0x53, 0x20, 0x4E, 0x41, 0x4E,
  0x43, 0x59, 0x20, 0x41, 0x54, 0x20, 0x43, 0x48, 0x41, 0x53, 0x45, 0x20,
  0x48, 0x2E, 0x51, 0x2E, 0x20, 0x57, 0x45, 0x27, 0x56, 0x45, 0x20, 0x47,
  0x4F, 0x54, 0x20, 0x41, 0xCE, 0x45, 0x4D, 0x45, 0x52, 0x47, 0x45, 0x4E,
  0x43, 0x59, 0x20, 0x48, 0x45, 0x52, 0x45, 0x2E, 0x20, 0x43, 0x41, 0x52,
  0x4C, 0x4F, 0x53, 0x2C, 0x20, 0x54, 0x48, 0x45, 0x20, 0x4E, 0x45, 0x57,
  0x20, 0x59, 0x4F, 0x52, 0xCB, 0x41, 0x52, 0x4D, 0x45, 0x44, 0x20, 0x52,
  0x4F, 0x42, 0x42, 0x45, 0x52, 0x2C, 0x20, 0x48, 0x41, 0x53, 0x20, 0x42,
  0x45, 0x45, 0x4E, 0x20, 0x53, 0x50, 0x4F, 0x54, 0x54, 0x45, 0x44, 0x20,
  0x49, 0x4E, 0x20, 0xC1, 0x59, 0x45, 0x4C, 0x4C, 0x4F, 0x57, 0x20, 0x53,
  0x50, 0x4F, 0x52, 0x54, 0x53, 0x20, 0x43, 0x41, 0x52, 0x20, 0x4F, 0x4E,
  0x20, 0x54, 0x48, 0x45, 0x20, 0x46, 0x52, 0x45, 0x45, 0x57, 0x41, 0x59,
  0x2E, 0x2E, 0x2E, 0x20, 0x4F, 0x56, 0x45, 0x52, 0xAE, 0x06, 0x06, 0x02,
  0x00, 0x02, 0xF8, 0x22, 0x59, 0x4F, 0x4B, 0x21, 0x20, 0x59, 0x4F, 0x55,
  0x20, 0x41, 0x52, 0x45, 0x20, 0x55, 0x4E, 0x44, 0x45, 0x52, 0x20, 0x41,
  0x52, 0x52, 0x45, 0x53, 0x54, 0x20, 0x4F, 0xCE, 0x2D, 0x02, 0x00, 0x22,
  0xF0, 0x42, 0x59, 0x53, 0x55, 0x53, 0x50, 0x49, 0x43, 0x49, 0x4F, 0x4E,
  0x20, 0x4F, 0x46, 0x20, 0x41, 0x52, 0x4D, 0x45, 0x44, 0x20, 0x52, 0x4F,
  0x42, 0x42, 0x45, 0x52, 0x59, 0xAE, 0x03, 0x00, 0x20, 0x0F, 0x76, 0x20,
  0x0F, 0x76, 0x6F, 0x29, 0x50, 0xE9, 0xE1, 0x52, 0x92, 0x00, 0x00, 0x00,
  0x00, 0x00, 0x00, 0x00, 0x90, 0x5C, 0x28, 0x05, 0x7E, 0x71, 0x91, 0x7F,
  0x10, 0x3C, 0x0E, 0x6D, 0x71, 0x91, 0x6B, 0x35, 0x46, 0x09, 0x71, 0x71,
  0x91, 0x74, 0x21, 0x50, 0x41, 0x71, 0x71, 0x91, 0x6E, 0x35, 0x50, 0x12,
  0x75, 0x71, 0x91, 0x7E, 0xBC, 0x50, 0xE9, 0xE1, 0x4D, 0x92, 0x00, 0x00,
  0x00, 0x00, 0x00, 0x00, 0x00, 0x60, 0x90, 0x28, 0x05, 0x7E, 0x6C, 0x91,
  0x70, 0xE0, 0x3C, 0x73, 0x6D, 0x6C, 0x91, 0x88, 0xBB, 0x50, 0x25, 0x71,
  0x6C, 0x91, 0x7C, 0xC8, 0x50, 0x4B, 0x71, 0x6C, 0x91, 0x84, 0xB6, 0x50,
  0x1F, 0x75, 0x6C, 0x91, 0xF0, 0xF0, 0xF0, 0xF0, 0xD0, 0xF1, 0x91, 0xF2,
  0xC2, 0xF1, 0x51, 0xF0, 0xF0, 0xF0, 0xE0, 0xC9, 0xFA, 0xFA, 0xFA, 0xEA,
  0xE9, 0xF0, 0xF0, 0xF0, 0xE0, 0xF1, 0x11, 0xF0, 0xF0, 0x70, 0x00, 0x02,
  0x39, 0x60, 0x3C, 0x61, 0x28, 0x77, 0xC5, 0x37, 0x38, 0x39, 0xFB, 0x5B,
  0x69, 0xF8, 0xF8, 0xF8, 0xA8, 0x47, 0x45, 0xC3, 0x45, 0x37, 0xF8, 0xF8,
  0xE8, 0x29, 0x8B, 0x7D, 0x2B, 0x39, 0xF8, 0xF8, 0xF8, 0xF8, 0x88, 0x39,
  0x6B, 0xFD, 0x1D, 0x3B, 0x38, 0x55, 0x43, 0xE1, 0x43, 0x4D, 0xEB, 0x39,
  0xF8, 0xF8, 0xF8, 0x48, 0x00, 0x02, 0x4F, 0x60, 0x4F, 0x61, 0x02, 0x00,
  0x1E, 0x8E, 0x02, 0x9E, 0x0A, 0x00, 0x02, 0xBD, 0x82, 0x81, 0x02, 0xAD,
  0xDE, 0x00, 0x00, 0x02, 0x74, 0x60, 0x61, 0x61, 0x26, 0x00, 0x04, 0x02,
  0x00, 0x03, 0x0A, 0x00, 0x04, 0x02, 0x00, 0x03, 0x2D, 0x00, 0x05, 0x02,
  0x00, 0x03, 0x10, 0x00, 0x05, 0x02, 0x00, 0x03, 0x08, 0x00, 0x11, 0x13,
  0x00, 0x04, 0x02, 0x00, 0x03, 0x1D, 0x00, 0x04, 0x02, 0x00, 0x03, 0x0D,
  0x00, 0x0E, 0x09, 0x00, 0x0B, 0x01, 0x00, 0x02, 0x88, 0x60, 0x7B, 0x61,
  0x16, 0x10, 0x16, 0x10, 0x16, 0x10, 0x16, 0x30, 0x16, 0x30, 0x16, 0x30,
  0x16, 0x10, 0x16, 0x10, 0x16, 0xD0, 0x15, 0x10, 0x15, 0x10, 0x15, 0x10,
  0x15, 0x90, 0x15, 0x10, 0x15, 0x10, 0x15, 0x10, 0x15, 0x10, 0x15, 0x30,
  0x15, 0x10, 0x15, 0x10, 0x15, 0x30, 0x15, 0x10, 0x15, 0x10, 0x15, 0x70,
  0x15, 0x10, 0x15, 0x10, 0x15, 0x10, 0x15, 0x30, 0x15, 0x10, 0x15, 0x30,
  0x15, 0x10, 0x15, 0x30, 0x15, 0x30, 0x15, 0x10, 0x15, 0x10, 0x16, 0x10,
  0x16, 0x10, 0x16, 0x10, 0x16, 0x30, 0x15, 0x10, 0x16, 0x10, 0x15, 0x10,
  0x16, 0x10, 0x16, 0x10, 0x15, 0x70, 0x17, 0x10, 0x17, 0x10, 0x17, 0x10,
  0x17, 0x10, 0x17, 0x10, 0x17, 0x10, 0x17, 0x10, 0x17, 0x10, 0x17, 0x10,
  0x17, 0x10, 0x17, 0x10, 0x17, 0x10, 0x17, 0x10, 0x17, 0x10, 0x17, 0x10,
  0x17, 0x10, 0x17, 0x10, 0x17, 0x10, 0x17, 0x50, 0x17, 0x10, 0x17, 0x10,
  0x17, 0x30, 0x17, 0x10, 0x17, 0x30, 0x17, 0x10, 0x00, 0x02, 0xA8, 0x60,
  0x92, 0x61, 0x20, 0x17, 0x10, 0x17, 0x10, 0x17, 0x10, 0x17, 0x10, 0x17,
  0x70, 0x15, 0x10, 0x15, 0x10, 0x15, 0x30, 0x15, 0x10, 0x15, 0x30, 0x15,
  0x30, 0x15, 0x10, 0x15, 0x30, 0x16, 0x10, 0x16, 0x10, 0x16, 0x10, 0x16,
  0x30, 0x16, 0x30, 0x16, 0x10, 0x16, 0x30, 0x17, 0x10, 0x17, 0x10, 0x17,
  0x30, 0x17, 0x30, 0x17, 0x30, 0x17, 0x10, 0x17, 0x10, 0x17, 0xF0, 0x60,
  0x15, 0x10, 0x15, 0x10, 0x15, 0x30, 0x15, 0x10, 0x15, 0xD0, 0x15, 0x10,
  0x15, 0x10, 0x15, 0x30, 0x15, 0x30, 0x15, 0x10, 0x17, 0x10, 0x17, 0x10,
  0x17, 0x10, 0x17, 0x10, 0x17, 0x10, 0x17, 0x10, 0x17, 0x10, 0x17, 0x10,
  0x17, 0x10, 0x17, 0x10, 0x17, 0x10, 0x17, 0x10, 0x17, 0x10, 0x17, 0x10,
  0x17, 0x50, 0x17, 0x10, 0x17, 0xF0, 0x60, 0x00, 0x02, 0xF9, 0x60, 0xD0,
  0x61, 0xF0, 0xF0, 0x90, 0xF1, 0xF1, 0x31, 0xF0, 0xE0, 0xD1, 0x82, 0x81,
  0xF0, 0x60, 0xE9, 0xF0, 0xF1, 0x61, 0x90, 0x00, 0x00, 0x0B, 0x62, 0x85,
  0x63, 0x71, 0x23, 0x35, 0x17, 0x29, 0x2B, 0xFD, 0xFD, 0x5D, 0x2B, 0x29,
  0x27, 0x25, 0xF3, 0xF3, 0xF3, 0x33, 0xF5, 0xF5, 0x55, 0x17, 0x18, 0x19,
  0x1B, 0xFD, 0x1D, 0xBF, 0xFD, 0x5D, 0x1B, 0x19, 0x00, 0x00, 0x1E, 0x62,
  0x4E, 0x00, 0x02, 0xBD, 0x0A, 0x81, 0x02, 0xAD, 0x2A, 0x00, 0x04, 0x8E,
  0x02, 0x9E, 0x46, 0x00, 0x00, 0x00, 0x2F, 0x62, 0x0A, 0x00, 0x0D, 0x0B,
  0x00, 0x09, 0x01, 0x00, 0x03, 0x06, 0x00, 0x09, 0x01, 0x00, 0x03, 0x09,
  0x00, 0x05, 0x02, 0x00, 0x03, 0x32, 0x00, 0x0F, 0x01, 0x00, 0x03, 0x0E,
  0x00, 0x00, 0x43, 0x62, 0x15, 0x10, 0x15, 0x10, 0x15, 0x10, 0x15, 0x10,
  0x15, 0x10, 0x15, 0x10, 0x15, 0x10, 0x15, 0x10, 0x15, 0x50, 0x15, 0x10,
  0x15, 0x30, 0x15, 0x10, 0x15, 0x10, 0x15, 0x10, 0x15, 0x30, 0x15, 0x10,
  0x15, 0x10, 0x15, 0x10, 0x15, 0x30, 0x15, 0x30, 0x15, 0x30, 0x15, 0x30,
  0x15, 0x30, 0x16, 0x10, 0x16, 0x10, 0x16, 0x30, 0x16, 0x30, 0x16, 0x10,
  0x16, 0x10, 0x16, 0x30, 0x16, 0x10, 0x16, 0x10, 0x16, 0x10, 0x15, 0x10,
  0x15, 0x10, 0x16, 0x10, 0x15, 0x30, 0x16, 0x30, 0x15, 0x00, 0x00, 0x48,
  0x62, 0xF0, 0x10, 0x17, 0x30, 0x17, 0x30, 0x17, 0x30, 0x17, 0x10, 0x17,
  0x10, 0x17, 0x30, 0x17, 0x30, 0x17, 0x30, 0x17, 0x30, 0x17, 0x10, 0x17,
  0x10, 0x17, 0x10, 0x17, 0x30, 0x17, 0x30, 0x16, 0x10, 0x17, 0x10, 0x16,
  0x10, 0x16, 0x10, 0x16, 0x30, 0x16, 0x10, 0x17, 0x10, 0x17, 0x10, 0x17,
  0x30, 0x17, 0x10, 0x17, 0x10, 0x17, 0x30, 0x17, 0x30, 0x17, 0x10, 0x17,
  0x10, 0x17, 0x30, 0x17, 0x00, 0x00, 0x68, 0x62, 0xF0, 0xF0, 0xF0, 0xF0,
  0xF0, 0x90, 0xF9, 0xF9, 0xF9, 0xF9, 0xF9, 0xF9, 0x79, 0xF0, 0xE0, 0x00,
  0x00, 0x0B, 0x62, 0xF8, 0xF8, 0xF8, 0xF8, 0xF8, 0xF8, 0xF8, 0xF8, 0xF8,
  0xF8, 0xF8, 0xF8, 0xF8, 0xF8, 0x00, 0x00, 0x1E, 0x62, 0x06, 0x00, 0x02,
  0xBD, 0x08, 0x81, 0x2C, 0x45, 0x02, 0x59, 0x28, 0x81, 0x02, 0x3D, 0x26,
  0x01, 0x02, 0x2D, 0x02, 0xAD, 0x40, 0x00, 0x00, 0x00, 0x2F, 0x62, 0x05,
  0x00, 0x0F, 0x07, 0x00, 0x0D, 0x3B, 0x00, 0x07, 0x01, 0x00, 0x03, 0x16,
  0x00, 0x06, 0x04, 0x00, 0x03, 0x07, 0x00, 0x00, 0x43, 0x62, 0x90, 0xF1,
  0x71, 0x50, 0x17, 0x10, 0x17, 0x10, 0x17, 0x10, 0x17, 0x10, 0x17, 0x10,
  0x17, 0x30, 0x17, 0x30, 0x17, 0x10, 0x17, 0x10, 0x17, 0x10, 0x17, 0x10,
  0x17, 0x10, 0x17, 0x10, 0x17, 0x50, 0x16, 0x10, 0x16, 0x10, 0x16, 0x10,
  0x16, 0x30, 0x16, 0x30, 0x16, 0x10, 0x16, 0x10, 0x16, 0x10, 0x16, 0x10,
  0x16, 0x30, 0x16, 0x10, 0x16, 0x10, 0x16, 0x20, 0x00, 0x00, 0x48, 0x62,
  0x90, 0xF1, 0x71, 0xD0, 0x15, 0x10, 0x15, 0x10, 0x15, 0x10, 0x15, 0x30,
  0x15, 0x10, 0x15, 0x30, 0x15, 0x10, 0x15, 0x10, 0x15, 0x10, 0x15, 0x30,
  0x15, 0x10, 0x15, 0x10, 0x15, 0x30, 0x15, 0x30, 0x17, 0x10, 0x17, 0x10,
  0x17, 0x10, 0x17, 0x10, 0x17, 0x10, 0x17, 0x10, 0x17, 0x10, 0x17, 0x10,
  0x17, 0x10, 0x17, 0x10, 0x17, 0x10, 0x17, 0x00, 0x00, 0x68, 0x62, 0xF0,
  0xD0, 0xF2, 0x72, 0x80, 0xFA, 0xBA, 0xC0, 0xF1, 0xF1, 0xC1, 0xF0, 0xF0,
  0xF0, 0x70, 0x00, 0x00, 0x74, 0x62, 0xF8, 0xF8, 0xF8, 0xF8, 0xF8, 0xF8,
  0xF8, 0xF8, 0xF8, 0xF8, 0xF8, 0xF8, 0xA8, 0x00, 0x00, 0x9C, 0x62, 0x08,
  0x00, 0x02, 0xBD, 0x0A, 0x81, 0x7A, 0x45, 0x02, 0x59, 0x0A, 0x81, 0x02,
  0xAD, 0x22, 0x00, 0x00, 0x00, 0xE0, 0x62, 0x5F, 0x00, 0x00, 0xF0, 0x62,
  0xB0, 0xE1, 0xF0, 0x60, 0xF1, 0xB1, 0x20, 0x17, 0x10, 0x17, 0x10, 0x17,
  0x10, 0x17, 0x10, 0x17, 0x10, 0x17, 0x10, 0x17, 0x10, 0x17, 0x10, 0x17,
  0x10, 0x17, 0x10, 0x17, 0x00, 0x00, 0x13, 0x63, 0xF0, 0xB0, 0xF1, 0x41,
  0xF0, 0xF0, 0xF0, 0x50, 0x00, 0x00, 0x9B, 0x63, 0xF0, 0xD0, 0xF1, 0xF1,
  0x71, 0xF0, 0x80, 0x89, 0xEA, 0xF9, 0xF9, 0x19, 0xF0, 0xF0, 0x10, 0xF9,
  0xF9, 0xF9, 0x49, 0xF0, 0xF0, 0xF0, 0xE0, 0xF2, 0xF2, 0x42, 0xF1, 0xC1,
  0xF0, 0xF0, 0xF0, 0xE0, 0xF9, 0xF9, 0xB9, 0x90, 0x00, 0x00, 0x74, 0x62,
  0xB8, 0xE5, 0xFD, 0x5D, 0xF5, 0x55, 0x33, 0x41, 0x5D, 0x2B, 0xF8, 0xF8,
  0xF8, 0xF8, 0x78, 0x19, 0x1B, 0x4D, 0x1B, 0x15, 0x13, 0xA1, 0x23, 0x4B,
  0xBD, 0x1B, 0x19, 0xF8, 0xF8, 0x48, 0x95, 0xFB, 0x1B, 0x75, 0x31, 0x13,
  0x15, 0xD8, 0x29, 0xCB, 0xF8, 0xF8, 0xF8, 0xF8, 0xF8, 0x78, 0x15, 0x13,
  0x31, 0x13, 0x15, 0x17, 0x19, 0x1B, 0x1D, 0x2F, 0x2D, 0x2B, 0x19, 0xF8,
  0xF8, 0xF8, 0xF8, 0x88, 0x00, 0x00, 0x9C, 0x62, 0x5C, 0x00, 0x2E, 0x81,
  0x02, 0xAD, 0x66, 0x00, 0x06, 0x82, 0xCA, 0x00, 0x00, 0x00, 0xE0, 0x62,
  0x13, 0x00, 0x04, 0x03, 0x00, 0x03, 0x17, 0x00, 0x08, 0x02, 0x00, 0x03,
  0x36, 0x00, 0x05, 0x02, 0x00, 0x03, 0x12, 0x00, 0x07, 0x01, 0x00, 0x03,
  0x02, 0x00, 0x07, 0x01, 0x00, 0x03, 0x64, 0x00, 0x00, 0xF0, 0x62, 0x17,
  0x10, 0x17, 0x10, 0x17, 0x50, 0x14, 0x10, 0x14, 0x10, 0x14, 0x10, 0x14,
  0x10, 0x14, 0x10, 0x14, 0x10, 0x14, 0x10, 0x14, 0x10, 0x14, 0x10, 0x14,
  0x10, 0x14, 0x10, 0x14, 0x10, 0x14, 0x10, 0x14, 0x10, 0x14, 0x10, 0x14,
  0x30, 0x15, 0x10, 0x15, 0x10, 0x15, 0x10, 0x15, 0x10, 0x15, 0x30, 0x16,
  0x10, 0x16, 0x30, 0x16, 0x90, 0x16, 0x10, 0x16, 0x10, 0x16, 0x10, 0x16,
  0xF0, 0x80, 0x15, 0x10, 0x15, 0x10, 0x15, 0x10, 0x15, 0x10, 0x15, 0x10,
  0x15, 0x10, 0x15, 0x10, 0x15, 0xF0, 0xF0, 0xF0, 0x20, 0x14, 0x10, 0x14,
  0x10, 0x14, 0x10, 0x14, 0x10, 0x14, 0x10, 0x14, 0x10, 0x14, 0x10, 0x14,
  0x10, 0x14, 0x10, 0x14, 0x10, 0x14, 0x10, 0x14, 0x10, 0x14, 0x10, 0x14,
  0x30, 0x14, 0x30, 0x14, 0x30, 0x14, 0x10, 0x14, 0x10, 0x14, 0x10, 0x14,
  0x10, 0x14, 0x10, 0x14, 0x10, 0x14, 0x30, 0x14, 0x30, 0x14, 0x20, 0x00,
  0x00, 0x13, 0x63, 0x20, 0x16, 0x30, 0x16, 0x30, 0x16, 0x10, 0x16, 0x30,
  0x16, 0x30, 0x16, 0x70, 0x15, 0x30, 0x15, 0x10, 0x15, 0x10, 0x15, 0x90,
  0x14, 0x10, 0x14, 0x10, 0x14, 0x10, 0x14, 0x10, 0x14, 0x10, 0x14, 0x10,
  0x14, 0x10, 0x14, 0x10, 0x14, 0x10, 0x14, 0x10, 0x14, 0x10, 0x14, 0x10,
  0x14, 0x10, 0x14, 0x10, 0x14, 0x10, 0x14, 0x10, 0x14, 0x10, 0x14, 0x10,
  0x14, 0x10, 0x14, 0x10, 0x14, 0x10, 0x14, 0x10, 0x14, 0x10, 0x14, 0x10,
  0x14, 0x50, 0x14, 0x10, 0x14, 0x10, 0x14, 0x10, 0x14, 0x10, 0x14, 0x10,
  0x14, 0x10, 0x14, 0x10, 0x14, 0x10, 0x14, 0x10, 0x14, 0x10, 0x14, 0x10,
  0x14, 0x10, 0x14, 0x10, 0x14, 0x10, 0x14, 0x10, 0x14, 0x10, 0x14, 0x10,
  0x14, 0x10, 0x14, 0x10, 0x14, 0x10, 0x14, 0x10, 0x14, 0x10, 0x14, 0x10,
  0x14, 0x10, 0x14, 0x10, 0x14, 0x10, 0x14, 0x30, 0x15, 0x10, 0x15, 0x10,
  0x15, 0x30, 0x14, 0x10, 0x14, 0x10, 0x14, 0x10, 0x14, 0x10, 0x14, 0x70,
  0x14, 0x10, 0x14, 0x10, 0x14, 0x10, 0x14, 0x10, 0x14, 0x10, 0x14, 0x10,
  0x14, 0x30, 0x14, 0x30, 0x14, 0x30, 0x14, 0x90, 0x17, 0x10, 0x17, 0x10,
  0x17, 0x10, 0x17, 0x10, 0x17, 0x10, 0x17, 0x00, 0x00, 0x9B, 0x63, 0xFF,
  0xFF, 0xFF, 0xFF, 0xFC, 0x0D, 0xC5, 0xFF, 0xF8, 0x03, 0x8B, 0xFF, 0xF8,
  0x00, 0x05, 0xFF, 0xF0, 0x00, 0x02, 0xFF, 0xF0, 0x00, 0x05, 0xFF, 0xF0,
  0x00, 0x22, 0xFF, 0xE0, 0x00, 0x15, 0xFF, 0xE3, 0xE0, 0x2F, 0xFF, 0xE7,
  0x78, 0x1F, 0xFF, 0xE8, 0x39, 0xBF, 0xFF, 0xE0, 0x1F, 0xFD, 0x7F, 0xF1,
  0xFF, 0xFF, 0xBF, 0xF6, 0xDC, 0x76, 0xFF, 0xF0, 0x3C, 0x38, 0x3F, 0xF4,
  0x78, 0x78, 0x4F, 0xE3, 0x20, 0x7D, 0xA7, 0xE0, 0x00, 0x3A, 0x0F, 0xC0,
  0x30, 0x3C, 0x07, 0xE0, 0xC0, 0x3E, 0x0F, 0xD0, 0xC0, 0x1D, 0x17, 0xE1,
  0xD8, 0x3E, 0x0F, 0xD1, 0x7C, 0x7F, 0x5F, 0xE2, 0xFF, 0xFF, 0xAF, 0xF6,
  0xFB, 0xFF, 0x7F, 0xEB, 0xD5, 0x6B, 0xBF, 0xF7, 0xA0, 0x01, 0xFF, 0xFB,
  0x0F, 0xE2, 0xFF, 0xFE, 0xB0, 0x01, 0xFF, 0xFF, 0x00, 0x18, 0xFF, 0xFE,
  0x87, 0xF1, 0xFF, 0xFF, 0x2B, 0xAA, 0xFF, 0xFE, 0x95, 0x55, 0xFF, 0xFF,
  0x6F, 0xEB, 0xFF, 0xEF, 0xFF, 0xFF, 0xFF, 0xEF, 0xFF, 0xFF, 0xFF, 0xE7,
  0xFF, 0xFF, 0xFF, 0xE2, 0xFF, 0xFF, 0xFF, 0xC1, 0x5F, 0xFF, 0xFF, 0xFF,
  0xFF, 0xFF, 0xFF, 0x70, 0x70, 0x30, 0x30, 0x70, 0x70, 0x30, 0x30, 0x70,
  0x70, 0x70, 0x30, 0x70, 0x70, 0x30, 0x30, 0x70, 0x70, 0x30, 0x30, 0x06,
  0x00, 0x1D, 0x7D, 0x65, 0x7D, 0x65, 0x04, 0x00, 0x13, 0x2B, 0x66, 0x2B,
  0x66, 0x03, 0x00, 0x0D, 0x77, 0x66, 0x77, 0x66, 0x03, 0x00, 0x0D, 0x77,
  0x66, 0x77, 0x66, 0x02, 0x01, 0x08, 0x9E, 0x66, 0x9E, 0x66, 0x02, 0x01,
  0x08, 0x9E, 0x66, 0xBE, 0x66, 0x06, 0x00, 0x1E, 0xDE, 0x66, 0xDE, 0x66,
  0x04, 0x00, 0x16, 0x92, 0x67, 0x92, 0x67, 0x03, 0x00, 0x0F, 0xEA, 0x67,
  0xEA, 0x67, 0x03, 0x00, 0x0F, 0xEA, 0x67, 0xEA, 0x67, 0x02, 0x01, 0x08,
  0x17, 0x68, 0x37, 0x68, 0x02, 0x01, 0x08, 0x17, 0x68, 0x37, 0x68, 0x06,
  0x00, 0x1E, 0x57, 0x68, 0x57, 0x68, 0x04, 0x00, 0x16, 0x0B, 0x69, 0x0B,
  0x69, 0x03, 0x00, 0x10, 0x63, 0x69, 0x63, 0x69, 0x03, 0x00, 0x10, 0x63,
  0x69, 0x63, 0x69, 0x02, 0x01, 0x08, 0x17, 0x68, 0x37, 0x68, 0x02, 0x01,
  0x08, 0x17, 0x68, 0x37, 0x68, 0x0F, 0xFF, 0xFF, 0xFF, 0xFF, 0xE0, 0x7F,
  0xFF, 0xFF, 0xFF, 0xFF, 0xFC, 0x7C, 0xAF, 0xFF, 0xFF, 0xEA, 0x7C, 0xFB,
  0xFF, 0xFF, 0xFF, 0xFF, 0xBE, 0xFA, 0x55, 0x55, 0x55, 0x54, 0xBE, 0xF8,
  0xA0, 0x3F, 0xFC, 0x0A, 0x3E, 0x77, 0xFF, 0xE0, 0x07, 0xFF, 0xDC, 0x6A,
  0xAA, 0xA0, 0x06, 0xAA, 0xAC, 0xD4, 0x00, 0x20, 0x04, 0x00, 0x56, 0x80,
  0x00, 0x3F, 0xFC, 0x00, 0x02, 0x80, 0x00, 0x00, 0x00, 0x00, 0x02, 0x85,
  0x55, 0x55, 0x55, 0x55, 0x42, 0x5F, 0xFE, 0x03, 0x80, 0xFF, 0xF4, 0x53,
  0xEE, 0x07, 0x00, 0xEF, 0x94, 0x57, 0x56, 0x03, 0x80, 0xD5, 0xD4, 0x53,
  0xAA, 0xAA, 0xAA, 0xAB, 0x94, 0x4B, 0x47, 0xFF, 0xFF, 0xC5, 0xA4, 0x27,
  0xFF, 0xFF, 0xFF, 0xFF, 0xC8, 0x28, 0x00, 0x00, 0x00, 0x00, 0x28, 0x1D,
  0x00, 0x00, 0x00, 0x00, 0xB0, 0x17, 0xFF, 0xFF, 0xFF, 0xFF, 0xD0, 0x20,
  0x9A, 0xA8, 0x2A, 0xB2, 0x08, 0x20, 0x98, 0x04, 0x40, 0x32, 0x08, 0x1F,
  0x58, 0x04, 0x40, 0x35, 0xF0, 0x00, 0x4F, 0xF8, 0x3F, 0xE4, 0x00, 0x00,
  0x2F, 0xE0, 0x00, 0x28, 0x00, 0x00, 0x7F, 0xFF, 0xFF, 0xFC, 0x00, 0x00,
  0x81, 0xC0, 0x00, 0x02, 0x00, 0x00, 0x7F, 0xFF, 0xFF, 0xFC, 0x00, 0x7F,
  0xFF, 0xFF, 0xFE, 0x75, 0xFF, 0xFF, 0xAE, 0xEF, 0x4B, 0x5A, 0xF7, 0xE4,
  0x0F, 0xF0, 0x27, 0xCF, 0xB8, 0x1D, 0xF3, 0x90, 0x08, 0x10, 0x09, 0x80,
  0x00, 0x00, 0x01, 0x86, 0xD7, 0xBD, 0xA1, 0xAF, 0xE3, 0x0F, 0xF5, 0xAA,
  0x61, 0x0C, 0xB5, 0x9A, 0x7F, 0xFC, 0xB9, 0x5F, 0xFF, 0xFF, 0xF2, 0x30,
  0x00, 0x00, 0x1C, 0x3F, 0xFF, 0xFF, 0xF8, 0x45, 0x82, 0x83, 0x44, 0x3D,
  0x84, 0x43, 0x78, 0x06, 0xF8, 0x3E, 0xC0, 0x01, 0xFF, 0xFF, 0x00, 0x01,
  0xFF, 0xFF, 0x00, 0x1F, 0xFF, 0xFC, 0x3A, 0xFF, 0xAE, 0x77, 0x9C, 0xF7,
  0x38, 0x22, 0x0E, 0x40, 0x22, 0x01, 0x5F, 0x88, 0xFD, 0x48, 0x88, 0x89,
  0x58, 0xFF, 0x8D, 0x3F, 0xFF, 0xFE, 0x25, 0x5D, 0x52, 0x1B, 0x08, 0x6C,
  0x03, 0xFF, 0xE0, 0x03, 0xFF, 0xE0, 0x00, 0xFF, 0x07, 0xF8, 0x00, 0xCF,
  0x07, 0x98, 0x80, 0x6A, 0x0F, 0xB0, 0x00, 0xBD, 0x07, 0xE8, 0x00, 0xFF,
  0x07, 0xF8, 0x00, 0xAA, 0x07, 0xA8, 0x80, 0x47, 0x0F, 0x10, 0xC0, 0x3F,
  0x1F, 0xE0, 0xE0, 0x1F, 0x00, 0xFF, 0xE0, 0x19, 0x00, 0xF3, 0xF0, 0x0D,
  0x01, 0x56, 0xE0, 0x17, 0x00, 0xBD, 0xE0, 0x1F, 0x00, 0xFF, 0xE0, 0x15,
  0x00, 0x55, 0xF0, 0x08, 0x01, 0xE2, 0xF8, 0x07, 0x03, 0xFC, 0x0F, 0xFF,
  0xFF, 0xFF, 0xFF, 0xE0, 0x7F, 0xFF, 0xFF, 0xFF, 0xFF, 0xFC, 0x72, 0xBF,
  0xFF, 0xFF, 0xFA, 0x9C, 0xEF, 0xFF, 0xFF, 0xFF, 0xFF, 0xEE, 0xEF, 0xFF,
  0xFF, 0xFF, 0xFF, 0xEE, 0xFA, 0xAA, 0xAA, 0xAA, 0xAA, 0xBE, 0x60, 0x00,
  0x00, 0x00, 0x00, 0x0C, 0x6A, 0xAA, 0xAA, 0xAA, 0xAA, 0xAC, 0xD5, 0x55,
  0x55, 0x55, 0x55, 0x56, 0xB6, 0xDB, 0x6D, 0xB6, 0xDB, 0x6E, 0xFF, 0xFF,
  0xFF, 0xFF, 0xFF, 0xFE, 0xAA, 0x17, 0xAA, 0xAB, 0xD0, 0xAA, 0xD5, 0x2D,
  0x00, 0x01, 0x69, 0x56, 0x82, 0x17, 0x00, 0x01, 0xD0, 0x82, 0xC5, 0x2D,
  0x00, 0x01, 0x69, 0x46, 0xFF, 0xFF, 0xFF, 0xFF, 0xFF, 0xFE, 0x80, 0x00,
  0x00, 0x00, 0x00, 0x02, 0x40, 0x00, 0x00, 0x00, 0x00, 0x04, 0x48, 0x00,
  0x00, 0x00, 0x00, 0x24, 0x32, 0x80, 0x00, 0x00, 0x02, 0x98, 0x2C, 0x7F,
  0xFF, 0xFF, 0xFC, 0x68, 0x46, 0x47, 0xFC, 0x7F, 0xC4, 0xC4, 0x43, 0x23,
  0xFC, 0x7F, 0x89, 0x84, 0x3F, 0x90, 0x00, 0x3F, 0x13, 0xF8, 0x01, 0xD8,
  0x00, 0x3F, 0x37, 0x00, 0x00, 0xCC, 0x00, 0x1E, 0x66, 0x00, 0x00, 0x67,
  0xFF, 0xFF, 0xCC, 0x00, 0x00, 0x10, 0x00, 0x00, 0x10, 0x00, 0x00, 0x0C,
  0x00, 0x00, 0x60, 0x00, 0x00, 0x03, 0xFF, 0xFF, 0x80, 0x00, 0x1F, 0xFF,
  0xFF, 0xF8, 0x6B, 0xFF, 0xFF, 0xD6, 0xDF, 0xFF, 0xFF, 0xFB, 0xDF, 0xFF,
  0xFF, 0xFB, 0x70, 0x00, 0x00, 0x0E, 0x55, 0x55, 0xAA, 0xAA, 0xAA, 0xAA,
  0x55, 0x55, 0xFF, 0xFF, 0xFF, 0xFF, 0x95, 0xB5, 0xAD, 0xA9, 0xA9, 0x70,
  0x0E, 0x95, 0xC5, 0xB0, 0x0D, 0xA3, 0xFF, 0xFF, 0xFF, 0xFF, 0x80, 0x00,
  0x00, 0x01, 0x50, 0x00, 0x00, 0x0A, 0x6A, 0x00, 0x00, 0x56, 0x51, 0xFF,
  0xFF, 0x8A, 0x4D, 0x3E, 0xFC, 0xB2, 0x3E, 0x80, 0xF9, 0x7C, 0x06, 0xC0,
  0x7B, 0x60, 0x01, 0x3F, 0xFC, 0x80, 0x00, 0x80, 0x01, 0x00, 0x00, 0x7F,
  0xFE, 0x00, 0x3F, 0xFF, 0xF8, 0x5F, 0xFF, 0xF4, 0xFF, 0xFF, 0xFE, 0x40,
  0x00, 0x04, 0xAA, 0xB5, 0x52, 0xFF, 0xFF, 0xFE, 0xAE, 0xB6, 0xEA, 0x97,
  0x83, 0xD2, 0xFF, 0xFF, 0xFE, 0x60, 0x00, 0x0C, 0x67, 0xFF, 0xCC, 0x95,
  0xEF, 0x52, 0x6A, 0x0E, 0xAC, 0x05, 0xFF, 0x40, 0x03, 0xFF, 0x80, 0x00,
  0xFF, 0x07, 0xF8, 0x00, 0xCF, 0x07, 0x98, 0x80, 0x57, 0x0F, 0x50, 0x00,
  0xBD, 0x07, 0xE8, 0x00, 0xBF, 0x07, 0xE8, 0x80, 0x5F, 0x0F, 0xD0, 0xC0,
  0x20, 0x1F, 0x20, 0xE0, 0x1F, 0x3F, 0xC0, 0xE0, 0x1F, 0x00, 0xFF, 0xE0,
  0x19, 0x00, 0xF3, 0xF0, 0x0A, 0x01, 0xEA, 0xE0, 0x17, 0x00, 0xBD, 0xE0,
  0x17, 0x00, 0xFD, 0xF0, 0x0B, 0x01, 0xFA, 0xF8, 0x04, 0x03, 0x04, 0xFC,
  0x03, 0x07, 0xF8, 0x0F, 0xFF, 0xFF, 0xFF, 0xFF, 0xE0, 0x7F, 0xFF, 0xFF,
  0xFF, 0xFF, 0xFC, 0x72, 0xBF, 0xFF, 0xFF, 0xFA, 0x9C, 0xEF, 0xFF, 0xFF,
  0xFF, 0xFF, 0xEE, 0xEF, 0xFF, 0xFF, 0xFF, 0xFF, 0xEE, 0xFA, 0xAA, 0xAA,
  0xAA, 0xAA, 0xBE, 0x60, 0x00, 0x00, 0x00, 0x00, 0x0C, 0x60, 0x00, 0x00,
  0x00, 0x00, 0x0C, 0xD5, 0x55, 0x55, 0x55, 0x55, 0x56, 0xB6, 0xDB, 0x6D,
  0xB6, 0xDB, 0x6E, 0xFF, 0xFF, 0xFF, 0xFF, 0xFF, 0xFE, 0xEA, 0x3B, 0xAA,
  0xAB, 0xB8, 0xAE, 0xD5, 0x15, 0x00, 0x01, 0x51, 0x56, 0xC2, 0x11, 0x00,
  0x01, 0x10, 0x86, 0xE5, 0x31, 0x00, 0x01, 0x19, 0x4E, 0xFF, 0xFF, 0xFF,
  0xFF, 0xFF, 0xFE, 0x95, 0x40, 0x00, 0x00, 0x00, 0x02, 0x4A, 0x00, 0x00,
  0x00, 0x00, 0x04, 0x75, 0x00, 0x00, 0x00, 0x00, 0x24, 0x32, 0xA4, 0x00,
  0x00, 0x02, 0x98, 0x2C, 0x7F, 0xFF, 0xFF, 0xFC, 0x68, 0x46, 0x47, 0xFC,
  0x7F, 0xC4, 0xC4, 0x43, 0x23, 0xFC, 0x7F, 0x89, 0x84, 0x3F, 0x90, 0x00,
  0x3F, 0x13, 0xF8, 0x01, 0xD8, 0x00, 0x3F, 0x37, 0x00, 0x00, 0xCC, 0x00,
  0x1E, 0x66, 0x00, 0x00, 0x67, 0xFF, 0xFF, 0xCC, 0x00, 0x00, 0x10, 0x00,
  0x00, 0x10, 0x00, 0x00, 0x0C, 0x00, 0x00, 0x60, 0x00, 0x00, 0x03, 0xFF,
  0xFF, 0x80, 0x00, 0x1F, 0xFF, 0xFF, 0xF8, 0x6B, 0xFF, 0xFF, 0xD6, 0xDF,
  0xFF, 0xFF, 0xFB, 0xD5, 0x55, 0x2A, 0xAB, 0x60, 0x00, 0x00, 0x02, 0x40,
  0x00, 0x00, 0x02, 0xAA, 0xAB, 0xD5, 0x55, 0xFF, 0xFF, 0xFF, 0xFF, 0xC9,
  0xFB, 0xDF, 0x93, 0x90, 0x90, 0x09, 0x09, 0xC9, 0x90, 0x09, 0x93, 0xFF,
  0xFF, 0xFF, 0xFF, 0x8A, 0x80, 0x00, 0x01, 0x94, 0x00, 0x00, 0x01, 0x6A,
  0x00, 0x00, 0x56, 0x51, 0xFF, 0xFF, 0x8A, 0x8D, 0x3F, 0x7C, 0xB1, 0x7E,
  0x80, 0x79, 0x7E, 0x06, 0xC0, 0x7B, 0x60, 0x01, 0x3F, 0xFC, 0x80, 0x00,
  0xC0, 0x03, 0x00, 0x00, 0x3F, 0xFC, 0x00, 0x3F, 0xFF, 0xFC, 0x5F, 0xFF,
  0xFA, 0xFF, 0xFF, 0xFF, 0x40, 0x00, 0x02, 0xAA, 0xAA, 0xA9, 0xFF, 0xFF,
  0xFF, 0xAF, 0xAB, 0xF5, 0xD6, 0x81, 0x6B, 0xFF, 0xFF, 0xFF, 0x60, 0x00,
  0x06, 0x67, 0xFF, 0xE6, 0x95, 0xE7, 0xA9, 0x6A, 0x07, 0x56, 0x05, 0xFF,
  0xA0, 0x02, 0x00, 0x40, 0x01, 0xFF, 0x80, 0xCF, 0x69, 0xB4, 0x69, 0xAB,
  0x69, 0xD8, 0x69, 0xE1, 0x69, 0xFC, 0x69, 0xCF, 0x69, 0xC6, 0x69, 0xBD,
  0x69, 0xEA, 0x69, 0xF3, 0x69, 0x04, 0x6A, 0x11, 0xF0, 0x07, 0x00, 0x10,
  0x0C, 0x6A, 0x0C, 0x6A, 0x0A, 0x00, 0x03, 0x00, 0x07, 0x7C, 0x6A, 0x7C,
  0x6A, 0x11, 0xF0, 0x07, 0x00, 0x10, 0x91, 0x6A, 0x91, 0x6A, 0x0A, 0x00,
  0x03, 0x00, 0x07, 0x01, 0x6B, 0x01, 0x6B, 0x00, 0x00, 0x03, 0x01, 0x0A,
  0x16, 0x6B, 0x16, 0x6B, 0x0E, 0xF0, 0x02, 0x01, 0x03, 0x52, 0x6B, 0x52,
  0x6B, 0x0A, 0x18, 0x01, 0x01, 0x07, 0x5E, 0x6B, 0x5E, 0x6B, 0x0C, 0xF8,
  0x01, 0x01, 0x05, 0x6C, 0x6B, 0x6C, 0x6B, 0x0A, 0x18, 0x02, 0x01, 0x07,
  0x76, 0x6B, 0x76, 0x6B, 0xF8, 0x05, 0x01, 0x0A, 0x92, 0x6B, 0x92, 0x6B,
  0xF8, 0x05, 0x01, 0x0A, 0xF6, 0x6B, 0xF6, 0x6B, 0x04, 0xA8, 0x0A, 0x3D,
  0x55, 0x00, 0x00, 0x00, 0x5E, 0x0A, 0x1A, 0xFA, 0x00, 0x10, 0x00, 0x1D,
  0x45, 0x3D, 0x64, 0x00, 0x08, 0x00, 0x0B, 0xD4, 0x1A, 0xA0, 0x00, 0x14,
  0x00, 0x01, 0x6E, 0x3D, 0x60, 0x05, 0xAC, 0x00, 0x00, 0x1F, 0x27, 0xC0,
  0x1A, 0xFE, 0x00, 0x00, 0x00, 0x99, 0x16, 0xBF, 0xAA, 0x40, 0x00, 0x03,
  0xBD, 0xFF, 0xD5, 0x40, 0x00, 0x00, 0x02, 0xBD, 0x6A, 0xA8, 0x02, 0x40,
  0x15, 0x5F, 0xBD, 0xE0, 0x00, 0x00, 0x2A, 0xDF, 0xAE, 0x99, 0x98, 0x00,
  0x00, 0x7F, 0xEA, 0x83, 0xA1, 0x74, 0x00, 0x00, 0x75, 0x50, 0x0E, 0x56,
  0x9A, 0x80, 0x00, 0x2A, 0x00, 0x1C, 0x43, 0x07, 0xB0, 0x00, 0x00, 0x00,
  0x28, 0x42, 0x02, 0xE8, 0x00, 0x08, 0x00, 0x54, 0x42, 0x00, 0x5D, 0x20,
  0x89, 0xFF, 0xB8, 0x89, 0xFF, 0x58, 0x8C, 0xFF, 0xA8, 0x8A, 0x7F, 0x58,
  0xFA, 0x7E, 0xAF, 0x15, 0x3D, 0x7B, 0x14, 0x1B, 0xBA, 0x00, 0x00, 0xBA,
  0x3D, 0x50, 0x0B, 0xE0, 0x04, 0x00, 0x5A, 0x1A, 0xF0, 0x5D, 0x50, 0x08,
  0x00, 0x25, 0x3D, 0x60, 0xBA, 0x00, 0x14, 0x00, 0x1C, 0x1A, 0xA5, 0xD0,
  0x00, 0x1A, 0x80, 0x06, 0x3D, 0x76, 0x80, 0x00, 0x3F, 0x55, 0x01, 0x27,
  0xD8, 0x00, 0x00, 0x35, 0xFF, 0xDC, 0x99, 0x00, 0x00, 0x04, 0x2A, 0xAA,
  0xFF, 0xBD, 0xE0, 0x00, 0x00, 0x30, 0x00, 0x16, 0xBD, 0x74, 0x00, 0x04,
  0x10, 0x00, 0x03, 0xBD, 0xAB, 0xAA, 0xAA, 0x00, 0x00, 0x36, 0x99, 0x05,
  0x7D, 0x56, 0x00, 0x01, 0x5F, 0xA1, 0x00, 0xAB, 0xFC, 0x00, 0x02, 0xF4,
  0xD6, 0x80, 0x01, 0x56, 0x08, 0x57, 0x49, 0xC3, 0x60, 0x00, 0xA4, 0x06,
  0xBA, 0x80, 0xC2, 0x30, 0x00, 0x08, 0x07, 0xF4, 0x01, 0x42, 0x5A, 0x00,
  0x00, 0x89, 0xFF, 0xB8, 0x89, 0xFF, 0x58, 0x8C, 0xFF, 0xA8, 0x8A, 0x7F,
  0x58, 0xFA, 0x7E, 0xAF, 0x95, 0x3D, 0x78, 0x54, 0x1B, 0xB8, 0xF9, 0x00,
  0xC1, 0x00, 0x9F, 0x00, 0xF0, 0x06, 0x80, 0x3E, 0x0F, 0x60, 0xE0, 0x0B,
  0x00, 0x7F, 0x07, 0x70, 0xE0, 0x09, 0x00, 0xFF, 0x03, 0xF8, 0xC0, 0x13,
  0x00, 0xFF, 0x03, 0xF8, 0xC0, 0x17, 0x00, 0xFF, 0x01, 0xFC, 0xC0, 0x13,
  0x00, 0xFF, 0x01, 0xFC, 0x80, 0x27, 0x00, 0x80, 0x00, 0xF6, 0x80, 0x2D,
  0x00, 0x7F, 0x00, 0x5A, 0x00, 0x57, 0x00, 0xFF, 0x00, 0xF5, 0xFE, 0x00,
  0x86, 0x10, 0xFC, 0x01, 0x0F, 0x60, 0xF8, 0x01, 0x07, 0xD0, 0x3F, 0x80,
  0x3F, 0x80, 0x0F, 0x80, 0x03, 0xF0, 0x01, 0xEC, 0x00, 0x52, 0x0D, 0xA0,
  0xF8, 0x00, 0xE0, 0x07, 0xC0, 0x1D, 0x80, 0x2A, 0xD0, 0x05, 0x3F, 0x80,
  0xFF, 0x00, 0x3F, 0x80, 0xFF, 0x00, 0x3F, 0x80, 0xFF, 0x00, 0x39, 0x80,
  0xFF, 0x00, 0x70, 0x06, 0x7F, 0x00, 0xF8, 0x01, 0x3F, 0x80, 0xF4, 0x00,
  0x1F, 0xC0, 0xFF, 0x00, 0xFF, 0x00, 0x53, 0xAC, 0xEB, 0x14, 0xFF, 0x00,
  0xFE, 0x01, 0xBF, 0x40, 0xA1, 0x5E, 0xD5, 0x2A, 0x7F, 0x80, 0xF5, 0x0A,
  0x57, 0xA8, 0xD3, 0x2C, 0xAB, 0x54, 0xFF, 0x00, 0xEA, 0x15, 0xAA, 0x55,
  0xE1, 0x1E, 0x5F, 0xA0, 0xFF, 0x00, 0xF5, 0x0A, 0x55, 0xAA, 0x40, 0xBF,
  0xFF, 0x00, 0xFF, 0x00, 0xFF, 0x00, 0xFF, 0x00, 0x80, 0x7F, 0x55, 0xAA,
  0x55, 0xAA, 0xFF, 0x00, 0xFD, 0x02, 0x40, 0xBF, 0xAA, 0x55, 0xAB, 0x54,
  0xFF, 0x00, 0xEA, 0x15, 0x80, 0x7F, 0x7D, 0x82, 0x57, 0xA8, 0xFF, 0x00,
  0x55, 0xAA, 0xC0, 0x3F, 0xBF, 0x40, 0xBF, 0x40, 0xFF, 0x00, 0xFB, 0x04,
  0xE1, 0x1E, 0x5F, 0xA0, 0xFF, 0x00, 0xFF, 0x00, 0xF5, 0x0A, 0xF2, 0x0D,
  0xAF, 0x50, 0xFF, 0x00, 0xFF, 0x00, 0xAA, 0x55, 0xE1, 0x1E, 0x5F, 0xA0,
  0xFF, 0x00, 0xFF, 0x00, 0xF5, 0x0A, 0x52, 0xAD, 0xBF, 0x40, 0xEB, 0x14,
  0xFF, 0x00, 0xFF, 0x00, 0xA1, 0x5E, 0x7D, 0x82, 0x55, 0xAA, 0xFF, 0x00,
  0xFF, 0x00, 0xC0, 0x3F, 0xAA, 0x55, 0xAB, 0x54, 0xEA, 0x15, 0xAA, 0x55,
  0x80, 0x7F, 0x55, 0xAA, 0x55, 0xAA, 0xF5, 0x0A, 0x55, 0xAA, 0x40, 0xBF,
  0xFF, 0x00, 0xFF, 0x00, 0xFE, 0x01, 0xAB, 0x54, 0xC0, 0x3F, 0x5F, 0xA0,
  0xFF, 0x00, 0xFF, 0x00, 0x7F, 0x80, 0x40, 0xBF, 0xAA, 0x55, 0xFF, 0x00,
  0xFF, 0x00, 0xFE, 0x01, 0xA1, 0x5E, 0xD7, 0x28, 0xFF, 0x00, 0xFF, 0xFF,
  0xFF, 0xFF, 0xFC, 0x56, 0xFF, 0xEB, 0xF1, 0xFF, 0xFF, 0xFD, 0xF2, 0xFA,
  0xAF, 0xFF, 0xE7, 0xFF, 0x5F, 0xFF, 0xEB, 0xFF, 0xFF, 0xFF, 0xE7, 0xFF,
  0xFF, 0xFF, 0xEF, 0xFF, 0xFF, 0xFD, 0xEB, 0xFF, 0xF7, 0xFF, 0xE7, 0xFF,
  0x1F, 0xFD, 0xEB, 0xFE, 0xF7, 0xFF, 0xE7, 0xFD, 0x9B, 0xFD, 0xEF, 0xFD,
  0x8D, 0xFF, 0xE7, 0xFB, 0x0B, 0xF5, 0xF3, 0xD6, 0x8F, 0xAB, 0xFF, 0xFC,
  0x05, 0xFF, 0xBF, 0xAC, 0x80, 0x7F, 0xFF, 0x05, 0xCC, 0x2F, 0xBE, 0x0B,
  0xFC, 0x1F, 0xFF, 0x0F, 0xFE, 0x0F, 0xBE, 0x1F, 0xFF, 0x1F, 0xDF, 0x3F,
  0xDF, 0xAF, 0xBF, 0xBF, 0xFF, 0x9F, 0xDF, 0xDE, 0x07, 0xDF, 0xAF, 0xBC,
  0xF3, 0xBF, 0xCF, 0xD5, 0xFD, 0x5F, 0xA7, 0xFA, 0xFA, 0xFD, 0xF4, 0xFF,
  0xFF, 0xED, 0xFE, 0x7F, 0x07, 0xCD, 0x9F, 0x1C, 0x01, 0x99, 0x87, 0xDA,
  0x01, 0xB1, 0x8F, 0xED, 0x53, 0xF1, 0xBF, 0xFF, 0xFF, 0xED, 0xEF, 0xFF,
  0xFF, 0xF3, 0xDF, 0x7F, 0xFF, 0xBD, 0xDE, 0xBB, 0xFF, 0xFF, 0xBF, 0x5D,
  0x57, 0xBF, 0xBF, 0xBA, 0x0B, 0x7F, 0xFF, 0x5D, 0x16, 0xBF, 0xFF, 0xFF,
  0xFF, 0xFF, 0x78, 0x78, 0x60, 0x60, 0x38, 0x70, 0x70, 0x78, 0x20, 0x70,
  0x30, 0x30, 0x68, 0x78, 0x78, 0x68, 0x38, 0x38, 0x68, 0x28, 0x02, 0x1B,
  0x6D, 0x05, 0x31, 0x6D, 0x02, 0x47, 0x6D, 0x02, 0x5D, 0x6D, 0x01, 0xD8,
  0x6D, 0x00, 0x17, 0x00, 0x17, 0x00, 0x33, 0x00, 0x33, 0x00, 0x4F, 0x00,
  0x4F, 0xF8, 0x6B, 0xF8, 0x6B, 0xF8, 0x87, 0xF8, 0x87, 0xD8, 0x6D, 0x10,
  0x10, 0x10, 0x10, 0x10, 0x2C, 0x10, 0x2C, 0x10, 0x48, 0x10, 0x48, 0x08,
  0x64, 0x08, 0x64, 0x08, 0x80, 0x08, 0x80, 0xD8, 0x6D, 0x08, 0x09, 0x08,
  0x09, 0x10, 0x25, 0x10, 0x25, 0x08, 0x41, 0x08, 0x41, 0x00, 0x5D, 0x00,
  0x5D, 0x00, 0x79, 0x00, 0x79, 0xD8, 0x6D, 0x18, 0x02, 0x18, 0x02, 0x18,
  0x1E, 0x18, 0x1E, 0x10, 0x3A, 0x10, 0x3A, 0x08, 0x56, 0x08, 0x56, 0x08,
  0x72, 0x08, 0x72, 0x02, 0x80, 0x6D, 0x05, 0x96, 0x6D, 0x02, 0xAC, 0x6D,
  0x02, 0xC2, 0x6D, 0x01, 0x64, 0x6E, 0x08, 0x17, 0x08, 0x17, 0x08, 0x33,
  0x08, 0x33, 0x00, 0x4F, 0x00, 0x4F, 0x00, 0x6B, 0x00, 0x6B, 0x00, 0x87,
  0x00, 0x87, 0x64, 0x6E, 0x10, 0x10, 0x10, 0x10, 0x10, 0x2C, 0x10, 0x2C,
  0x08, 0x48, 0x08, 0x48, 0x08, 0x64, 0x08, 0x64, 0x08, 0x80, 0x08, 0x80,
  0x64, 0x6E, 0x10, 0x09, 0x10, 0x09, 0x18, 0x25, 0x18, 0x25, 0x08, 0x41,
  0x08, 0x41, 0x08, 0x5D, 0x08, 0x5D, 0x08, 0x79, 0x08, 0x79, 0x64, 0x6E,
  0x20, 0x02, 0x20, 0x02, 0x20, 0x1E, 0x20, 0x1E, 0x10, 0x3A, 0x10, 0x3A,
  0x10, 0x56, 0x10, 0x56, 0x10, 0x72, 0x10, 0x72, 0x05, 0x02, 0x08, 0xF0,
  0x6E, 0xF0, 0x6E, 0x07, 0x02, 0x08, 0x18, 0x6F, 0x18, 0x6F, 0x07, 0x00,
  0x08, 0x6D, 0x70, 0x6D, 0x70, 0x08, 0x02, 0x08, 0x88, 0x6F, 0x88, 0x6F,
  0x03, 0x02, 0x04, 0xC8, 0x6F, 0xC8, 0x6F, 0x04, 0x02, 0x04, 0xD4, 0x6F,
  0xD4, 0x6F, 0x05, 0x00, 0x06, 0xA5, 0x70, 0xA5, 0x70, 0x06, 0x02, 0x06,
  0x07, 0x70, 0x07, 0x70, 0x02, 0x02, 0x04, 0x2B, 0x70, 0x2B, 0x70, 0x03,
  0x02, 0x03, 0x33, 0x70, 0x33, 0x70, 0x03, 0x00, 0x04, 0xC3, 0x70, 0xC3,
  0x70, 0x04, 0x02, 0x04, 0x48, 0x70, 0x48, 0x70, 0x01, 0x02, 0x03, 0x58,
  0x70, 0x58, 0x70, 0x02, 0x02, 0x03, 0x5B, 0x70, 0x5B, 0x70, 0x02, 0x00,
  0x03, 0xCF, 0x70, 0xCF, 0x70, 0x03, 0x02, 0x02, 0x67, 0x70, 0x67, 0x70,
  0x01, 0x03, 0x01, 0xD5, 0x70, 0xEF, 0x70, 0x02, 0x03, 0x01, 0xD7, 0x70,
  0xF1, 0x70, 0x02, 0x01, 0x02, 0xDB, 0x70, 0xF5, 0x70, 0x03, 0x03, 0x02,
  0xE3, 0x70, 0xFD, 0x70, 0x05, 0x00, 0x08, 0xF0, 0x6E, 0xF0, 0x6E, 0x07,
  0x00, 0x08, 0x18, 0x6F, 0x18, 0x6F, 0x07, 0x00, 0x08, 0x50, 0x6F, 0x50,
  0x6F, 0x08, 0x00, 0x08, 0x88, 0x6F, 0x88, 0x6F, 0x03, 0x00, 0x04, 0xC8,
  0x6F, 0xC8, 0x6F, 0x04, 0x00, 0x04, 0xD4, 0x6F, 0xD4, 0x6F, 0x05, 0x00,
  0x06, 0xE9, 0x6F, 0xE9, 0x6F, 0x06, 0x00, 0x06, 0x07, 0x70, 0x07, 0x70,
  0x02, 0x00, 0x04, 0x2B, 0x70, 0x2B, 0x70, 0x03, 0x00, 0x03, 0x33, 0x70,
  0x33, 0x70, 0x03, 0x00, 0x04, 0x3C, 0x70, 0x3C, 0x70, 0x04, 0x00, 0x04,
  0x48, 0x70, 0x48, 0x70, 0x01, 0x00, 0x03, 0x58, 0x70, 0x58, 0x70, 0x02,
  0x00, 0x03, 0x5B, 0x70, 0x5B, 0x70, 0x02, 0x00, 0x03, 0x61, 0x70, 0x61,
  0x70, 0x03, 0x00, 0x02, 0x67, 0x70, 0x67, 0x70, 0x01, 0x01, 0x01, 0xD5,
  0x70, 0xEF, 0x70, 0x02, 0x01, 0x01, 0xD7, 0x70, 0xF1, 0x70, 0x02, 0x01,
  0x02, 0xDB, 0x70, 0xF5, 0x70, 0x03, 0x01, 0x02, 0xE3, 0x70, 0xFD, 0x70,
  0xFF, 0xFF, 0xFE, 0xFF, 0x5E, 0xDF, 0xBF, 0x7F, 0xFB, 0x30, 0xF7, 0x7E,
  0xFD, 0xF4, 0x60, 0xAB, 0xFF, 0x79, 0xDF, 0xC0, 0xF7, 0xDE, 0xF3, 0x30,
  0x00, 0xD2, 0xFD, 0xAF, 0xC0, 0x00, 0xF8, 0x71, 0xF8, 0x00, 0x00, 0xFF,
  0xFE, 0x00, 0x00, 0x00, 0xAF, 0xFF, 0xFF, 0xFF, 0xEF, 0x78, 0xCC, 0x9F,
  0x7D, 0xFE, 0xFE, 0xF7, 0x6D, 0x90, 0xBE, 0xFF, 0xFB, 0xFF, 0xEE, 0x71,
  0xE0, 0x9F, 0x7F, 0x7E, 0xFE, 0xF5, 0x66, 0x00, 0xCE, 0xFF, 0xFF, 0xFF,
  0xEE, 0xF8, 0x00, 0xDF, 0xFD, 0xFD, 0xFB, 0xEC, 0xC0, 0x00, 0xAF, 0xBF,
  0x7F, 0xFE, 0xDE, 0xC0, 0x00, 0xDE, 0xFF, 0xFF, 0xFF, 0xED, 0x80, 0x00,
  0xAF, 0xFF, 0xFF, 0xFF, 0xEF, 0x7E, 0x7B, 0x9F, 0x7D, 0xFE, 0xFE, 0xF7,
  0x6C, 0x71, 0xBE, 0xFF, 0xFB, 0xFF, 0xEE, 0x7E, 0x69, 0x9F, 0x7F, 0x7E,
  0xFE, 0xF5, 0x7A, 0x71, 0xCE, 0xFF, 0xFF, 0xFF, 0xEE, 0xF0, 0x61, 0xDF,
  0xFD, 0xFD, 0xFB, 0xEC, 0xDC, 0xEA, 0xAF, 0xBF, 0x7F, 0xFE, 0xDE, 0xFA,
  0xD2, 0xDE, 0xFF, 0xFF, 0xFF, 0xED, 0xD4, 0xE2, 0xFF, 0xFF, 0xFF, 0xFF,
  0xFF, 0xFF, 0xFF, 0xFF, 0x9F, 0xBF, 0xEE, 0xBA, 0xB5, 0x0F, 0x33, 0x69,
  0x9D, 0xDE, 0xFF, 0x7C, 0xFA, 0x1E, 0x6B, 0xD1, 0xCB, 0xFF, 0xFF, 0xFA,
  0xD0, 0x74, 0xF3, 0x62, 0xC5, 0xDB, 0x7E, 0xF5, 0xF8, 0xFA, 0xC6, 0xBA,
  0xA3, 0xBF, 0xFD, 0xF9, 0xD1, 0xBC, 0xE7, 0x06, 0xBF, 0xFE, 0xF7, 0xF3,
  0xE3, 0x69, 0x3C, 0x3C, 0x9F, 0xFF, 0xFF, 0xCF, 0xFE, 0xB2, 0x71, 0xC0,
  0xDF, 0xF7, 0x6F, 0xCE, 0xCC, 0xD8, 0xA3, 0xFF, 0xE0, 0xFF, 0xE0, 0x00,
  0xBF, 0xDF, 0x7F, 0xDB, 0xBB, 0xFD, 0xFF, 0x96, 0xFF, 0xFF, 0xBF, 0x38,
  0xAF, 0x73, 0xFC, 0x60, 0x00, 0x00, 0x00, 0x00, 0x00, 0xDB, 0xFF, 0xFF,
  0xD5, 0xA6, 0xBB, 0xDF, 0xFE, 0xE5, 0x45, 0xBD, 0xFF, 0xBE, 0xED, 0xE5,
  0x9B, 0xDF, 0xFF, 0xDB, 0x85, 0xBD, 0xEF, 0x7D, 0xD2, 0xCE, 0xBD, 0xFF,
  0xFF, 0xD6, 0xDC, 0xFF, 0xFF, 0xFF, 0xFF, 0xFF, 0xFF, 0xBF, 0xFD, 0xBE,
  0x74, 0xE6, 0xF9, 0x9F, 0xFF, 0xFC, 0xA1, 0x5C, 0xD2, 0xD6, 0xF7, 0xB9,
  0xD2, 0x2A, 0xAA, 0xE3, 0xFF, 0x7D, 0x8F, 0xCD, 0x1C, 0xBF, 0xFF, 0xF3,
  0xFB, 0xA6, 0x60, 0xBB, 0x7D, 0xDF, 0x6E, 0xCE, 0xF8, 0xFF, 0x00, 0xB6,
  0xFF, 0x5C, 0xB7, 0x7C, 0xD8, 0xBE, 0xEE, 0xB0, 0xB6, 0xFF, 0xC5, 0xB7,
  0x7E, 0x95, 0xBB, 0x6D, 0xAD, 0xBB, 0xFF, 0xAA, 0xBF, 0xFE, 0xD3, 0x2A,
  0x9D, 0xFD, 0xA4, 0x7E, 0xCF, 0x6E, 0x8E, 0xE4, 0xBF, 0xFB, 0xFD, 0x48,
  0xED, 0xF6, 0xC0, 0xFF, 0xF4, 0xFA, 0xB8, 0xDF, 0xE0, 0xFF, 0xFD, 0xFA,
  0xE5, 0xDF, 0xDA, 0xEF, 0xDB, 0x50, 0xBD, 0xA6, 0xE0, 0xDE, 0x7E, 0xF7,
  0xFF, 0xFF, 0xFF, 0xF5, 0x8E, 0x36, 0xEF, 0x7F, 0x7F, 0xBE, 0xF9, 0x96,
  0x7E, 0x77, 0xFF, 0xDF, 0xFF, 0x7D, 0x8E, 0x5E, 0xAF, 0x7F, 0x7E, 0xFE,
  0xF9, 0x86, 0x0F, 0x77, 0xFF, 0xFF, 0xFF, 0x73, 0x57, 0x3B, 0x37, 0xDF,
  0xBF, 0xBF, 0xFB, 0x4B, 0x5F, 0x7B, 0x7F, 0xFE, 0xFD, 0xF5, 0x47, 0x2B,
  0xB7, 0xFF, 0xFF, 0xFF, 0x7B, 0x65, 0xAB, 0xFF, 0xFF, 0xDB, 0xA2, 0xA7,
  0x7F, 0xFB, 0xDD, 0xA7, 0xB7, 0x7D, 0xFF, 0xBD, 0xA1, 0xDB, 0xFF, 0xFB,
  0xD9, 0x73, 0x4B, 0xBE, 0xF7, 0xBD, 0x3B, 0x6B, 0xFF, 0xFF, 0xBD, 0xA3,
  0xFF, 0x6D, 0xA9, 0x7E, 0xED, 0xB5, 0xB6, 0xDD, 0x55, 0xFF, 0xDD, 0xBF,
  0xFF, 0xA7, 0x5F, 0x5B, 0xFB, 0x0F, 0xF0, 0x00, 0xD7, 0xFF, 0x00, 0x00,
  0xBB, 0x1F, 0xA0, 0x00, 0xFF, 0x3F, 0x40, 0x00, 0xDF, 0x03, 0xD4, 0xFF,
  0x00, 0x00, 0xFE, 0x07, 0xA8, 0xFF, 0x00, 0xF0, 0x0F, 0xF0, 0x0D, 0x0F,
  0x70, 0xF0, 0x0B, 0x01, 0xBA, 0xF0, 0x0F, 0x03, 0xF4, 0xF0, 0x0D, 0x00,
  0xFD, 0x3F, 0x40, 0xF0, 0x0F, 0x00, 0xEA, 0x7F, 0x80, 0x02, 0x55, 0x71,
  0x02, 0x6B, 0x71, 0x02, 0x6B, 0x71, 0x04, 0x81, 0x71, 0x02, 0x97, 0x71,
  0x02, 0x97, 0x71, 0x02, 0xAD, 0x71, 0x02, 0xC3, 0x71, 0x02, 0xD9, 0x71,
  0x01, 0x02, 0x55, 0x71, 0x02, 0xEF, 0x71, 0x02, 0xEF, 0x71, 0x04, 0x05,
  0x72, 0x02, 0x1B, 0x72, 0x02, 0x1B, 0x72, 0x02, 0x31, 0x72, 0x02, 0x47,
  0x72, 0x02, 0x5D, 0x72, 0x01, 0x02, 0xAD, 0x71, 0x02, 0xC3, 0x71, 0x02,
  0xD9, 0x71, 0x01, 0x02, 0x31, 0x72, 0x02, 0x47, 0x72, 0x02, 0x5D, 0x72,
  0x01, 0x73, 0x72, 0x1C, 0x02, 0x14, 0x02, 0x10, 0x1E, 0x10, 0x1E, 0x0C,
  0x3A, 0x0C, 0x3A, 0x0C, 0x56, 0x08, 0x56, 0x08, 0xC6, 0x08, 0xC6, 0x73,
  0x72, 0x2C, 0x72, 0x24, 0x72, 0x18, 0x87, 0x18, 0x87, 0x0C, 0x9C, 0x0C,
  0x9C, 0x0C, 0xB1, 0x08, 0xB1, 0x08, 0xCD, 0x08, 0xCD, 0x73, 0x72, 0x2C,
  0x79, 0x24, 0x79, 0x18, 0x8E, 0x18, 0x8E, 0x0C, 0xA3, 0x0C, 0xA3, 0x0C,
  0xB8, 0x08, 0xB8, 0x08, 0xD4, 0x08, 0xD4, 0x73, 0x72, 0x2C, 0x80, 0x24,
  0x80, 0x18, 0x95, 0x18, 0x95, 0x0C, 0xAA, 0x0C, 0xAA, 0x0C, 0xBF, 0x08,
  0xBF, 0x08, 0xDB, 0x08, 0xDB, 0x73, 0x72, 0x24, 0x09, 0x1C, 0x09, 0x18,
  0x25, 0x18, 0x25, 0x0C, 0x41, 0x0C, 0x41, 0x0C, 0x5D, 0x08, 0x5D, 0x08,
  0xE2, 0x08, 0xE2, 0x73, 0x72, 0x1C, 0x10, 0x14, 0x10, 0x10, 0x2C, 0x10,
  0x2C, 0x04, 0x48, 0x04, 0x48, 0x0C, 0x64, 0x08, 0x64, 0x08, 0xE9, 0x08,
  0xE9, 0x73, 0x72, 0x24, 0x17, 0x1C, 0x17, 0x18, 0x33, 0x18, 0x33, 0x0C,
  0x4F, 0x0C, 0x4F, 0x0C, 0x6B, 0x08, 0x6B, 0x08, 0xF0, 0x08, 0xF0, 0x73,
  0x72, 0x2C, 0x72, 0x24, 0x72, 0x18, 0x87, 0x18, 0x87, 0x14, 0x9C, 0x14,
  0x9C, 0x14, 0xB1, 0x10, 0xB1, 0x08, 0xCD, 0x08, 0xCD, 0x73, 0x72, 0x2C,
  0x79, 0x24, 0x79, 0x18, 0x8E, 0x18, 0x8E, 0x14, 0xA3, 0x14, 0xA3, 0x14,
  0xB8, 0x10, 0xB8, 0x08, 0xD4, 0x08, 0xD4, 0x73, 0x72, 0x2C, 0x80, 0x24,
  0x80, 0x18, 0x95, 0x18, 0x95, 0x14, 0xAA, 0x14, 0xAA, 0x14, 0xBF, 0x10,
  0xBF, 0x08, 0xDB, 0x08, 0xDB, 0x73, 0x72, 0x1C, 0x09, 0x14, 0x09, 0x08,
  0x25, 0x08, 0x25, 0x0C, 0x41, 0x0C, 0x41, 0x0C, 0x5D, 0x08, 0x5D, 0x08,
  0xE2, 0x08, 0xE2, 0x73, 0x72, 0x1C, 0x10, 0x14, 0x10, 0x08, 0x2C, 0x08,
  0x2C, 0x0C, 0x48, 0x0C, 0x48, 0x0C, 0x64, 0x08, 0x64, 0x08, 0xE9, 0x08,
  0xE9, 0x73, 0x72, 0x1C, 0x17, 0x14, 0x17, 0x08, 0x33, 0x08, 0x33, 0x0C,
  0x4F, 0x0C, 0x4F, 0x0C, 0x6B, 0x08, 0x6B, 0x08, 0xF0, 0x08, 0xF0, 0x05,
  0x00, 0x04, 0x68, 0x73, 0x68, 0x73, 0x04, 0x00, 0x0B, 0x7C, 0x73, 0x7C,
  0x73, 0x05, 0x00, 0x08, 0xA8, 0x73, 0xA8, 0x73, 0x04, 0x00, 0x06, 0xD0,
  0x73, 0xD0, 0x73, 0x03, 0x00, 0x04, 0xE8, 0x73, 0xE8, 0x73, 0x03, 0x00,
  0x04, 0xF4, 0x73, 0xF4, 0x73, 0x04, 0x00, 0x0B, 0x00, 0x74, 0x00, 0x74,
  0x03, 0x00, 0x04, 0x2C, 0x74, 0x2C, 0x74, 0x02, 0x00, 0x02, 0x38, 0x74,
  0x38, 0x74, 0x02, 0x00, 0x05, 0x3C, 0x74, 0x3C, 0x74, 0x03, 0x00, 0x04,
  0x46, 0x74, 0x46, 0x74, 0x02, 0x00, 0x04, 0x54, 0x74, 0x54, 0x74, 0x02,
  0x00, 0x02, 0x5C, 0x74, 0x5C, 0x74, 0x02, 0x00, 0x04, 0x60, 0x74, 0x60,
  0x74, 0x02, 0x00, 0x04, 0x68, 0x74, 0x68, 0x74, 0x02, 0x00, 0x02, 0x70,
  0x74, 0x70, 0x74, 0x01, 0x01, 0x03, 0x74, 0x74, 0x74, 0x74, 0x01, 0x01,
  0x03, 0x7A, 0x74, 0x7A, 0x74, 0x01, 0x01, 0x03, 0x80, 0x74, 0x80, 0x74,
  0x01, 0x01, 0x02, 0x86, 0x74, 0x86, 0x74, 0x01, 0x01, 0x02, 0x8A, 0x74,
  0x8A, 0x74, 0x01, 0x01, 0x02, 0x8E, 0x74, 0x8E, 0x74, 0x01, 0x01, 0x02,
  0x92, 0x74, 0x92, 0x74, 0x01, 0x01, 0x02, 0x96, 0x74, 0x96, 0x74, 0x01,
  0x01, 0x02, 0x9A, 0x74, 0x9A, 0x74, 0x01, 0x01, 0x02, 0x9E, 0x74, 0x9E,
  0x74, 0x01, 0x01, 0x02, 0xA2, 0x74, 0xA2, 0x74, 0x01, 0x01, 0x02, 0xA6,
  0x74, 0xA6, 0x74, 0x02, 0x01, 0x01, 0xAA, 0x74, 0xDE, 0x74, 0x02, 0x01,
  0x01, 0xAE, 0x74, 0xE2, 0x74, 0x02, 0x01, 0x02, 0xB2, 0x74, 0xE6, 0x74,
  0x02, 0x01, 0x01, 0xBA, 0x74, 0xEE, 0x74, 0x02, 0x01, 0x03, 0xBE, 0x74,
  0xF2, 0x74, 0x02, 0x01, 0x03, 0xCA, 0x74, 0xFE, 0x74, 0x02, 0x01, 0x02,
  0xD6, 0x74, 0x0A, 0x75, 0x55, 0xFF, 0xFF, 0xFF, 0xAA, 0xFF, 0xFF, 0x5F,
  0xFF, 0xFF, 0x27, 0xFF, 0x07, 0xFF, 0xD0, 0x01, 0x53, 0x6D, 0x54, 0x00,
  0x08, 0x2E, 0xE0, 0x0E, 0x14, 0x33, 0xB0, 0x3A, 0x13, 0x9F, 0x5F, 0xE6,
  0x1A, 0xF6, 0xDC, 0x94, 0x7C, 0xB6, 0x5E, 0x8C, 0xB5, 0x3D, 0x6F, 0xDF,
  0xDF, 0x3C, 0xCF, 0xFD, 0x4A, 0x5C, 0x5D, 0xEB, 0x71, 0x9A, 0x7A, 0x46,
  0x25, 0xD9, 0xEA, 0x3C, 0x39, 0x48, 0x89, 0x68, 0x79, 0x76, 0xDD, 0x9B,
  0x92, 0x67, 0xF9, 0xFF, 0x3C, 0x75, 0x25, 0xFF, 0xFF, 0xFF, 0xFD, 0x38,
  0xAB, 0xDF, 0xAF, 0xEA, 0x19, 0x13, 0x8F, 0x22, 0x4C, 0x0E, 0x13, 0x8B,
  0x92, 0x30, 0x07, 0x27, 0x7B, 0x7D, 0x60, 0x01, 0xEF, 0x17, 0x8B, 0x8C,
  0x7F, 0x17, 0xFE, 0x34, 0xBE, 0xA7, 0x7F, 0xCC, 0x9C, 0x6F, 0x36, 0x48,
  0x52, 0xD1, 0x92, 0x30, 0x37, 0x60, 0xC9, 0x60, 0x0F, 0x80, 0x3F, 0x80,
  0x0F, 0xFF, 0xF0, 0xFF, 0xFF, 0xFF, 0x3F, 0xC3, 0xFE, 0x1A, 0xD5, 0x48,
  0xCD, 0xF0, 0x30, 0xBB, 0xCF, 0xC8, 0xBD, 0xAC, 0xA8, 0x8F, 0xAE, 0x98,
  0x07, 0xD7, 0x77, 0xF4, 0x05, 0x63, 0x2D, 0xCC, 0x66, 0x5A, 0xF9, 0x28,
  0xB7, 0xB1, 0x2C, 0xD0, 0x9E, 0x1B, 0x5F, 0x28, 0xCF, 0x1F, 0xFF, 0xF4,
  0xD3, 0x7B, 0xD7, 0xD8, 0x64, 0xB9, 0x92, 0x90, 0x38, 0xB9, 0xEE, 0x60,
  0x0D, 0x76, 0xC3, 0x98, 0x07, 0xF2, 0xFE, 0x68, 0xED, 0xDF, 0x98, 0xAA,
  0x6A, 0x50, 0xF4, 0x25, 0x20, 0x78, 0x1F, 0xC0, 0xFF, 0xFC, 0x71, 0xE8,
  0x27, 0xC3, 0x5B, 0x3D, 0xDF, 0x7A, 0x66, 0xBE, 0xAB, 0x3D, 0x06, 0x92,
  0xA3, 0x05, 0xCF, 0x66, 0x02, 0x7B, 0xFD, 0x01, 0x1B, 0x92, 0x00, 0x00,
  0xD9, 0xAE, 0xF5, 0x7A, 0x4A, 0x94, 0x3C, 0x78, 0xFF, 0xF8, 0x75, 0xF0,
  0x3B, 0x7C, 0x57, 0x7C, 0xBB, 0xBC, 0x59, 0x74, 0xCD, 0xE4, 0x7F, 0x9A,
  0x8B, 0xEE, 0x79, 0x9A, 0x53, 0x44, 0x3C, 0xF8, 0x03, 0x84, 0x03, 0xBC,
  0x03, 0xC4, 0x83, 0x44, 0x83, 0x5C, 0x83, 0x64, 0xC1, 0x22, 0xC1, 0x32,
  0xC1, 0x2E, 0x83, 0x44, 0x83, 0x5C, 0xC3, 0x2C, 0xC3, 0x34, 0xE1, 0x16,
  0xE1, 0x1A, 0xE1, 0x12, 0xE1, 0x12, 0xF1, 0x0A, 0xF1, 0x0A, 0xF8, 0x05,
  0xF8, 0x05, 0xF1, 0x0A, 0xF1, 0x0A, 0xF9, 0x06, 0xF9, 0x06, 0xFC, 0x03,
  0xFC, 0x03, 0x00, 0xFF, 0x0F, 0xF0, 0xF1, 0x0E, 0xFF, 0x00, 0xF9, 0x06,
  0xFF, 0x00, 0xF9, 0x06, 0xFF, 0x00, 0xF8, 0x07, 0xFF, 0x00, 0xC0, 0x3E,
  0x1F, 0xE0, 0xC0, 0x37, 0x0F, 0x70, 0x80, 0x5B, 0x0F, 0xF0, 0x00, 0xE9,
  0x0F, 0x50, 0x00, 0xBF, 0x0F, 0xE0, 0x80, 0x4D, 0x0F, 0x50, 0xC0, 0x39,
  0x1F, 0x20, 0xE0, 0x1F, 0x3F, 0xC0, 0xF0, 0x0F, 0x00, 0xFF, 0xFF, 0x00,
  0x1F, 0xE0, 0xFF, 0x00, 0x9F, 0x60, 0xFF, 0x00, 0x9F, 0x60, 0xFF, 0x00,
  0x8F, 0x70, 0xFC, 0x03, 0x01, 0xEE, 0xFC, 0x03, 0x00, 0x77, 0xF8, 0x05,
  0x00, 0xBF, 0xF0, 0x0E, 0x00, 0x95, 0xF0, 0x0B, 0x00, 0xFE, 0xF8, 0x04,
  0x00, 0xD5, 0xFC, 0x03, 0x01, 0x92, 0xFE, 0x01, 0x03, 0xFC, 0x02, 0x4E,
  0x7E, 0x04, 0x7A, 0x7E, 0x05, 0xA6, 0x7E, 0x02, 0x2C, 0x75, 0x01, 0x02,
  0x38, 0x7E, 0x04, 0x64, 0x7E, 0x05, 0x90, 0x7E, 0x02, 0x42, 0x75, 0x01,
  0x58, 0x75, 0x18, 0x02, 0x10, 0x02, 0x08, 0x09, 0x08, 0x09, 0x0C, 0x10,
  0x0C, 0x10, 0x08, 0x17, 0x08, 0x17, 0x04, 0x1E, 0x04, 0x1E, 0x58, 0x75,
  0x18, 0x02, 0x10, 0x02, 0x10, 0x09, 0x10, 0x09, 0x0C, 0x10, 0x0C, 0x10,
  0x08, 0x17, 0x08, 0x17, 0x0C, 0x1E, 0x0C, 0x1E, 0x05, 0x00, 0x08, 0x7B,
  0x75, 0x7B, 0x75, 0x04, 0x00, 0x06, 0xA3, 0x75, 0xA3, 0x75, 0x03, 0x00,
  0x04, 0xBB, 0x75, 0xC7, 0x75, 0x03, 0x01, 0x03, 0xD3, 0x75, 0xE5, 0x75,
  0x02, 0x01, 0x02, 0xF7, 0x75, 0x03, 0x76, 0x3E, 0x00, 0xEE, 0x00, 0x7C,
  0x63, 0x01, 0xAB, 0x00, 0xC6, 0x41, 0x07, 0x29, 0xC0, 0x82, 0x41, 0x3C,
  0xC6, 0x78, 0x82, 0x6B, 0xE3, 0x45, 0x8F, 0xD6, 0xFE, 0x1C, 0x6C, 0x70,
  0xFF, 0x81, 0xE0, 0x38, 0x0F, 0x01, 0x7E, 0x00, 0x00, 0x00, 0xFE, 0x0F,
  0x01, 0xB0, 0x1E, 0x19, 0x86, 0xAC, 0x33, 0x10, 0xB9, 0x93, 0xA1, 0x0B,
  0xE6, 0x9C, 0xFA, 0x15, 0x18, 0x63, 0x15, 0x0F, 0xE0, 0x00, 0xFE, 0x51,
  0xF8, 0xA0, 0x8E, 0x97, 0x10, 0xF0, 0x60, 0xF0, 0x70, 0x00, 0xE0, 0x05,
  0x1F, 0x8A, 0x08, 0xE9, 0x71, 0x0F, 0x06, 0x0F, 0x07, 0x00, 0x0E, 0xC6,
  0x29, 0x0C, 0xF2, 0x7F, 0x80, 0xC0, 0x0E, 0x04, 0xAA, 0x7F, 0x00, 0xC1,
  0x38, 0xF0, 0x03, 0x7F, 0x80, 0xFC, 0x02, 0x60, 0x9F, 0xC7, 0x28, 0xFC,
  0x00, 0x00, 0xEA, 0x47, 0xA0, 0xFC, 0x03, 0x1F, 0x80, 0x07, 0x38, 0xBD,
  0x42, 0xEF, 0x10, 0x02, 0xBD, 0x07, 0xE8, 0x1F, 0xE0, 0xC7, 0x38, 0xFB,
  0x04, 0xDD, 0x22, 0xF0, 0x0B, 0x20, 0xDD, 0xF1, 0x0E, 0xFC, 0x03, 0x04,
  0x00, 0x11, 0x39, 0x76, 0x39, 0x76, 0x04, 0x00, 0x11, 0x39, 0x76, 0x39,
  0x76, 0x03, 0x00, 0x0D, 0x7D, 0x76, 0x7D, 0x76, 0x02, 0x00, 0x09, 0xA4,
  0x76, 0xA4, 0x76, 0x02, 0x00, 0x09, 0xA4, 0x76, 0xA4, 0x76, 0x02, 0x01,
  0x07, 0xB6, 0x76, 0xD2, 0x76, 0x1F, 0xC0, 0x03, 0xF8, 0x1E, 0x43, 0xC3,
  0x48, 0x0D, 0x23, 0x46, 0x90, 0x0E, 0xA3, 0xC7, 0x50, 0x07, 0x53, 0x4E,
  0xA0, 0x06, 0x96, 0xAD, 0x20, 0x03, 0x4F, 0x3A, 0x40, 0x03, 0xAE, 0xBD,
  0x40, 0xFF, 0xFF, 0xFF, 0xFF, 0xFD, 0x7E, 0x7E, 0xBF, 0xF8, 0x7C, 0x3E,
  0x1F, 0xF8, 0x7C, 0x3E, 0x1F, 0xF8, 0x7C, 0x3E, 0x1F, 0xF8, 0x7C, 0x3E,
  0x1F, 0xA8, 0x54, 0x2A, 0x15, 0xFF, 0xFF, 0xFF, 0xFF, 0x00, 0x0F, 0xF8,
  0x00, 0x3F, 0x00, 0xFC, 0x3B, 0x1C, 0xD4, 0x1D, 0x95, 0xA8, 0x1A, 0xB5,
  0xC8, 0x0D, 0xAB, 0x90, 0x0E, 0x7F, 0xD0, 0xFF, 0xFF, 0xFF, 0xFB, 0xF7,
  0xAF, 0xF1, 0xE7, 0x8F, 0xF1, 0xE7, 0x8F, 0x91, 0x24, 0x89, 0xFF, 0xFF,
  0xFF, 0x00, 0x7E, 0x00, 0x78, 0x1E, 0x69, 0x9A, 0x35, 0xB4, 0x3D, 0xBC,
  0xFF, 0xFF, 0xE7, 0x39, 0xA5, 0x29, 0xFF, 0xFF, 0x03, 0xC0, 0x9F, 0x60,
  0x9F, 0x60, 0x89, 0x76, 0x1F, 0xE0, 0xC0, 0x3F, 0x3F, 0xC0, 0x00, 0xFF,
  0x0F, 0xF0, 0x00, 0x99, 0x0F, 0x90, 0x00, 0xFF, 0x0F, 0xF0, 0xF0, 0x0F,
  0xFF, 0x00, 0xF9, 0x06, 0xF9, 0x06, 0xF8, 0x07, 0x91, 0x6E, 0xFC, 0x03,
  0x03, 0xFC, 0xF0, 0x0F, 0x00, 0xFF, 0xF0, 0x09, 0x00, 0x99, 0xF0, 0x0F,
  0x00, 0xFF, 0xFF, 0x00, 0x0F, 0xF0, 0x00, 0x00, 0x00, 0x00, 0x00, 0x00,
  0x00, 0x00, 0x00, 0x00, 0x00, 0x00, 0x00, 0x00, 0x00, 0x00, 0x00, 0x00,
  0x00, 0x00, 0x00, 0x00, 0x00, 0x00, 0x00, 0x00, 0x00, 0x00, 0x00, 0x00,
  0x00, 0x00, 0x00, 0x00, 0x00, 0x00, 0x00, 0x00, 0x00, 0x00, 0x00, 0x00,
  0x00, 0x00, 0x00, 0x00, 0x00, 0x00, 0x00, 0x00, 0x00, 0x00, 0x00, 0x00,
  0x00, 0x00, 0x00, 0x00, 0x00, 0x00, 0x00, 0x00, 0x00, 0x00, 0x00, 0x00,
  0x00, 0x00, 0x00, 0x00, 0x00, 0x00, 0x00, 0x00, 0x00, 0x00, 0x00, 0x00,
  0x00, 0x00, 0x00, 0x00, 0x00, 0x00, 0x00, 0x00, 0x00, 0x00, 0x00, 0x00,
  0x00, 0x00, 0x00, 0x00, 0x00, 0x00, 0x00, 0x00, 0x00, 0x00, 0x00, 0x00,
  0x00, 0x00, 0x00, 0x00, 0x00, 0x00, 0x00, 0x00, 0x00, 0x00, 0x00, 0x00,
  0x00, 0x00, 0x00, 0x00, 0x00, 0x00, 0x00, 0x00, 0x00, 0x00, 0x00, 0x00,
  0x00, 0x00, 0x00, 0x00, 0x00, 0x00, 0x00, 0x00, 0x00, 0x00, 0x00, 0x00,
  0x00, 0x00, 0x00, 0x00, 0x00, 0x00, 0x00, 0x00, 0x00, 0x00, 0x00, 0x00,
  0x00, 0x00, 0x00, 0x00, 0x00, 0x00, 0x00, 0x00, 0x00, 0x00, 0x00, 0x00,
  0x00, 0x00, 0x00, 0x00, 0x00, 0x00, 0x00, 0x00, 0x00, 0x00, 0x00, 0x00,
  0x00, 0x00, 0x00, 0x00, 0x00, 0x00, 0x00, 0x00, 0x00, 0x00, 0x00, 0x00,
  0x00, 0x00, 0x00, 0x00, 0x00, 0x00, 0x00, 0x00, 0x00, 0x00, 0x00, 0x00,
  0x00, 0x00, 0x00, 0x00, 0x00, 0x00, 0x00, 0x00, 0x00, 0x00, 0x00, 0x00,
  0x00, 0x00, 0x00, 0x00, 0x00, 0x00, 0x00, 0x00, 0x00, 0x00, 0x00, 0x00,
  0x00, 0x00, 0x00, 0x00, 0x00, 0x00, 0x00, 0x00, 0x00, 0x00, 0x00, 0x00,
  0x00, 0x00, 0x00, 0x00, 0x00, 0x00, 0x00, 0x00, 0x00, 0x00, 0x00, 0x00,
  0x00, 0x00, 0x00, 0x00, 0x00, 0x00, 0x00, 0x00, 0x00, 0x00, 0x00, 0x00,
  0x00, 0x00, 0x00, 0x00, 0x00, 0x00, 0x00, 0x00, 0x00, 0x00, 0x00, 0x00,
  0x00, 0x00, 0x00, 0x00, 0x00, 0x00, 0x00, 0x00, 0x00, 0x00, 0x00, 0x00,
  0x00, 0x00, 0x00, 0x00, 0x00, 0x00, 0x00, 0x00, 0x00, 0x00, 0x00, 0x00,
  0x00, 0x00, 0x00, 0x00, 0x00, 0x00, 0x00, 0x00, 0x00, 0x00, 0x00, 0x00,
  0x00, 0x00, 0x00, 0x00, 0x00, 0x00, 0x00, 0x00, 0x00, 0x00, 0x00, 0x00,
  0x00, 0x00, 0x00, 0x00, 0x00, 0x00, 0x00, 0x00, 0x00, 0x00, 0x00, 0x00,
  0x00, 0x00, 0x00, 0x00, 0x00, 0x00, 0x00, 0x00, 0x00, 0x00, 0x00, 0x00,
  0x00, 0x00, 0x00, 0x00, 0x00, 0x00, 0x00, 0x00, 0x00, 0x00, 0x00, 0x00,
  0x00, 0x00, 0x00, 0x00, 0x00, 0x00, 0x00, 0x00, 0x00, 0x00, 0x00, 0x00,
  0x00, 0x00, 0x00, 0x00, 0x00, 0x00, 0x00, 0x00, 0x00, 0x00, 0x00, 0x00,
  0x00, 0x00, 0x00, 0x00, 0x00, 0x00, 0x00, 0x00, 0x00, 0x00, 0x00, 0x00,
  0x00, 0x00, 0x00, 0x00, 0x00, 0x00, 0x00, 0x00, 0x00, 0x00, 0x00, 0x00,
  0x00, 0x00, 0x00, 0x00, 0x00, 0x00, 0x00, 0x00, 0x00, 0x00, 0x00, 0x00,
  0x00, 0x00, 0x00, 0x00, 0x00, 0x00, 0x00, 0x00, 0x00, 0x00, 0x00, 0x00,
  0x00, 0x00, 0x00, 0x00, 0x00, 0x00, 0x00, 0x00, 0x00, 0x00, 0x00, 0x00,
  0x00, 0x00, 0x00, 0x00, 0x00, 0x00, 0x00, 0x00, 0x00, 0x00, 0x00, 0x00,
  0x00, 0x00, 0x00, 0x00, 0x00, 0x00, 0x00, 0x00, 0x00, 0x00, 0x00, 0x00,
  0x00, 0x00, 0x00, 0x00, 0x00, 0x00, 0x00, 0x00, 0x00, 0x00, 0x00, 0x00,
  0x00, 0x00, 0x00, 0x00, 0x00, 0x00, 0x00, 0x00, 0x00, 0x00, 0x00, 0x00,
  0x00, 0x00, 0x00, 0x00, 0x00, 0x00, 0x00, 0x00, 0x00, 0x00, 0x00, 0x00,
  0x00, 0x00, 0x00, 0x00, 0x00, 0x00, 0x00, 0x00, 0x00, 0x00, 0x00, 0x00,
  0x00, 0x00, 0x00, 0x00, 0x00, 0x00, 0x00, 0x00, 0x00, 0x00, 0x00, 0x00,
  0x00, 0x00, 0x00, 0x00, 0x00, 0x00, 0x00, 0x00, 0x00, 0x00, 0x00, 0x00,
  0x00, 0x00, 0x00, 0x00, 0x00, 0x00, 0x00, 0x00, 0x00, 0x00, 0x00, 0x00,
  0x00, 0x00, 0x00, 0x00, 0x00, 0x00, 0x00, 0x00, 0x00, 0x00, 0x00, 0x00,
  0x00, 0x00, 0x00, 0x00, 0x00, 0x00, 0x00, 0x00, 0x00, 0x00, 0x00, 0x00,
  0x00, 0x00, 0x00, 0x00, 0x00, 0x00, 0x00, 0x00, 0x00, 0x00, 0x00, 0x00,
  0x00, 0x00, 0x00, 0x00, 0x00, 0x00, 0x00, 0x00, 0x00, 0x00, 0x00, 0x00,
  0x00, 0x00, 0x00, 0x00, 0x00, 0x00, 0x00, 0x00, 0x00, 0x00, 0x00, 0x00,
  0x00, 0x00, 0x00, 0x00, 0x00, 0x00, 0x00, 0x00, 0x00, 0x00, 0x00, 0x00,
  0x00, 0x00, 0x00, 0x00, 0x00, 0x00, 0x00, 0x00, 0x00, 0x00, 0x00, 0x00,
  0x00, 0x00, 0x00, 0x00, 0x00, 0x00, 0x00, 0x00, 0x00, 0x00, 0x00, 0x00,
  0x00, 0x00, 0x00, 0x00, 0x00, 0x00, 0x00, 0x00, 0x00, 0x00, 0x00, 0x00,
  0x00, 0x00, 0x00, 0x00, 0x00, 0x00, 0x00, 0x00, 0x00, 0x00, 0x00, 0x00,
  0x00, 0x00, 0x00, 0x00, 0x00, 0x00, 0x00, 0x00, 0x00, 0x00, 0x00, 0x00,
  0x00, 0x00, 0x00, 0x00, 0x00, 0x00, 0x00, 0x00, 0x00, 0x00, 0x00, 0x00,
  0x00, 0x00, 0x00, 0x00, 0x00, 0x00, 0x00, 0x00, 0x00, 0x00, 0x00, 0x00,
  0x00, 0x00, 0x00, 0x00, 0x00, 0x00, 0x00, 0x00, 0x00, 0x00, 0x00, 0x00,
  0x00, 0x00, 0x00, 0x00, 0x00, 0x00, 0x00, 0x00, 0x00, 0x00, 0x00, 0x00,
  0x00, 0x00, 0x00, 0x00, 0x00, 0x00, 0x00, 0x00, 0x00, 0x00, 0x00, 0x00,
  0x00, 0x00, 0x00, 0x00, 0x00, 0x00, 0x00, 0x00, 0x00, 0x00, 0x00, 0x00,
  0x00, 0x00, 0x00, 0x00, 0x00, 0x00, 0x00, 0x00, 0x00, 0x00, 0x00, 0x00,
  0x00, 0x00, 0x00, 0x00, 0x00, 0x00, 0x00, 0x00, 0x00, 0x00, 0x00, 0x00,
  0x00, 0x00, 0x00, 0x00, 0x00, 0x00, 0x00, 0x00, 0x00, 0x00, 0x00, 0x00,
  0x00, 0x00, 0x00, 0x00, 0x00, 0x00, 0x00, 0x00, 0x00, 0x00, 0x00, 0x00,
  0x00, 0x00, 0x00, 0x00, 0x00, 0x00, 0x00, 0x00, 0x00, 0x00, 0x00, 0x00,
  0x00, 0x00, 0x00, 0x00, 0x00, 0x00, 0x00, 0x00, 0x00, 0x00, 0x00, 0x00,
  0x00, 0x00, 0x00, 0x00, 0x00, 0x00, 0x00, 0x00, 0x00, 0x00, 0x00, 0x00,
  0x00, 0x00, 0x00, 0x00, 0x00, 0x00, 0x00, 0x00, 0x00, 0x00, 0x00, 0x00,
  0x00, 0x00, 0x00, 0x00, 0x00, 0x00, 0x00, 0x00, 0x00, 0x00, 0x00, 0x00,
  0x00, 0x00, 0x00, 0x00, 0x00, 0x00, 0x00, 0x00, 0x00, 0x00, 0x00, 0x00,
  0x00, 0x00, 0x00, 0x00, 0x00, 0x00, 0x00, 0x00, 0x00, 0x00, 0x00, 0x00,
  0x00, 0x00, 0x00, 0x00, 0x00, 0x00, 0x00, 0x00, 0x00, 0x00, 0x00, 0x00,
  0x00, 0x00, 0x00, 0x00, 0x00, 0x00, 0x00, 0x00, 0x00, 0x00, 0x00, 0x00,
  0x00, 0x00, 0x00, 0x00, 0x00, 0x00, 0x00, 0x00, 0x00, 0x00, 0x00, 0x00,
  0x00, 0x00, 0x00, 0x00, 0x00, 0x00, 0x00, 0x00, 0x00, 0x00, 0x00, 0x00,
  0x00, 0x00, 0x00, 0x00, 0x00, 0x00, 0x00, 0x00, 0x00, 0x00, 0x00, 0x00,
  0x00, 0x00, 0x00, 0x00, 0x00, 0x00, 0x00, 0x00, 0x00, 0x00, 0x00, 0x00,
  0x00, 0x00, 0x00, 0x00, 0x00, 0x00, 0x00, 0x00, 0x00, 0x00, 0x00, 0x00,
  0x00, 0x00, 0x00, 0x00, 0x00, 0x00, 0x00, 0x00, 0x00, 0x00, 0x00, 0x00,
  0x00, 0x00, 0x00, 0x00, 0x00, 0x00, 0x00, 0x00, 0x00, 0x00, 0x00, 0x00,
  0x00, 0x00, 0x00, 0x00, 0x00, 0x00, 0x00, 0x00, 0x00, 0x00, 0x00, 0x00,
  0x00, 0x00, 0x00, 0x00, 0x00, 0x00, 0x00, 0x00, 0x00, 0x00, 0x00, 0x00,
  0x00, 0x00, 0x00, 0x00, 0x00, 0x00, 0x00, 0x00, 0x00, 0x00, 0x00, 0x00,
  0x00, 0x00, 0x00, 0x00, 0x00, 0x00, 0x00, 0x00, 0x00, 0x00, 0x00, 0x00,
  0x00, 0x00, 0x00, 0x00, 0x00, 0x00, 0x00, 0x00, 0x00, 0x00, 0x00, 0x00,
  0x00, 0x00, 0x00, 0x00, 0x00, 0x00, 0x00, 0x00, 0x00, 0x00, 0x00, 0x00,
  0x00, 0x00, 0x00, 0x00, 0x00, 0x00, 0x00, 0x00, 0x00, 0x00, 0x00, 0x00,
  0x00, 0x00, 0x00, 0x00, 0x00, 0x00, 0x00, 0x00, 0x00, 0x00, 0x00, 0x00,
  0x00, 0x00, 0x00, 0x00, 0x00, 0x00, 0x00, 0x00, 0x00, 0x00, 0x00, 0x00,
  0x00, 0x00, 0x00, 0x00, 0x00, 0x00, 0x00, 0x00, 0x00, 0x00, 0x00, 0x00,
  0x00, 0x00, 0x00, 0x00, 0x00, 0x00, 0x00, 0x00, 0x00, 0x00, 0x00, 0x00,
  0x00, 0x00, 0x00, 0x00, 0x00, 0x00, 0x00, 0x00, 0x00, 0x00, 0x00, 0x00,
  0x00, 0x00, 0x00, 0x00, 0x00, 0x00, 0x00, 0x00, 0x00, 0x00, 0x00, 0x00,
  0x00, 0x00, 0x00, 0x00, 0x00, 0x00, 0x00, 0x00, 0x00, 0x00, 0x00, 0x00,
  0x00, 0x00, 0x00, 0x00, 0x00, 0x00, 0x00, 0x00, 0x00, 0x00, 0x00, 0x00,
  0x00, 0x00, 0x00, 0x00, 0x00, 0x00, 0x00, 0x00, 0x00, 0x00, 0x00, 0x00,
  0x00, 0x00, 0x00, 0x00, 0x00, 0x00, 0x00, 0x00, 0x00, 0x00, 0x00, 0x00,
  0x00, 0x00, 0x00, 0x00, 0x00, 0x00, 0x00, 0x00, 0x00, 0x00, 0x00, 0x00,
  0x00, 0x00, 0x00, 0x00, 0x00, 0x00, 0x00, 0x00, 0x00, 0x00, 0x00, 0x00,
  0x00, 0x00, 0x00, 0x00, 0x00, 0x00, 0x00, 0x00, 0x00, 0x00, 0x00, 0x00,
  0x00, 0x00, 0x00, 0x00, 0x00, 0x00, 0x00, 0x00, 0x00, 0x00, 0x00, 0x00,
  0x00, 0x00, 0x00, 0x00, 0x00, 0x00, 0x00, 0x00, 0x00, 0x00, 0x00, 0x00,
  0x00, 0x00, 0x00, 0x00, 0x00, 0x00, 0x00, 0x00, 0x00, 0x00, 0x00, 0x00,
  0x00, 0x00, 0x00, 0x00, 0x00, 0x00, 0x00, 0x00, 0x00, 0x00, 0x00, 0x00,
  0x00, 0x00, 0x00, 0x00, 0xFD, 0x00, 0x00, 0x00, 0x00, 0x00, 0x00, 0x00,
  0x00, 0x00, 0x00, 0x00, 0x00, 0x00, 0x00, 0x00
};

static const u8 stage3[STAGE_LENGTH] = {
  0xFF, 0xFF, 0xFF, 0xFF, 0xFF, 0xFF, 0xFF, 0xFF, 0xFF, 0xFF, 0xBF, 0xF5,
  0xFF, 0xFF, 0xFF, 0x7F, 0xF8, 0x00, 0x0F, 0xFF, 0xF5, 0xEB, 0xFF, 0xBF,
  0xFF, 0xFF, 0xBA, 0xAA, 0xAF, 0xE9, 0xBF, 0xFD, 0xFF, 0xFF, 0xFF, 0x37,
  0xF8, 0x00, 0x0F, 0xFF, 0xF5, 0xFB, 0xFD, 0x7F, 0xFF, 0xFF, 0xBD, 0x55,
  0x5D, 0xE9, 0xBF, 0xFD, 0xFF, 0xEF, 0xFF, 0x07, 0xFF, 0xFF, 0xF8, 0xFF,
  0xF5, 0xEB, 0xFD, 0x7B, 0xFF, 0xFF, 0xBF, 0x1F, 0xD8, 0x55, 0xBF, 0xF5,
  0xFF, 0xE9, 0xFF, 0x07, 0xFF, 0x9F, 0xA8, 0x7F, 0xF5, 0xFF, 0xB5, 0xD9,
  0xFF, 0xFF, 0xBF, 0x91, 0x58, 0x7F, 0xBF, 0xFF, 0xBF, 0xE9, 0xFF, 0x07,
  0xDE, 0x9A, 0xA8, 0x7A, 0xF5, 0x97, 0x35, 0xD8, 0x3F, 0xFF, 0x9B, 0xF1,
  0x5F, 0xFF, 0xBF, 0x97, 0x3F, 0xA8, 0x3F, 0x07, 0xFF, 0xFA, 0xA9, 0xFA,
  0xF5, 0x90, 0x35, 0xF8, 0x3F, 0xFF, 0x83, 0xF0, 0x19, 0xFF, 0xBF, 0x9F,
  0xFF, 0x88, 0x26, 0xFF, 0xC0, 0xFA, 0xB1, 0xFA, 0xF5, 0x81, 0x55, 0x80,
  0x25, 0xFF, 0x81, 0xFF, 0xF1, 0xFF, 0xBF, 0x81, 0xFF, 0x88, 0x26, 0xFF,
  0xC0, 0xF2, 0x01, 0xFA, 0xF0, 0x01, 0x55, 0x80, 0x25, 0x52, 0x81, 0xF2,
  0x01, 0x8F, 0xB0, 0x01, 0xFF, 0x8F, 0xE6, 0xB2, 0xFF, 0xE2, 0x01, 0x8A,
  0xF0, 0x01, 0x55, 0x82, 0x87, 0xF2, 0xAB, 0xE2, 0x01, 0x8F, 0xF0, 0x01,
  0xFF, 0x82, 0x80, 0x02, 0x57, 0xE3, 0xFF, 0x0F, 0x00, 0x01, 0x55, 0x83,
  0x80, 0x02, 0xAA, 0x00, 0x00, 0x00, 0x00, 0x01, 0xFF, 0x80, 0x00, 0x02,
  0x56, 0x00, 0x00, 0x00, 0x00, 0x01, 0x55, 0x00, 0x00, 0x02, 0x02, 0x00,
  0x00, 0x00, 0x00, 0x01, 0xFF, 0x00, 0x00, 0x03, 0xFE, 0x00, 0x00, 0x00,
  0xCC, 0x64, 0x00, 0x00, 0x70, 0x70, 0x2E, 0x5E, 0x30, 0x5E, 0x2D, 0x5E,
  0x42, 0x5E, 0x5A, 0x5E, 0x57, 0x5E, 0x6C, 0x5E, 0x39, 0x5D, 0xE8, 0x5D,
  0x00, 0x00, 0x0C, 0x00, 0xF1, 0x69, 0x1B, 0x6A, 0xE0, 0x64, 0x34, 0x65,
  0x0A, 0x65, 0x34, 0x65, 0xE0, 0x64, 0x0F, 0x46, 0x55, 0xEA, 0x00, 0x87,
  0x5E, 0xAB, 0x5E, 0xCC, 0x5E, 0x6B, 0x5F, 0xE7, 0x5E, 0xDA, 0x5E, 0xEA,
  0x00, 0x76, 0x62, 0x9C, 0x62, 0xDB, 0x62, 0xAC, 0x63, 0x1E, 0x63, 0xFB,
  0x62, 0x01, 0x45, 0x5D, 0x6D, 0x5D, 0x96, 0x5D, 0xC1, 0x5D, 0xFE, 0xBD,
  0x98, 0x54, 0x48, 0x49, 0x53, 0x20, 0x49, 0x53, 0x20, 0x4E, 0x41, 0x4E,
  0x43, 0x59, 0x20, 0x41, 0x54, 0x20, 0x43, 0x48, 0x41, 0x53, 0x45, 0x20,
  0x48, 0x2E, 0x51, 0x2E, 0x20, 0x57, 0x45, 0x27, 0x56, 0x45, 0x20, 0x47,
  0x4F, 0x54, 0x20, 0x41, 0xCE, 0x45, 0x4D, 0x45, 0x52, 0x47, 0x45, 0x4E,
  0x43, 0x59, 0x20, 0x48, 0x45, 0x52, 0x45, 0x2E, 0x20, 0x41, 0x20, 0x47,
  0x41, 0x4E, 0x47, 0x20, 0x4F, 0x46, 0x20, 0x43, 0x48, 0x49, 0x43, 0x41,
  0x47, 0x4F, 0x20, 0x50, 0x55, 0x53, 0x48, 0x45, 0x52, 0xD3, 0x41, 0x52,
  0x45, 0x20, 0x46, 0x4C, 0x45, 0x45, 0x49, 0x4E, 0x47, 0x20, 0x54, 0x4F,
  0x57, 0x41, 0x52, 0x44, 0x53, 0x20, 0x54, 0x48, 0x45, 0x20, 0x53, 0x55,
  0x42, 0x55, 0x52, 0x42, 0x53, 0x2E, 0x20, 0x54, 0x48, 0x45, 0x20, 0x54,
  0x41, 0x52, 0x47, 0x45, 0xD4, 0x56, 0x45, 0x48, 0x49, 0x43, 0x4C, 0x45,
  0x20, 0x49, 0x53, 0x20, 0x41, 0x20, 0x47, 0x45, 0x52, 0x4D, 0x41, 0x4E,
  0x20, 0x53, 0x50, 0x4F, 0x52, 0x54, 0x53, 0x20, 0x43, 0x41, 0x52, 0x2E,
  0x2E, 0x2E, 0x20, 0x4F, 0x56, 0x45, 0x52, 0xAE, 0x06, 0x06, 0x02, 0x00,
  0x02, 0xF8, 0x22, 0x59, 0x4F, 0x4B, 0x21, 0x20, 0x59, 0x4F, 0x55, 0x20,
  0x41, 0x52, 0x45, 0x20, 0x55, 0x4E, 0x44, 0x45, 0x52, 0x20, 0x41, 0x52,
  0x52, 0x45, 0x53, 0x54, 0x20, 0x4F, 0xCE, 0x2D, 0x02, 0x00, 0x23, 0xF0,
  0x43, 0x59, 0x53, 0x55, 0x53, 0x50, 0x49, 0x43, 0x49, 0x4F, 0x4E, 0x20,
  0x4F, 0x46, 0x20, 0x53, 0x45, 0x4C, 0x4C, 0x49, 0x4E, 0x47, 0x20, 0x44,
  0x52, 0x55, 0x47, 0xD3, 0x03, 0x00, 0x10, 0x4F, 0x72, 0x20, 0xBF, 0x72,
  0x6F, 0x29, 0x50, 0xE9, 0xE1, 0x52, 0x92, 0x6F, 0x35, 0x46, 0xBB, 0x6E,
  0x71, 0x91, 0x90, 0x5C, 0x28, 0x05, 0x7E, 0x71, 0x91, 0x50, 0x10, 0x3C,
  0xA1, 0x6A, 0x71, 0x91, 0x6E, 0x35, 0x50, 0x9E, 0x73, 0x71, 0x91, 0x6E,
  0x35, 0x50, 0xD6, 0x75, 0x71, 0x91, 0x7E, 0xBC, 0x50, 0xE9, 0xE1, 0x4D,
  0x92, 0x78, 0x9A, 0x46, 0x26, 0x6F, 0x52, 0x90, 0x60, 0x90, 0x28, 0x05,
  0x7E, 0x6C, 0x91, 0xA8, 0xF0, 0x3C, 0xA1, 0x6A, 0x6C, 0x91, 0x84, 0xB6,
  0x50, 0xA8, 0x73, 0x6C, 0x91, 0x84, 0xB6, 0x50, 0xE0, 0x75, 0x6C, 0x91,
  0xF0, 0xF0, 0xF0, 0xF0, 0x50, 0xF1, 0xF1, 0xF1, 0xF1, 0xF1, 0xF1, 0xF1,
  0xF1, 0xF1, 0x11, 0xF0, 0xF0, 0x90, 0xFA, 0xFA, 0xFA, 0x6A, 0xF0, 0xA0,
  0xF2, 0xF2, 0xF2, 0xA2, 0xF0, 0xE0, 0x00, 0x02, 0xF4, 0x5F, 0xD8, 0x60,
  0xF8, 0xF8, 0xF8, 0xF8, 0xF8, 0xF8, 0xF8, 0xF8, 0xF8, 0xF8, 0xF8, 0xF8,
  0xF8, 0xF8, 0xF8, 0xF8, 0xF8, 0xF8, 0xF8, 0xF8, 0xF8, 0xF8, 0xF8, 0xF8,
  0xF8, 0xF8, 0xA8, 0x00, 0x02, 0x09, 0x60, 0xEF, 0x60, 0x3C, 0x82, 0x02,
  0x9E, 0xFE, 0x00, 0x54, 0x00, 0x00, 0x02, 0x4B, 0x60, 0x04, 0x61, 0xC1,
  0x00, 0x0E, 0x03, 0x00, 0x0B, 0x04, 0x00, 0x02, 0x55, 0x60, 0x10, 0x61,
  0x16, 0x10, 0x16, 0x10, 0x16, 0x10, 0x16, 0x10, 0x16, 0x10, 0x16, 0x10,
  0x16, 0x10, 0x16, 0x10, 0x16, 0x10, 0x16, 0x10, 0x16, 0x10, 0x16, 0x10,
  0x16, 0x10, 0x16, 0x10, 0x16, 0x90, 0x14, 0x10, 0x14, 0x10, 0x14, 0x10,
  0x14, 0x10, 0x14, 0x10, 0x14, 0x10, 0x14, 0x10, 0x14, 0x10, 0x14, 0x10,
  0x14, 0x30, 0x14, 0x30, 0x14, 0x30, 0x14, 0x30, 0x14, 0x10, 0x14, 0x30,
  0x16, 0x10, 0x16, 0x30, 0x16, 0x70, 0x14, 0x10, 0x14, 0x10, 0x14, 0x70,
  0x14, 0x10, 0x14, 0x10, 0x14, 0x10, 0x14, 0x10, 0x14, 0x10, 0x14, 0x10,
  0x14, 0x10, 0x14, 0x10, 0x14, 0x10, 0x14, 0x30, 0x16, 0x30, 0x16, 0x10,
  0x16, 0x30, 0x16, 0x10, 0x16, 0x70, 0x14, 0x30, 0x14, 0x10, 0x14, 0x30,
  0x14, 0x30, 0x14, 0x50, 0x14, 0x30, 0x15, 0x50, 0x15, 0x90, 0x15, 0x50,
  0x15, 0x30, 0x16, 0x10, 0x16, 0x10, 0x00, 0x02, 0x6F, 0x60, 0x18, 0x61,
  0x14, 0x30, 0x14, 0x30, 0x14, 0x30, 0x14, 0x50, 0x14, 0x10, 0x14, 0x10,
  0x14, 0x10, 0x14, 0x10, 0x14, 0x10, 0x14, 0x30, 0x14, 0x30, 0x14, 0x50,
  0x16, 0x10, 0x16, 0x10, 0x16, 0x10, 0x16, 0x10, 0x16, 0x30, 0x16, 0x30,
  0x16, 0x30, 0x16, 0x10, 0x16, 0x10, 0x16, 0x10, 0x16, 0x10, 0x16, 0x10,
  0x16, 0x10, 0x16, 0x50, 0x16, 0x30, 0x16, 0x30, 0x16, 0x30, 0x16, 0x10,
  0x16, 0x10, 0x16, 0x10, 0x16, 0x50, 0x14, 0x10, 0x14, 0x10, 0x14, 0x10,
  0x14, 0x10, 0x14, 0x10, 0x14, 0x10, 0x14, 0x10, 0x14, 0x10, 0x14, 0x10,
  0x14, 0x10, 0x14, 0x10, 0x14, 0x10, 0x14, 0x50, 0x14, 0x30, 0x14, 0x10,
  0x14, 0x30, 0x14, 0x30, 0x14, 0x90, 0x14, 0x30, 0x14, 0x70, 0x15, 0x50,
  0x15, 0x30, 0x16, 0x10, 0x16, 0x10, 0x16, 0x10, 0x16, 0x10, 0x16, 0x10,
  0x16, 0x10, 0x16, 0x10, 0x16, 0x10, 0x16, 0x10, 0x16, 0x10, 0x00, 0x02,
  0xA9, 0x60, 0x4B, 0x61, 0xF0, 0xF0, 0xF0, 0x60, 0xF1, 0xF1, 0xF1, 0x41,
  0xF2, 0xF2, 0xB3, 0xA2, 0xF1, 0xF1, 0xC1, 0xF0, 0x20, 0x00, 0x00, 0x8A,
  0x61, 0xF8, 0x58, 0x55, 0x18, 0x5B, 0x18, 0x55, 0x18, 0x5B, 0x18, 0x55,
  0x18, 0x5B, 0x18, 0x55, 0x18, 0x5B, 0x18, 0x55, 0x18, 0x5B, 0x18, 0x55,
  0x18, 0x5B, 0x18, 0x55, 0x18, 0x5B, 0x18, 0x55, 0x18, 0x5B, 0x18, 0x55,
  0x18, 0x5B, 0x18, 0x55, 0x18, 0x5B, 0x18, 0x55, 0x18, 0x5B, 0x18, 0x55,
  0x18, 0x5B, 0x18, 0x55, 0x18, 0x5B, 0x18, 0x55, 0x18, 0x5B, 0x18, 0x55,
  0x18, 0x5B, 0xB8, 0x00, 0x00, 0xA0, 0x61, 0x14, 0x00, 0xB2, 0xC1, 0x0C,
  0x00, 0x00, 0x00, 0xB6, 0x61, 0x0A, 0x00, 0x09, 0x01, 0x00, 0x06, 0x29,
  0x00, 0x09, 0x04, 0x00, 0x06, 0x2A, 0x00, 0x09, 0x02, 0x00, 0x03, 0x01,
  0x00, 0x0D, 0x04, 0x00, 0x00, 0xC4, 0x61, 0xA0, 0x13, 0x70, 0x16, 0x10,
  0x16, 0x10, 0x16, 0x10, 0x16, 0x10, 0x16, 0x10, 0x16, 0x50, 0x16, 0x10,
  0x16, 0x50, 0x16, 0x30, 0x16, 0x10, 0x16, 0x10, 0x16, 0x10, 0x16, 0x30,
  0x16, 0x10, 0x16, 0x30, 0x16, 0x10, 0x16, 0x70, 0x16, 0x10, 0x16, 0x10,
  0x16, 0x10, 0x16, 0xD0, 0x16, 0x10, 0x16, 0x10, 0x16, 0x50, 0x16, 0x10,
  0x16, 0x00, 0x00, 0xC9, 0x61, 0x20, 0x15, 0x50, 0x15, 0x10, 0x13, 0xB0,
  0x16, 0x10, 0x16, 0x10, 0x16, 0x10, 0x16, 0x90, 0x16, 0x10, 0x16, 0x70,
  0x16, 0xF0, 0x16, 0x10, 0x16, 0x10, 0x16, 0x10, 0x16, 0x10, 0x16, 0x10,
  0x16, 0x10, 0x16, 0x10, 0x16, 0x10, 0x16, 0x10, 0x16, 0xD0, 0x16, 0x80,
  0x00, 0x00, 0x20, 0x62, 0x80, 0x79, 0xFA, 0xFA, 0x7A, 0xF0, 0xE0, 0xF2,
  0xF2, 0x91, 0xB0, 0x99, 0xFA, 0xBA, 0x59, 0xF0, 0x80, 0xF1, 0x11, 0x00,
  0x00, 0x8A, 0x61, 0xF3, 0xF3, 0xC3, 0x15, 0x1B, 0xFD, 0xFD, 0xBD, 0xF8,
  0xF8, 0xF8, 0xF8, 0xF8, 0xF8, 0xF8, 0xF8, 0x58, 0x00, 0x00, 0xA0, 0x61,
  0x38, 0x00, 0x86, 0x8E, 0x02, 0x9E, 0x12, 0x00, 0x00, 0x00, 0xB6, 0x61,
  0x0A, 0x00, 0x0D, 0x5F, 0x00, 0x00, 0xC4, 0x61, 0x60, 0x15, 0x70, 0x14,
  0x10, 0x14, 0x10, 0x14, 0x10, 0x14, 0x10, 0x14, 0x10, 0x14, 0x20, 0x43,
  0x50, 0x14, 0x30, 0x14, 0x30, 0x14, 0x30, 0x14, 0x10, 0x14, 0x10, 0x14,
  0x10, 0x14, 0x30, 0x14, 0x10, 0x14, 0x10, 0x14, 0x10, 0x14, 0x10, 0x14,
  0x10, 0x14, 0x10, 0x14, 0xF0, 0xF0, 0x40, 0x00, 0x00, 0xC9, 0x61, 0x60,
  0x15, 0x70, 0x14, 0x10, 0x14, 0x10, 0x14, 0x10, 0x14, 0x10, 0x14, 0x10,
  0x14, 0x10, 0x14, 0x10, 0x14, 0x30, 0x14, 0x30, 0x14, 0x30, 0x14, 0x30,
  0x14, 0x30, 0x14, 0x30, 0x14, 0x30, 0x14, 0x30, 0x14, 0x30, 0x14, 0x30,
  0x14, 0x30, 0x14, 0x30, 0x14, 0x30, 0x14, 0x30, 0x14, 0x30, 0x14, 0x30,
  0x14, 0x10, 0x14, 0x10, 0x14, 0x10, 0x14, 0x10, 0x14, 0x40, 0x00, 0x00,
  0x20, 0x62, 0xF0, 0xF0, 0xF0, 0xF0, 0x10, 0xF9, 0xF9, 0x19, 0xFA, 0x5A,
  0x49, 0xF1, 0xE1, 0xF2, 0xF2, 0x42, 0x71, 0x60, 0x00, 0x00, 0x77, 0x62,
  0x15, 0x13, 0x61, 0x13, 0x9D, 0x98, 0x83, 0x25, 0x17, 0x19, 0x1B, 0x6D,
  0x3B, 0x39, 0xF8, 0xF8, 0xF8, 0xA8, 0x00, 0x00, 0x9D, 0x62, 0x08, 0x00,
  0x02, 0xBD, 0xB2, 0x81, 0x02, 0xAD, 0x02, 0x00, 0x00, 0x00, 0xDC, 0x62,
  0x60, 0x00, 0x00, 0xFC, 0x62, 0xC0, 0x12, 0x10, 0x12, 0x10, 0x12, 0x10,
  0x12, 0x10, 0x12, 0x10, 0x12, 0x10, 0x12, 0x10, 0x12, 0x10, 0x12, 0x10,
  0x12, 0x10, 0x12, 0x10, 0x12, 0x10, 0x12, 0x10, 0x12, 0x10, 0x12, 0x10,
  0x12, 0x10, 0x12, 0x10, 0x12, 0x10, 0x12, 0x10, 0x12, 0x10, 0x12, 0x10,
  0x12, 0x10, 0x12, 0x10, 0x12, 0x10, 0x12, 0x10, 0x12, 0x10, 0x12, 0x10,
  0x12, 0x10, 0x12, 0x10, 0x12, 0x10, 0x12, 0x10, 0x12, 0x10, 0x12, 0x10,
  0x12, 0x10, 0x12, 0x10, 0x12, 0x10, 0x12, 0x10, 0x12, 0x10, 0x12, 0x10,
  0x12, 0x10, 0x12, 0x30, 0x00, 0x00, 0x1F, 0x63, 0xC0, 0x12, 0x10, 0x12,
  0x10, 0x12, 0x10, 0x12, 0x10, 0x12, 0x10, 0x12, 0x10, 0x12, 0x10, 0x12,
  0x10, 0x12, 0x10, 0x12, 0x10, 0x12, 0x10, 0x12, 0x10, 0x12, 0x10, 0x12,
  0x10, 0x12, 0x10, 0x12, 0x10, 0x12, 0x10, 0x12, 0x10, 0x12, 0x10, 0x12,
  0x10, 0x12, 0x10, 0x12, 0x10, 0x12, 0x10, 0x12, 0x10, 0x12, 0x10, 0x12,
  0x10, 0x12, 0x10, 0x12, 0x10, 0x12, 0x10, 0x12, 0x10, 0x12, 0x10, 0x12,
  0x10, 0x12, 0x10, 0x12, 0x10, 0x12, 0x10, 0x12, 0x10, 0x12, 0x10, 0x12,
  0x10, 0x12, 0x10, 0x12, 0x10, 0x12, 0x30, 0x00, 0x00, 0xAD, 0x63, 0xF0,
  0x50, 0xF2, 0xF2, 0xF2, 0x91, 0xF0, 0xF0, 0x90, 0xF9, 0x99, 0xF1, 0xF0,
  0xF0, 0x50, 0xF9, 0xA9, 0xFA, 0xFA, 0xFA, 0xFA, 0xFA, 0xFA, 0x2A, 0xF9,
  0xF9, 0xF9, 0xB9, 0xF0, 0xF0, 0xF0, 0xF0, 0xF0, 0x90, 0x00, 0x00, 0x77,
  0x62, 0xE8, 0x17, 0xF5, 0xF5, 0xA5, 0xFD, 0x2D, 0x6B, 0x59, 0xF8, 0x18,
  0x2D, 0x5F, 0x6D, 0x2B, 0x29, 0x27, 0x25, 0x43, 0xA1, 0x1F, 0x1D, 0x2B,
  0x19, 0xF8, 0xF8, 0xF8, 0xF8, 0xF8, 0x28, 0x1F, 0xF8, 0xF8, 0xF8, 0xF8,
  0xF8, 0xF8, 0xF8, 0xF8, 0xF8, 0xF8, 0xF8, 0x68, 0x35, 0x23, 0x41, 0x13,
  0x1D, 0x3F, 0x1D, 0x1B, 0x15, 0x13, 0x31, 0x1D, 0xEB, 0x49, 0xF8, 0x18,
  0x00, 0x00, 0x9D, 0x62, 0x52, 0x00, 0x08, 0x8E, 0x02, 0x9E, 0x32, 0x00,
  0x04, 0x8E, 0x02, 0x9E, 0x0A, 0x00, 0x02, 0xBD, 0x02, 0x81, 0x02, 0xAD,
  0xFA, 0x00, 0x1A, 0x81, 0x02, 0xAD, 0x02, 0x00, 0x00, 0x00, 0xDC, 0x62,
  0x12, 0x00, 0x07, 0x02, 0x00, 0x03, 0x4F, 0x00, 0x08, 0x02, 0x00, 0x03,
  0x13, 0x00, 0x08, 0x02, 0x00, 0x03, 0x55, 0x00, 0x08, 0x01, 0x00, 0x03,
  0x08, 0x00, 0x04, 0x03, 0x00, 0x03, 0x03, 0x00, 0x00, 0xFC, 0x62, 0x40,
  0x15, 0x50, 0x14, 0x10, 0x14, 0x10, 0x14, 0x10, 0x14, 0x10, 0x14, 0x10,
  0x14, 0x10, 0x14, 0x10, 0x14, 0x10, 0x14, 0x10, 0x14, 0x10, 0x14, 0x10,
  0x14, 0x10, 0x14, 0x30, 0x14, 0x30, 0x14, 0x10, 0x14, 0x30, 0x16, 0x10,
  0x16, 0x10, 0x16, 0x10, 0x16, 0x10, 0x16, 0x10, 0x16, 0x30, 0x16, 0x30,
  0x16, 0x50, 0x16, 0x10, 0x16, 0x10, 0x16, 0x10, 0x16, 0x10, 0x16, 0x30,
  0x14, 0x10, 0x14, 0x10, 0x14, 0x10, 0x14, 0x10, 0x14, 0x10, 0x14, 0x90,
  0x15, 0xF0, 0x60, 0x15, 0xB0, 0x16, 0x10, 0x16, 0x10, 0x16, 0x10, 0x16,
  0x10, 0x16, 0x10, 0x16, 0x10, 0x16, 0x10, 0x16, 0x70, 0x14, 0x10, 0x14,
  0x10, 0x14, 0x10, 0x14, 0x10, 0x14, 0x10, 0x14, 0x10, 0x14, 0x10, 0x14,
  0x10, 0x14, 0x10, 0x14, 0x10, 0x14, 0x10, 0x14, 0x10, 0x14, 0x10, 0x14,
  0x10, 0x14, 0x10, 0x14, 0x50, 0x15, 0x50, 0x15, 0x90, 0x16, 0x10, 0x16,
  0x10, 0x16, 0x10, 0x16, 0x30, 0x00, 0x00, 0x1F, 0x63, 0x40, 0x15, 0xF0,
  0xA0, 0x16, 0x10, 0x16, 0x10, 0x16, 0x10, 0x16, 0x10, 0x16, 0x10, 0x16,
  0x10, 0x16, 0x10, 0x16, 0x10, 0x16, 0x10, 0x16, 0x10, 0x16, 0x10, 0x16,
  0x10, 0x16, 0x90, 0x16, 0x10, 0x16, 0x10, 0x16, 0x10, 0x16, 0x10, 0x16,
  0x10, 0x16, 0x10, 0x16, 0x30, 0x16, 0x30, 0x16, 0xF0, 0x20, 0x14, 0x10,
  0x14, 0x10, 0x14, 0x10, 0x14, 0x10, 0x14, 0x10, 0x14, 0x10, 0x14, 0x10,
  0x14, 0x10, 0x14, 0x10, 0x14, 0x10, 0x14, 0x10, 0x14, 0x10, 0x14, 0x10,
  0x14, 0x10, 0x14, 0x10, 0x14, 0x50, 0x14, 0x10, 0x14, 0x30, 0x14, 0x10,
  0x14, 0x10, 0x14, 0x10, 0x14, 0x10, 0x14, 0x70, 0x14, 0x10, 0x14, 0x10,
  0x14, 0x10, 0x14, 0x10, 0x14, 0x10, 0x14, 0x10, 0x14, 0x10, 0x14, 0x50,
  0x14, 0x90, 0x14, 0x10, 0x14, 0x10, 0x14, 0x70, 0x15, 0xD0, 0x15, 0x50,
  0x00, 0x00, 0xAD, 0x63, 0xFF, 0xFF, 0xFF, 0xFF, 0xFF, 0xBE, 0xEE, 0xE7,
  0xFF, 0xB6, 0xCD, 0xDF, 0xFF, 0x7D, 0xD7, 0xFF, 0xFF, 0xE6, 0x7B, 0xFB,
  0xFF, 0xC0, 0x05, 0xE5, 0xFF, 0xA0, 0x03, 0xED, 0xFF, 0xC0, 0x01, 0xF3,
  0xAF, 0x80, 0x00, 0xF9, 0xFF, 0xC0, 0x01, 0xF5, 0xDF, 0xA0, 0x01, 0xDD,
  0xBF, 0xC0, 0x0C, 0xE5, 0xDF, 0xE0, 0xFE, 0xCB, 0xCF, 0xF8, 0xF1, 0xE3,
  0x8E, 0x78, 0xF8, 0xA1, 0x9C, 0xFC, 0xD4, 0x91, 0xBD, 0x5C, 0x60, 0xD1,
  0xBC, 0x38, 0x78, 0xD1, 0xBE, 0xDC, 0x60, 0x51, 0x9C, 0x3C, 0x30, 0x61,
  0x9A, 0x08, 0x30, 0x61, 0x9C, 0x1C, 0x78, 0x51, 0x8E, 0x17, 0x88, 0xA1,
  0x8C, 0x28, 0x04, 0xA1, 0x86, 0x30, 0x04, 0xA1, 0x83, 0x7B, 0xE0, 0x81,
  0x82, 0x3C, 0x18, 0x81, 0x83, 0x7B, 0xC1, 0x01, 0x81, 0xBF, 0xE1, 0x01,
  0x81, 0x5F, 0xB1, 0x01, 0x80, 0xBA, 0x03, 0x01, 0x80, 0xDC, 0x03, 0x81,
  0x80, 0x76, 0x05, 0x79, 0x80, 0xFD, 0x49, 0x07, 0x81, 0xFF, 0xF0, 0x81,
  0x87, 0xFF, 0xE0, 0x81, 0x9F, 0xFD, 0x00, 0x81, 0xEF, 0xFE, 0x01, 0x01,
  0xD5, 0xEA, 0xA1, 0x01, 0xFF, 0xFF, 0xFF, 0xFF, 0x70, 0x70, 0x70, 0x68,
  0x30, 0x70, 0x70, 0x68, 0x30, 0x30, 0x70, 0x68, 0x68, 0x30, 0x70, 0x68,
  0x68, 0x38, 0x70, 0x78, 0x06, 0x00, 0x1E, 0x5E, 0x65, 0x5E, 0x65, 0x04,
  0x00, 0x14, 0x12, 0x66, 0x12, 0x66, 0x03, 0x00, 0x0D, 0x62, 0x66, 0x62,
  0x66, 0x03, 0x00, 0x0D, 0x62, 0x66, 0x62, 0x66, 0x02, 0x01, 0x08, 0x89,
  0x66, 0x89, 0x66, 0x02, 0x01, 0x08, 0x89, 0x66, 0xA9, 0x66, 0x06, 0x00,
  0x1D, 0xC9, 0x66, 0xC9, 0x66, 0x04, 0x00, 0x13, 0x77, 0x67, 0x77, 0x67,
  0x03, 0x00, 0x0E, 0xC3, 0x67, 0xC3, 0x67, 0x03, 0x00, 0x0E, 0xC3, 0x67,
  0xC3, 0x67, 0x02, 0x01, 0x08, 0xED, 0x67, 0x0D, 0x68, 0x02, 0x01, 0x08,
  0xED, 0x67, 0x0D, 0x68, 0x06, 0x00, 0x1F, 0x2D, 0x68, 0x2D, 0x68, 0x05,
  0x00, 0x16, 0xE7, 0x68, 0xE7, 0x68, 0x03, 0x00, 0x10, 0x55, 0x69, 0x55,
  0x69, 0x03, 0x00, 0x10, 0x55, 0x69, 0x55, 0x69, 0x03, 0x01, 0x09, 0x85,
  0x69, 0xBB, 0x69, 0x03, 0x01, 0x09, 0x85, 0x69, 0xBB, 0x69, 0x07, 0xFF,
  0xFF, 0xFF, 0xFF, 0xF0, 0x3F, 0xFF, 0xFF, 0xFF, 0xFF, 0xFE, 0x3E, 0x57,
  0xFF, 0xFF, 0xF5, 0x3E, 0x7D, 0xFF, 0xFF, 0xFF, 0xFF, 0xDF, 0x7D, 0x2A,
  0xAA, 0xAA, 0xAA, 0x5F, 0x7C, 0x50, 0x1F, 0xFE, 0x05, 0x1F, 0x3B, 0xFF,
  0xF0, 0x03, 0xFF, 0xEE, 0x35, 0x55, 0x50, 0x03, 0x55, 0x56, 0x6A, 0x00,
  0x10, 0x02, 0x00, 0x2B, 0x40, 0x00, 0x1F, 0xFE, 0x00, 0x01, 0x40, 0x00,
  0x00, 0x00, 0x00, 0x01, 0x42, 0xAA, 0xAA, 0xAA, 0xAA, 0xA1, 0x2F, 0xFF,
  0x01, 0xC0, 0x7F, 0xFA, 0x29, 0xF7, 0x03, 0x80, 0x77, 0xCA, 0x2B, 0xAB,
  0x01, 0xC0, 0x6A, 0xEA, 0x29, 0xD5, 0x55, 0x55, 0x55, 0xCA, 0x25, 0xA3,
  0xFF, 0xFF, 0xE2, 0xD2, 0x13, 0xFF, 0xFF, 0xFF, 0xFF, 0xE4, 0x10, 0x00,
  0x00, 0x00, 0x00, 0x04, 0x12, 0x80, 0x00, 0x00, 0x00, 0x24, 0x14, 0x3F,
  0xFF, 0xFF, 0xFE, 0x14, 0x17, 0x2A, 0xAA, 0xAA, 0xAA, 0x74, 0x1D, 0x95,
  0x55, 0x55, 0x54, 0xDC, 0x1F, 0xFF, 0xFF, 0xFF, 0xFF, 0xFC, 0x10, 0x00,
  0x00, 0x00, 0x00, 0x04, 0x10, 0x00, 0x00, 0x00, 0x00, 0x04, 0x0F, 0xFF,
  0xFF, 0xFF, 0xFF, 0xF8, 0x00, 0x08, 0x00, 0x00, 0x08, 0x00, 0x00, 0x06,
  0x00, 0x00, 0x30, 0x00, 0x00, 0x01, 0xFF, 0xFF, 0xC0, 0x00, 0x3F, 0xFF,
  0xFF, 0xFC, 0x72, 0xFF, 0xFE, 0x9E, 0xEF, 0xFF, 0xFF, 0xEF, 0xFA, 0xAF,
  0xEA, 0xAF, 0x55, 0x58, 0x35, 0x52, 0x80, 0x08, 0x20, 0x01, 0x80, 0x00,
  0x00, 0x01, 0x9D, 0xB6, 0xDB, 0x69, 0xAF, 0xE0, 0x0F, 0xF5, 0xAA, 0x60,
  0x0C, 0xB5, 0x9A, 0x7F, 0xFC, 0xB9, 0x4F, 0xFF, 0xFF, 0xF2, 0x40, 0x00,
  0x00, 0x02, 0x63, 0xFF, 0xFF, 0x86, 0x79, 0xB6, 0xDB, 0x9E, 0x7F, 0xFF,
  0xFF, 0xFE, 0x40, 0x00, 0x00, 0x02, 0x3F, 0xFF, 0xFF, 0xFC, 0x00, 0xC0,
  0x06, 0x00, 0x00, 0x3F, 0xF8, 0x00, 0x1F, 0xFF, 0xFC, 0x71, 0xFF, 0xC6,
  0x6A, 0xBE, 0xAB, 0x40, 0x00, 0x01, 0x47, 0xFF, 0xF1, 0x5F, 0x88, 0xFD,
  0x48, 0x88, 0x89, 0x5F, 0xFF, 0xFD, 0x30, 0x00, 0x02, 0x39, 0xFF, 0xCE,
  0x27, 0x55, 0x72, 0x1F, 0xFF, 0xFC, 0x01, 0xFF, 0xC0, 0x00, 0xFF, 0x07,
  0xF8, 0x00, 0xCF, 0x07, 0x98, 0x80, 0x6A, 0x0F, 0xB0, 0x00, 0xB8, 0x07,
  0xE8, 0x00, 0xFF, 0x07, 0xF8, 0x00, 0x80, 0x07, 0x08, 0x80, 0x6A, 0x0F,
  0xB0, 0xC0, 0x3F, 0x3F, 0xC0, 0xE0, 0x1F, 0x00, 0xFF, 0xE0, 0x19, 0x00,
  0xF3, 0xF0, 0x0D, 0x01, 0x56, 0xE0, 0x17, 0x00, 0x1D, 0xE0, 0x1F, 0x00,
  0xFF, 0xE0, 0x10, 0x00, 0x01, 0xF0, 0x0D, 0x01, 0x56, 0xF8, 0x07, 0x07,
  0xF8, 0x0F, 0xFF, 0xFF, 0xFF, 0xFF, 0xE0, 0x7F, 0xFF, 0xFF, 0xFF, 0xFF,
  0xFC, 0x7C, 0xAF, 0xFF, 0xFF, 0xEA, 0x7C, 0xFB, 0xFF, 0xFF, 0xFF, 0xFF,
  0xBE, 0xFA, 0x55, 0x55, 0x55, 0x54, 0xBE, 0xF8, 0xA0, 0x02, 0xA0, 0x0A,
  0x3E, 0x77, 0xFF, 0xFF, 0xFF, 0xFF, 0xDC, 0x6A, 0xAA, 0xAA, 0xAA, 0xAA,
  0xAC, 0xD4, 0x00, 0x00, 0x00, 0x00, 0x56, 0x80, 0x00, 0x00, 0x00, 0x00,
  0x02, 0x80, 0x00, 0x00, 0x00, 0x00, 0x02, 0x85, 0x55, 0x55, 0x55, 0x55,
  0x42, 0x5F, 0xFF, 0xFF, 0xFF, 0xFF, 0xF4, 0x50, 0x28, 0x40, 0x04, 0x28,
  0x14, 0x55, 0x58, 0x40, 0x04, 0x35, 0x54, 0x5A, 0xAA, 0xC0, 0x06, 0xAA,
  0xB4, 0x50, 0x5F, 0xC0, 0x07, 0xF4, 0x14, 0x2F, 0xFF, 0xFF, 0xFF, 0xFF,
  0xE8, 0x28, 0x00, 0x00, 0x00, 0x00, 0x28, 0x1D, 0x00, 0x00, 0x00, 0x00,
  0xB0, 0x17, 0xFF, 0xFF, 0xFF, 0xFF, 0xD0, 0x20, 0x9A, 0xA8, 0x2A, 0xB2,
  0x08, 0x20, 0x98, 0x04, 0x40, 0x32, 0x08, 0x1F, 0x58, 0x04, 0x40, 0x35,
  0xF0, 0x00, 0x4F, 0xF8, 0x3F, 0xE4, 0x00, 0x00, 0x2F, 0xE0, 0x00, 0x28,
  0x00, 0x00, 0x7F, 0xFF, 0xFF, 0xFC, 0x00, 0x00, 0x81, 0xC0, 0x00, 0x02,
  0x00, 0x00, 0x7F, 0xFF, 0xFF, 0xFC, 0x00, 0x7F, 0xFF, 0xFF, 0xFE, 0xF5,
  0xFF, 0xFF, 0xAF, 0xEF, 0xD4, 0x2B, 0xF7, 0xE2, 0xAB, 0xD5, 0x47, 0x5F,
  0xFF, 0xFF, 0xFA, 0xE0, 0x00, 0x00, 0x05, 0x85, 0x55, 0x55, 0x51, 0x9F,
  0xFF, 0xFF, 0xF9, 0xAA, 0x88, 0x11, 0x6D, 0xB7, 0x88, 0x11, 0xD5, 0xA3,
  0xF8, 0x1F, 0xC5, 0x5F, 0xFF, 0xFF, 0xFA, 0x30, 0x00, 0x00, 0x0C, 0x2F,
  0xFF, 0xFF, 0xF4, 0x44, 0x82, 0x41, 0x22, 0x3A, 0x82, 0x41, 0x5C, 0x01,
  0xFC, 0x3F, 0x80, 0x02, 0x38, 0x00, 0x40, 0x03, 0xFF, 0xFF, 0xC0, 0x7F,
  0xFF, 0xFC, 0xCF, 0xFF, 0xE6, 0xBF, 0xFF, 0xFA, 0x95, 0x55, 0x52, 0x80,
  0x00, 0x02, 0xFF, 0xFF, 0xFE, 0xAC, 0x84, 0x6A, 0xD7, 0x87, 0xD6, 0x60,
  0x00, 0x0C, 0x9F, 0xFF, 0xF2, 0x7C, 0x28, 0x7C, 0x0F, 0xFF, 0xE0, 0x09,
  0x80, 0x20, 0x07, 0xFF, 0xC0, 0x00, 0xFF, 0x07, 0xF8, 0x00, 0xCF, 0x07,
  0x98, 0x80, 0x6A, 0x0F, 0xB0, 0x00, 0xB8, 0x07, 0xE8, 0x00, 0xFF, 0x07,
  0xF8, 0x00, 0x80, 0x07, 0x08, 0x80, 0x6A, 0x0F, 0xB0, 0xC0, 0x3F, 0x3F,
  0xC0, 0xE0, 0x1F, 0x00, 0xFF, 0xE0, 0x19, 0x00, 0xF3, 0xF0, 0x0D, 0x01,
  0x56, 0xE0, 0x17, 0x00, 0x1D, 0xE0, 0x1F, 0x00, 0xFF, 0xE0, 0x10, 0x00,
  0x01, 0xF0, 0x0D, 0x01, 0x56, 0xF8, 0x07, 0x07, 0xF8, 0x00, 0x3F, 0xFF,
  0xFF, 0xF0, 0x00, 0x0F, 0xFF, 0xFF, 0xFF, 0xFF, 0xE0, 0x7F, 0xFF, 0xFF,
  0xFF, 0xFF, 0xFC, 0x7C, 0xAF, 0xFF, 0xFF, 0xEA, 0x7C, 0xFB, 0xFF, 0xFF,
  0xFF, 0xFF, 0xBE, 0xFB, 0xFF, 0xFF, 0xFF, 0xFF, 0xBE, 0xFF, 0xFF, 0xFF,
  0xFF, 0xFF, 0xFE, 0x6A, 0xAA, 0xAA, 0xAA, 0xAA, 0xAE, 0x7F, 0xFF, 0xFF,
  0xFF, 0xFF, 0xFC, 0x40, 0x00, 0x00, 0x00, 0x00, 0x04, 0x40, 0x00, 0x00,
  0x00, 0x00, 0x04, 0x3F, 0xFF, 0xFF, 0xFF, 0xFF, 0xF8, 0x20, 0x00, 0x00,
  0x00, 0x00, 0x08, 0x7F, 0xFF, 0xFF, 0xFF, 0xFF, 0xFC, 0x4F, 0x7F, 0xFF,
  0xFF, 0xFD, 0xE4, 0x4F, 0x55, 0x40, 0x05, 0x55, 0xE4, 0x4F, 0x2A, 0xC0,
  0x06, 0xAA, 0xE4, 0x3E, 0x55, 0x40, 0x05, 0x54, 0xFC, 0x3F, 0xFF, 0xFF,
  0xFF, 0xFF, 0xF8, 0x2C, 0x00, 0x00, 0x00, 0x00, 0x68, 0x17, 0xFF, 0xFF,
  0xFF, 0xFF, 0xD0, 0x2C, 0xFF, 0xFF, 0xFF, 0xFE, 0x68, 0x46, 0x00, 0x00,
  0x00, 0x00, 0xC4, 0x43, 0xFF, 0xFF, 0xFF, 0xFF, 0x84, 0x3F, 0xA0, 0x00,
  0x1F, 0x0B, 0xF8, 0x01, 0xD0, 0x00, 0x3F, 0x17, 0x00, 0x00, 0xC8, 0x00,
  0x3F, 0x26, 0x00, 0x00, 0x66, 0x00, 0x1E, 0xCC, 0x00, 0x00, 0x11, 0xFF,
  0xFF, 0x18, 0x00, 0x00, 0x0C, 0x00, 0x00, 0x60, 0x00, 0x00, 0x03, 0xFF,
  0xFF, 0x80, 0x00, 0x00, 0x7F, 0xFF, 0xF8, 0x00, 0x07, 0xFF, 0xFF, 0xFF,
  0xE0, 0x3C, 0xBF, 0xFF, 0xFA, 0x78, 0x7B, 0xFF, 0xFF, 0xFF, 0xBC, 0x7F,
  0xFF, 0xFF, 0xFF, 0xFC, 0x35, 0x55, 0x55, 0x55, 0x5C, 0x3F, 0xFF, 0xFF,
  0xFF, 0xF8, 0x20, 0x00, 0x00, 0x00, 0x08, 0x15, 0x55, 0x55, 0x55, 0x50,
  0x3F, 0xFF, 0xFF, 0xFF, 0xF8, 0x26, 0xFF, 0xFF, 0xFE, 0xC8, 0x26, 0x54,
  0x00, 0xD4, 0xC8, 0x1E, 0xAC, 0x00, 0xAA, 0xF8, 0x1D, 0x55, 0x55, 0x55,
  0x70, 0x0F, 0xFF, 0xFF, 0xFF, 0xE0, 0x14, 0xFF, 0xFF, 0xFE, 0x50, 0x27,
  0x80, 0x00, 0x03, 0xC8, 0x1F, 0x40, 0x03, 0xC5, 0xF0, 0x01, 0xA0, 0x07,
  0xCB, 0x00, 0x00, 0xD8, 0x03, 0xB6, 0x00, 0x00, 0x27, 0xFF, 0xC8, 0x00,
  0x00, 0x1F, 0xFF, 0xF0, 0x00, 0x07, 0xFF, 0xE0, 0x7F, 0xFF, 0xFE, 0xE7,
  0xFF, 0xE7, 0xDF, 0xFF, 0xFB, 0x6A, 0xB5, 0x56, 0x80, 0x00, 0x01, 0x6F,
  0xFF, 0xF6, 0xBA, 0x81, 0x5D, 0xB5, 0x5A, 0xAD, 0x7F, 0xFF, 0xFE, 0x6F,
  0xFF, 0xFA, 0x50, 0x00, 0x05, 0x3A, 0x03, 0x2E, 0x0D, 0x07, 0x58, 0x06,
  0x7F, 0x30, 0x01, 0xFF, 0xC0, 0x80, 0x7F, 0x01, 0xFE, 0xFF, 0x00, 0x00,
  0xEF, 0x00, 0xF7, 0xFF, 0x00, 0x00, 0xD5, 0x00, 0x53, 0xFF, 0x00, 0x80,
  0x4A, 0x01, 0xA2, 0xFF, 0x00, 0x80, 0x77, 0x01, 0xDE, 0xFF, 0x00, 0x80,
  0x60, 0x01, 0x06, 0xFF, 0x00, 0x80, 0x5F, 0x01, 0xFA, 0xFF, 0x00, 0xC7,
  0x28, 0xA3, 0x54, 0xFF, 0x00, 0xF0, 0x0F, 0x0F, 0xF0, 0xFF, 0x00, 0xF8,
  0x07, 0x00, 0xFF, 0x1F, 0xE0, 0xF0, 0x0E, 0x00, 0xFF, 0x0F, 0x70, 0xF0,
  0x0D, 0x00, 0x55, 0x0F, 0x30, 0xF8, 0x04, 0x00, 0xAA, 0x1F, 0x20, 0xF8,
  0x07, 0x00, 0x7D, 0x1F, 0xE0, 0xF8, 0x06, 0x00, 0x00, 0x1F, 0x60, 0xF8,
  0x05, 0x00, 0xFF, 0x1F, 0xA0, 0xFC, 0x02, 0x7A, 0x85, 0x3F, 0x40, 0xFF,
  0x00, 0x00, 0xFF, 0xFF, 0x00, 0x02, 0x01, 0x05, 0x45, 0x6A, 0x45, 0x6A,
  0x02, 0x01, 0x04, 0x59, 0x6A, 0x69, 0x6A, 0x02, 0x01, 0x03, 0x79, 0x6A,
  0x85, 0x6A, 0x01, 0x01, 0x02, 0x91, 0x6A, 0x95, 0x6A, 0x01, 0x01, 0x02,
  0x91, 0x6A, 0x95, 0x6A, 0x01, 0x01, 0x01, 0x99, 0x6A, 0x9B, 0x6A, 0x01,
  0x01, 0x01, 0x9D, 0x6A, 0x9F, 0x6A, 0x01, 0x01, 0x01, 0x9D, 0x6A, 0x9F,
  0x6A, 0x01, 0x01, 0x01, 0x9D, 0x6A, 0x9F, 0x6A, 0x01, 0x01, 0x01, 0x9D,
  0x6A, 0x9F, 0x6A, 0x01, 0x01, 0x01, 0x9D, 0x6A, 0x9F, 0x6A, 0x01, 0x01,
  0x01, 0x9D, 0x6A, 0x9F, 0x6A, 0x00, 0xFF, 0x1F, 0xE0, 0x00, 0x82, 0x0F,
  0xF0, 0x00, 0x81, 0x1F, 0x60, 0x80, 0x63, 0x3F, 0xC0, 0xE0, 0x1F, 0xFF,
  0x00, 0x00, 0xFF, 0xFF, 0x00, 0x00, 0x87, 0x7F, 0x80, 0x80, 0x43, 0xFF,
  0x00, 0xC1, 0x36, 0xFF, 0x00, 0xF0, 0x0F, 0x0F, 0xF0, 0xF0, 0x08, 0x07,
  0x78, 0xF8, 0x04, 0x0F, 0x30, 0xFC, 0x03, 0x1F, 0x60, 0x07, 0xF8, 0xFF,
  0x00, 0x03, 0x94, 0xFF, 0x00, 0x87, 0x58, 0xFF, 0x00, 0xF0, 0x0F, 0x7F,
  0x80, 0xF0, 0x09, 0x3F, 0x40, 0xF8, 0x05, 0x7F, 0x80, 0x0F, 0xF0, 0x1F,
  0xA0, 0xF0, 0x0F, 0xF1, 0x0A, 0x3F, 0xC0, 0xF3, 0x0C, 0x1F, 0x40, 0xF1,
  0x04, 0x02, 0xAB, 0x6A, 0x0A, 0xC1, 0x6A, 0x02, 0xD7, 0x6A, 0x01, 0xED,
  0x6A, 0x48, 0x02, 0x38, 0x09, 0x30, 0x09, 0x28, 0x10, 0x20, 0x10, 0x20,
  0x17, 0x1C, 0x17, 0x18, 0x1E, 0x14, 0x1E, 0x10, 0x25, 0xED, 0x6A, 0x48,
  0x2C, 0x38, 0x33, 0x30, 0x33, 0x28, 0x3A, 0x20, 0x3A, 0x20, 0x41, 0x1C,
  0x41, 0x18, 0x48, 0x14, 0x48, 0x10, 0x4F, 0xED, 0x6A, 0x48, 0x56, 0x38,
  0x5D, 0x30, 0x5D, 0x28, 0x64, 0x20, 0x64, 0x20, 0x6B, 0x1C, 0x6B, 0x18,
  0x72, 0x14, 0x72, 0x10, 0x79, 0x08, 0x00, 0x20, 0x6B, 0x6B, 0x6B, 0x6B,
  0x06, 0x00, 0x19, 0xAB, 0x6C, 0xAB, 0x6C, 0x05, 0x00, 0x14, 0x7D, 0x6D,
  0x7D, 0x6D, 0x04, 0x00, 0x0E, 0x0E, 0x6E, 0x0E, 0x6E, 0x03, 0x00, 0x0B,
  0x62, 0x6E, 0x62, 0x6E, 0x02, 0x00, 0x08, 0x95, 0x6E, 0x95, 0x6E, 0x08,
  0x00, 0x08, 0x6B, 0x6C, 0x6B, 0x6C, 0x06, 0x00, 0x06, 0x41, 0x6D, 0x41,
  0x6D, 0x05, 0x00, 0x05, 0xE1, 0x6D, 0xE1, 0x6D, 0x04, 0x00, 0x04, 0x46,
  0x6E, 0x46, 0x6E, 0x03, 0x00, 0x04, 0x83, 0x6E, 0x83, 0x6E, 0x02, 0x00,
  0x03, 0xA5, 0x6E, 0xA5, 0x6E, 0x08, 0x00, 0x08, 0x6B, 0x6C, 0x6B, 0x6C,
  0x06, 0x00, 0x04, 0x65, 0x6D, 0x65, 0x6D, 0x05, 0x00, 0x04, 0xFA, 0x6D,
  0xFA, 0x6D, 0x04, 0x00, 0x03, 0x56, 0x6E, 0x56, 0x6E, 0x03, 0x00, 0x02,
  0x8F, 0x6E, 0x8F, 0x6E, 0x02, 0x00, 0x02, 0xAB, 0x6E, 0xAB, 0x6E, 0x22,
  0x7F, 0xFF, 0xFF, 0xFF, 0xFF, 0x84, 0x11, 0x09, 0x63, 0x57, 0xE3, 0x57,
  0xE3, 0xF1, 0x00, 0x40, 0x63, 0xAA, 0xE3, 0xAA, 0xE3, 0xDE, 0x68, 0x0B,
  0xDF, 0x55, 0x73, 0x55, 0x7F, 0xAB, 0x0A, 0x9C, 0xB1, 0xFF, 0xF1, 0xFF,
  0xF1, 0xD5, 0xC0, 0x30, 0xD1, 0xAB, 0xF1, 0xAB, 0xF1, 0xAA, 0xB4, 0x50,
  0xB1, 0x55, 0x71, 0x55, 0x71, 0xD5, 0x79, 0x90, 0xD9, 0xFF, 0xF9, 0xFF,
  0xF8, 0xAA, 0xAC, 0x90, 0xA8, 0xD5, 0x58, 0xD5, 0x58, 0xD5, 0x7E, 0x90,
  0xD8, 0xEA, 0xA8, 0xEA, 0xA8, 0xAA, 0xAA, 0x90, 0xAF, 0xFF, 0xFF, 0xFF,
  0xFF, 0xD5, 0x7F, 0x90, 0xD4, 0xBA, 0xAC, 0xBA, 0xAC, 0xBA, 0xAB, 0x90,
  0xFC, 0xBC, 0xD4, 0xBC, 0xD4, 0xFF, 0x7F, 0x93, 0xD4, 0xBE, 0xAC, 0xBE,
  0xAC, 0xBE, 0xAB, 0x9E, 0x7C, 0xBC, 0xD4, 0xBC, 0xD4, 0xEF, 0x7F, 0x91,
  0xD4, 0xBE, 0xEC, 0xBE, 0xEC, 0xB2, 0xAB, 0x9E, 0x2C, 0xBE, 0xF4, 0xBE,
  0xD4, 0xFB, 0x7F, 0x95, 0x54, 0xBE, 0xEC, 0xBE, 0xEC, 0xBA, 0xAB, 0x90,
  0x2C, 0xBE, 0xF4, 0xBE, 0xD4, 0xE7, 0x7F, 0x95, 0x54, 0xBE, 0xFC, 0xBE,
  0xFC, 0xBA, 0xAB, 0x90, 0x2C, 0xBE, 0xF4, 0xBE, 0xF4, 0xE7, 0x7F, 0x95,
  0x54, 0xBE, 0xFC, 0xBE, 0xFC, 0xBA, 0xAB, 0x90, 0x2C, 0xBE, 0xFC, 0xBE,
  0xFC, 0xD7, 0x7F, 0x95, 0x54, 0x81, 0x54, 0x81, 0x54, 0xAA, 0xAB, 0x90,
  0x2C, 0xFF, 0xFC, 0xFF, 0xFC, 0xD5, 0x7F, 0x95, 0x54, 0xFF, 0xFC, 0xFF,
  0xFC, 0xAA, 0xAB, 0x90, 0x2C, 0xD5, 0x54, 0xD5, 0x54, 0xD5, 0x7F, 0x95,
  0x54, 0xFF, 0xFC, 0xFF, 0xFC, 0xAA, 0xAB, 0x90, 0x2C, 0x80, 0x04, 0x80,
  0x04, 0xD5, 0x7F, 0x95, 0x54, 0x80, 0x04, 0x80, 0x04, 0xAA, 0xAB, 0x90,
  0x2C, 0x80, 0x04, 0x80, 0x04, 0xD5, 0x7F, 0x95, 0x54, 0xFF, 0xFC, 0xFF,
  0xFC, 0xAA, 0xAB, 0x90, 0x2C, 0xFF, 0xFC, 0xFF, 0xFC, 0xD5, 0x7F, 0x95,
  0xF4, 0xC1, 0x54, 0xC1, 0x54, 0xAA, 0xAB, 0x96, 0x3C, 0xDE, 0xFC, 0xDE,
  0xFC, 0xFD, 0x7F, 0x95, 0xF4, 0xDE, 0xF4, 0xDE, 0xF4, 0xBF, 0xAB, 0x95,
  0xFC, 0xDE, 0xFC, 0xDE, 0xFC, 0xFF, 0x7F, 0x95, 0xF4, 0xDE, 0xF4, 0xDE,
  0xF4, 0xBF, 0xAB, 0x94, 0x7C, 0xC2, 0xAC, 0xC2, 0xAC, 0xFF, 0x7F, 0x9F,
  0x94, 0xFF, 0xFC, 0xFF, 0xFC, 0xAB, 0xAB, 0x49, 0xFF, 0xFF, 0xFF, 0xF8,
  0x09, 0x15, 0x2A, 0xB2, 0xAB, 0x3E, 0x40, 0x0F, 0x35, 0x53, 0x55, 0x3F,
  0x94, 0xB2, 0x9F, 0xF9, 0xFF, 0x9D, 0x60, 0x62, 0x95, 0xB9, 0x5B, 0x9F,
  0xF8, 0xA2, 0x92, 0x49, 0x24, 0x9D, 0x5D, 0xA2, 0xCF, 0xFD, 0xFF, 0xCF,
  0xFC, 0xA2, 0xCD, 0xB4, 0xDB, 0x4D, 0x5E, 0xA2, 0xFF, 0xFF, 0xFF, 0xFF,
  0xFF, 0xA2, 0xCF, 0xA8, 0xFA, 0x8D, 0x5F, 0xAE, 0x8F, 0xB4, 0xFB, 0x4F,
  0xFF, 0xB9, 0xCF, 0x28, 0xF2, 0x8D, 0x5F, 0xA6, 0x8F, 0xB4, 0xFB, 0x4E,
  0x7F, 0xB9, 0x4F, 0xB8, 0xFB, 0x8F, 0x9F, 0xA4, 0x8F, 0xBC, 0xFB, 0xCF,
  0xBF, 0xA1, 0x4F, 0xB8, 0xFB, 0x8F, 0x9F, 0xA4, 0x8F, 0xBC, 0xFB, 0xCF,
  0xBF, 0xA1, 0x4F, 0xB8, 0xFB, 0x8F, 0x1F, 0xA4, 0x88, 0x54, 0x85, 0x4F,
  0xFF, 0xA1, 0x4F, 0xFC, 0xFF, 0xCD, 0x5F, 0xA4, 0x8F, 0xFC, 0xFF, 0xCF,
  0xFF, 0xA1, 0x4F, 0xFC, 0xFF, 0xCD, 0x5F, 0xA4, 0x88, 0x00, 0x80, 0x0F,
  0xFF, 0xA1, 0x48, 0x00, 0x80, 0x0D, 0x5F, 0xA4, 0x8F, 0xFC, 0xFF, 0xCF,
  0xFF, 0xA3, 0x88, 0x48, 0x84, 0x8D, 0x5F, 0xAF, 0xCB, 0xBC, 0xBB, 0xCF,
  0xF7, 0xAB, 0x8B, 0xBC, 0xBB, 0xCD, 0xFF, 0xA8, 0xCB, 0xB8, 0xBB, 0x8F,
  0xF7, 0xAF, 0x08, 0xB4, 0x8B, 0x4D, 0x5F, 0xA0, 0x4F, 0xFC, 0xFF, 0xCF,
  0xF7, 0xA0, 0x00, 0x00, 0x00, 0x0F, 0xFF, 0x9F, 0xFF, 0xFF, 0xFF, 0xFF,
  0xFF, 0xFF, 0xFF, 0xFF, 0xFF, 0xFF, 0xFF, 0x07, 0xFF, 0xFF, 0xFF, 0xFF,
  0xE0, 0x87, 0xFF, 0xFF, 0xFC, 0x49, 0x19, 0x55, 0x2A, 0xCF, 0x82, 0x69,
  0xFF, 0x3F, 0xCF, 0xF0, 0x89, 0xAB, 0x35, 0x4F, 0xFD, 0x8C, 0xFF, 0x9F,
  0xE7, 0xFE, 0x8C, 0xD4, 0x95, 0x27, 0xFE, 0x8B, 0xFF, 0xFF, 0xFF, 0xFF,
  0x8D, 0x7A, 0x9E, 0xD7, 0xFF, 0x9B, 0x7B, 0x5E, 0xE7, 0xFF, 0xE5, 0x7B,
  0x9E, 0xD7, 0xFF, 0x83, 0x7B, 0x5E, 0xE7, 0xFF, 0x85, 0x7B, 0x9E, 0xF7,
  0xFF, 0x83, 0x7B, 0xDE, 0xE7, 0xFF, 0x85, 0x7B, 0xDE, 0xF7, 0xFF, 0x83,
  0x45, 0x51, 0x57, 0xFF, 0x85, 0x7F, 0xDF, 0xF7, 0xFF, 0x83, 0x7F, 0xDF,
  0xF7, 0xFF, 0x85, 0x40, 0x10, 0x07, 0xFF, 0x83, 0x40, 0x10, 0x07, 0xFF,
  0x85, 0x7F, 0xDF, 0xF7, 0xFF, 0x8F, 0x41, 0xD0, 0x77, 0xFF, 0xBF, 0x5F,
  0xD7, 0xF7, 0xFF, 0xBF, 0x5F, 0xD7, 0xF7, 0xFF, 0xB8, 0x46, 0x51, 0x97,
  0xFF, 0x80, 0x7F, 0xDF, 0xF7, 0xFF, 0x80, 0x00, 0x00, 0x07, 0xFF, 0xFF,
  0xFF, 0xFF, 0xFF, 0xFF, 0x80, 0x00, 0x00, 0x00, 0x01, 0x7F, 0xFF, 0xFF,
  0xFF, 0xFE, 0x05, 0xFD, 0xFD, 0xC0, 0x3D, 0x55, 0x55, 0xF9, 0x44, 0xFC,
  0xFC, 0xFE, 0x86, 0xAA, 0xAA, 0xFF, 0x87, 0xFF, 0xFF, 0xFF, 0x84, 0xEE,
  0xEE, 0xFF, 0x9A, 0xEC, 0xEC, 0xFF, 0x80, 0xEE, 0xEE, 0xFF, 0x82, 0xEC,
  0xEC, 0xFF, 0x80, 0x8A, 0x8A, 0xFF, 0x82, 0xFE, 0xFE, 0xFF, 0x80, 0x80,
  0x80, 0xFF, 0x82, 0x80, 0x80, 0xFF, 0x80, 0xFE, 0xFE, 0xFF, 0x9E, 0x9E,
  0x9E, 0xFF, 0xBE, 0xBC, 0xBC, 0xFF, 0xBC, 0xFE, 0xFE, 0xFF, 0x82, 0x00,
  0x00, 0xFF, 0xFF, 0xFF, 0xFF, 0xFF, 0x80, 0x00, 0x00, 0x01, 0x7F, 0xFF,
  0xFF, 0xFE, 0x17, 0xDF, 0x78, 0x76, 0xDB, 0x7E, 0xDB, 0x2C, 0xBF, 0xD3,
  0xEF, 0xBF, 0xDB, 0xEF, 0xBF, 0xE3, 0xEF, 0xBF, 0xCB, 0xEF, 0xBF, 0xC3,
  0xEF, 0xBF, 0xCA, 0x08, 0x3F, 0xC3, 0xEF, 0xBF, 0xCB, 0xEF, 0xBF, 0x88,
  0x00, 0x3F, 0xAB, 0xCF, 0x3F, 0xEA, 0x08, 0x3F, 0xCB, 0xEF, 0xBF, 0xC0,
  0x00, 0x33, 0xFF, 0xFF, 0xFF, 0x30, 0x1C, 0xF9, 0x9F, 0xAF, 0xFF, 0x9E,
  0xEF, 0x8E, 0xEF, 0x9E, 0xEF, 0xA8, 0x8F, 0x9F, 0xFF, 0x90, 0x0F, 0x9E,
  0xEF, 0x9F, 0xFF, 0x80, 0x01, 0x7F, 0xFE, 0x00, 0x00, 0x00, 0x00, 0x00,
  0x00, 0x00, 0x00, 0x00, 0x00, 0x00, 0x00, 0x03, 0xC2, 0x6E, 0x02, 0xD8,
  0x6E, 0x01, 0xEE, 0x6E, 0x24, 0x02, 0x1C, 0x02, 0x18, 0x09, 0x18, 0x09,
  0x14, 0x10, 0x14, 0x10, 0x14, 0x17, 0x10, 0x17, 0x10, 0x17, 0x10, 0x17,
  0xEE, 0x6E, 0x24, 0x1E, 0x1C, 0x1E, 0x18, 0x25, 0x18, 0x25, 0x14, 0x2C,
  0x14, 0x2C, 0x14, 0x33, 0x10, 0x33, 0x10, 0x33, 0x10, 0x33, 0x04, 0x00,
  0x10, 0x67, 0x70, 0x67, 0x70, 0x03, 0x00, 0x0C, 0x76, 0x71, 0x76, 0x71,
  0x02, 0x00, 0x08, 0x04, 0x72, 0x04, 0x72, 0x01, 0x00, 0x04, 0x3D, 0x72,
  0x3D, 0x72, 0x04, 0x00, 0x18, 0xA7, 0x70, 0xA7, 0x70, 0x03, 0x00, 0x12,
  0x9A, 0x71, 0x9A, 0x71, 0x02, 0x00, 0x0C, 0x14, 0x72, 0x14, 0x72, 0x01,
  0x00, 0x06, 0x41, 0x72, 0x41, 0x72, 0x03, 0x2D, 0x6F, 0x02, 0x61, 0x6F,
  0x01, 0x77, 0x6F, 0x24, 0x02, 0x1C, 0x02, 0x18, 0x09, 0x18, 0x09, 0x14,
  0x10, 0x14, 0x10, 0x14, 0x17, 0x10, 0x17, 0x10, 0x17, 0x10, 0x17, 0x18,
  0x4F, 0x70, 0x18, 0x4F, 0x70, 0x12, 0x64, 0x71, 0x12, 0x64, 0x71, 0x0C,
  0xF8, 0x71, 0x0C, 0xF8, 0x71, 0x07, 0x36, 0x72, 0x07, 0x36, 0x72, 0x07,
  0x36, 0x72, 0x07, 0x36, 0x72, 0x77, 0x6F, 0x24, 0x1E, 0x1C, 0x1E, 0x18,
  0x25, 0x18, 0x25, 0x14, 0x2C, 0x14, 0x2C, 0x14, 0x33, 0x10, 0x33, 0x10,
  0x33, 0x10, 0x33, 0x04, 0x00, 0x10, 0xAF, 0x6F, 0xAF, 0x6F, 0x03, 0x00,
  0x0C, 0x07, 0x71, 0x07, 0x71, 0x02, 0x00, 0x08, 0xD0, 0x71, 0xD0, 0x71,
  0x01, 0x00, 0x04, 0x2C, 0x72, 0x2C, 0x72, 0x04, 0x00, 0x18, 0xEF, 0x6F,
  0xEF, 0x6F, 0x03, 0x00, 0x12, 0x2B, 0x71, 0x2B, 0x71, 0x02, 0x00, 0x0C,
  0xE0, 0x71, 0xE0, 0x71, 0x01, 0x00, 0x06, 0x30, 0x72, 0x30, 0x72, 0xFF,
  0xFF, 0xFF, 0xFF, 0x80, 0x00, 0x00, 0x27, 0x87, 0x00, 0x1C, 0x21, 0x98,
  0xFF, 0xE3, 0x29, 0x94, 0x70, 0x47, 0x2D, 0x97, 0x39, 0x9F, 0x25, 0x97,
  0x8E, 0x3D, 0x25, 0x97, 0x64, 0xF9, 0x2D, 0x97, 0x11, 0xF1, 0x2D, 0x97,
  0x64, 0xF9, 0x2D, 0x97, 0x8E, 0x3D, 0x25, 0x97, 0x3D, 0x9F, 0x25, 0x94,
  0x78, 0x47, 0x2D, 0x98, 0xFF, 0xE3, 0x25, 0x80, 0x00, 0x00, 0x21, 0xFF,
  0xFF, 0xFF, 0xF9, 0xFF, 0xFF, 0xFF, 0xFF, 0x80, 0x00, 0x00, 0x27, 0x87,
  0x00, 0x1C, 0x23, 0x98, 0xFF, 0xE3, 0x2F, 0x94, 0x70, 0x47, 0x2F, 0x97,
  0x39, 0x9F, 0x2A, 0x97, 0x8E, 0x3D, 0x2F, 0x97, 0x64, 0xF9, 0x2D, 0x97,
  0x11, 0xF1, 0x28, 0x97, 0x64, 0xF9, 0x2F, 0x97, 0x8E, 0x3D, 0x2A, 0x97,
  0x3D, 0x9F, 0x28, 0x94, 0x78, 0x47, 0x28, 0x98, 0xFF, 0xE3, 0x2C, 0x87,
  0x00, 0x1C, 0x36, 0x80, 0x00, 0x00, 0x0D, 0x81, 0xFF, 0xFF, 0xC3, 0x78,
  0x1F, 0xF0, 0x20, 0x07, 0x81, 0xFF, 0xA0, 0x00, 0x78, 0x1F, 0xE1, 0x00,
  0x07, 0x81, 0xE1, 0x00, 0x00, 0x78, 0x21, 0x00, 0x00, 0x07, 0x80, 0x00,
  0x00, 0x00, 0x7F, 0xFF, 0xFF, 0xFF, 0xFF, 0xFF, 0xAA, 0xFF, 0x55, 0x00,
  0xFF, 0xAA, 0x00, 0x00, 0x00, 0x00, 0x00, 0xFF, 0x00, 0x00, 0xFF, 0x00,
  0xFF, 0x00, 0xFF, 0xFF, 0xFF, 0xFF, 0xFF, 0xE4, 0x00, 0x00, 0x01, 0x84,
  0x38, 0x00, 0xE1, 0x94, 0xC7, 0xFF, 0x19, 0xB4, 0xE2, 0x0E, 0x29, 0xA4,
  0xF9, 0x9C, 0xE9, 0xA4, 0xBC, 0x71, 0xE9, 0xB4, 0x9F, 0x26, 0xE9, 0xB4,
  0x8F, 0x88, 0xE9, 0xB4, 0x9F, 0x26, 0xE9, 0xA4, 0xBC, 0x71, 0xE9, 0xA4,
  0xF9, 0xBC, 0xE9, 0xB4, 0xE2, 0x1E, 0x29, 0xA4, 0xC7, 0xFF, 0x19, 0x84,
  0x00, 0x00, 0x01, 0x9F, 0xFF, 0xFF, 0xFF, 0xFF, 0xFF, 0xFF, 0xFF, 0xE4,
  0x00, 0x00, 0x01, 0xC4, 0x38, 0x00, 0xE1, 0xF4, 0xC7, 0xFF, 0x19, 0xF4,
  0xE2, 0x0E, 0x29, 0xB4, 0xF9, 0x9C, 0xE9, 0xF4, 0xBC, 0x71, 0xE9, 0x54,
  0x9F, 0x26, 0xE9, 0x14, 0x8F, 0x88, 0xE9, 0xF4, 0x9F, 0x26, 0xE9, 0xB4,
  0xBC, 0x71, 0xE9, 0x14, 0xF9, 0xBC, 0xE9, 0x14, 0xE2, 0x1E, 0x29, 0x34,
  0xC7, 0xFF, 0x19, 0x6C, 0x38, 0x00, 0xE1, 0xB0, 0x00, 0x00, 0x01, 0xC3,
  0xFF, 0xFF, 0x81, 0x04, 0x0F, 0xF8, 0x1E, 0x05, 0xFF, 0x81, 0xE0, 0x87,
  0xF8, 0x1E, 0x00, 0x87, 0x81, 0xE0, 0x00, 0x84, 0x1E, 0x00, 0x00, 0x01,
  0xE0, 0x00, 0x00, 0xFE, 0x00, 0x00, 0x00, 0xFF, 0xFF, 0xFF, 0x80, 0x00,
  0x13, 0xB3, 0xFC, 0xD1, 0xA9, 0x89, 0xD5, 0xAC, 0xF3, 0xD1, 0xAF, 0x0F,
  0x55, 0xAD, 0x9E, 0x55, 0xAF, 0x0F, 0x55, 0xAC, 0xF3, 0xD1, 0xB9, 0xC9,
  0xD5, 0xB3, 0xFC, 0xD1, 0xFF, 0xFF, 0xFD, 0xFF, 0xFF, 0xFF, 0x80, 0x00,
  0x13, 0xB3, 0xFC, 0xD7, 0xA9, 0x89, 0xD7, 0xAC, 0xF3, 0xD6, 0xAF, 0x0F,
  0x55, 0xAD, 0x9E, 0x54, 0xAF, 0x0F, 0x56, 0xAC, 0xF3, 0xD4, 0xA9, 0xC9,
  0xD4, 0xB3, 0xFC, 0xD4, 0x80, 0x00, 0x16, 0x87, 0xFF, 0xEB, 0x78, 0xFE,
  0x10, 0x0F, 0x0F, 0xF1, 0x00, 0xF0, 0xF1, 0x00, 0x0F, 0x10, 0x00, 0x00,
  0xFF, 0x00, 0x00, 0x00, 0xFF, 0xFF, 0xFF, 0xFF, 0xAA, 0x55, 0x00, 0xAA,
  0x00, 0x00, 0x00, 0x00, 0xFF, 0x00, 0xFF, 0xFF, 0x00, 0xFF, 0xFF, 0xFF,
  0xFF, 0xC8, 0x00, 0x01, 0x8B, 0x3F, 0xCD, 0xAB, 0x91, 0x95, 0x8B, 0xCF,
  0x35, 0xAA, 0xF0, 0xF5, 0xAA, 0x79, 0xB5, 0xAA, 0xF0, 0xF5, 0x8B, 0xCF,
  0x35, 0xAB, 0x93, 0x9D, 0x8B, 0x3F, 0xCD, 0xBF, 0xFF, 0xFF, 0xFF, 0xFF,
  0xFF, 0xC8, 0x00, 0x01, 0xEB, 0x3F, 0xCD, 0xEB, 0x91, 0x95, 0xAB, 0xCF,
  0x35, 0x6A, 0xF0, 0xF5, 0x2A, 0x79, 0xB5, 0xAA, 0xF0, 0xF5, 0x2B, 0xCF,
  0x35, 0x2B, 0x93, 0x95, 0x2B, 0x3F, 0xCD, 0x68, 0x00, 0x01, 0xD7, 0xFF,
  0xE1, 0x08, 0x7F, 0x1E, 0x8F, 0xF0, 0xF0, 0x8F, 0x0F, 0x00, 0x08, 0xF0,
  0x00, 0xFF, 0x00, 0x00, 0x80, 0x05, 0xAF, 0xD6, 0xB3, 0x34, 0xBC, 0xF6,
  0xBC, 0xF6, 0xB3, 0x34, 0xAF, 0xD6, 0xFF, 0xFF, 0x80, 0x05, 0xAF, 0xD5,
  0xB3, 0x35, 0xBC, 0xF5, 0xBC, 0xF4, 0xB3, 0x35, 0xAF, 0xD4, 0x9F, 0xF2,
  0x63, 0xCC, 0x1C, 0x3D, 0x03, 0xC4, 0x00, 0x3F, 0xFF, 0xFF, 0xFF, 0x55,
  0x00, 0x55, 0x00, 0x00, 0x00, 0xFF, 0x00, 0xFF, 0xA0, 0x01, 0x6B, 0xF5,
  0x2C, 0xCD, 0x6F, 0x3D, 0x6F, 0x3D, 0x2C, 0xCD, 0x6B, 0xF5, 0xFF, 0xFF,
  0xA0, 0x01, 0xAB, 0xF5, 0xAC, 0xCD, 0x6F, 0x3D, 0x2F, 0x3D, 0x6C, 0xCD,
  0x2B, 0xF5, 0x4F, 0xF9, 0x33, 0xC6, 0xBC, 0x38, 0x23, 0xC0, 0xFC, 0x00,
  0x98, 0xE6, 0x98, 0xFF, 0x98, 0xE6, 0x98, 0x9C, 0x62, 0x3F, 0x00, 0xFF,
  0xFF, 0x55, 0xAA, 0x00, 0xFF, 0x19, 0x67, 0x19, 0xFF, 0x19, 0x67, 0x19,
  0x39, 0x46, 0xFC, 0x00, 0x00, 0x00, 0x00, 0x00, 0x00, 0x00, 0x00, 0x02,
  0x00, 0x10, 0x79, 0x72, 0x79, 0x72, 0x02, 0x00, 0x0B, 0x99, 0x72, 0x99,
  0x72, 0x01, 0x00, 0x09, 0xAF, 0x72, 0xAF, 0x72, 0x01, 0x00, 0x09, 0xAF,
  0x72, 0xAF, 0x72, 0x01, 0x00, 0x07, 0xB8, 0x72, 0xB8, 0x72, 0x01, 0x00,
  0x07, 0xB8, 0x72, 0xB8, 0x72, 0x18, 0x58, 0x0F, 0xF0, 0x1F, 0xF8, 0x3F,
  0xFC, 0x3F, 0xDC, 0x7F, 0xFE, 0x5B, 0xBA, 0x34, 0xDC, 0x2A, 0xAE, 0x55,
  0xAA, 0x36, 0xAC, 0x1A, 0x2C, 0x1B, 0x68, 0x37, 0xD8, 0x04, 0x90, 0x00,
  0xB0, 0x09, 0x30, 0x07, 0xE0, 0x0F, 0xF0, 0x0F, 0xB8, 0x0E, 0xF8, 0x1E,
  0xA8, 0x15, 0x50, 0x06, 0xB0, 0x03, 0xA0, 0x0D, 0x60, 0x00, 0xA0, 0x3E,
  0x7F, 0xFF, 0xE7, 0xEB, 0x52, 0x76, 0x2A, 0x24, 0x3C, 0x7E, 0x76, 0x66,
  0x2C, 0x34, 0x18, 0x04, 0x00, 0x11, 0xE9, 0x72, 0xE9, 0x72, 0x04, 0x00,
  0x11, 0xE9, 0x72, 0xE9, 0x72, 0x03, 0x00, 0x0D, 0x2D, 0x73, 0x2D, 0x73,
  0x02, 0x00, 0x09, 0x54, 0x73, 0x54, 0x73, 0x02, 0x00, 0x09, 0x54, 0x73,
  0x54, 0x73, 0x02, 0x01, 0x07, 0x66, 0x73, 0x82, 0x73, 0x1F, 0xC0, 0x03,
  0xF8, 0x1E, 0x43, 0xC3, 0x48, 0x0D, 0x23, 0x46, 0x90, 0x0E, 0xA3, 0xC7,
  0x50, 0x07, 0x53, 0x4E, 0xA0, 0x06, 0x96, 0xAD, 0x20, 0x03, 0x4F, 0x3A,
  0x40, 0x03, 0xAE, 0xBD, 0x40, 0xFF, 0xFF, 0xFF, 0xFF, 0xFD, 0x7E, 0x7E,
  0xBF, 0xF8, 0x7C, 0x3E, 0x1F, 0xF8, 0x7C, 0x3E, 0x1F, 0xF8, 0x7C, 0x3E,
  0x1F, 0xF8, 0x7C, 0x3E, 0x1F, 0xA8, 0x54, 0x2A, 0x15, 0xFF, 0xFF, 0xFF,
  0xFF, 0x00, 0x0F, 0xF8, 0x00, 0x3F, 0x00, 0xFC, 0x3B, 0x1C, 0xD4, 0x1D,
  0x95, 0xA8, 0x1A, 0xB5, 0xC8, 0x0D, 0xAB, 0x90, 0x0E, 0x7F, 0xD0, 0xFF,
  0xFF, 0xFF, 0xFB, 0xF7, 0xAF, 0xF1, 0xE7, 0x8F, 0xF1, 0xE7, 0x8F, 0x91,
  0x24, 0x89, 0xFF, 0xFF, 0xFF, 0x00, 0x7E, 0x00, 0x78, 0x1E, 0x69, 0x9A,
  0x35, 0xB4, 0x3D, 0xBC, 0xFF, 0xFF, 0xE7, 0x39, 0xA5, 0x29, 0xFF, 0xFF,
  0x03, 0xC0, 0x9F, 0x60, 0x9F, 0x60, 0x89, 0x76, 0x1F, 0xE0, 0xC0, 0x3F,
  0x3F, 0xC0, 0x00, 0xFF, 0x0F, 0xF0, 0x00, 0x99, 0x0F, 0x90, 0x00, 0xFF,
  0x0F, 0xF0, 0xF0, 0x0F, 0xFF, 0x00, 0xF9, 0x06, 0xF9, 0x06, 0xF8, 0x07,
  0x91, 0x6E, 0xFC, 0x03, 0x03, 0xFC, 0xF0, 0x0F, 0x00, 0xFF, 0xF0, 0x09,
  0x00, 0x99, 0xF0, 0x0F, 0x00, 0xFF, 0xFF, 0x00, 0x0F, 0xF0, 0x02, 0x4E,
  0x7E, 0x06, 0xA6, 0x7E, 0x02, 0xC8, 0x73, 0x01, 0x02, 0x38, 0x7E, 0x04,
  0x90, 0x7E, 0x02, 0xB2, 0x73, 0x01, 0xDE, 0x73, 0x20, 0x02, 0x18, 0x02,
  0x10, 0x09, 0x10, 0x09, 0x0C, 0x10, 0x0C, 0x10, 0x10, 0x17, 0x10, 0x17,
  0x0C, 0x1E, 0x0C, 0x1E, 0xDE, 0x73, 0x20, 0x02, 0x18, 0x02, 0x10, 0x09,
  0x10, 0x09, 0x0C, 0x10, 0x0C, 0x10, 0x08, 0x17, 0x08, 0x17, 0x04, 0x1E,
  0x04, 0x1E, 0x03, 0x00, 0x1B, 0x01, 0x74, 0x01, 0x74, 0x02, 0x00, 0x14,
  0x52, 0x74, 0x52, 0x74, 0x03, 0x01, 0x0F, 0x7A, 0x74, 0xD4, 0x74, 0x02,
  0x01, 0x0C, 0x2E, 0x75, 0x5E, 0x75, 0x02, 0x01, 0x09, 0x8E, 0x75, 0xB2,
  0x75, 0xFF, 0xFF, 0xFF, 0x80, 0x00, 0x01, 0x87, 0xC3, 0xE1, 0x8F, 0xE7,
  0xF1, 0x8C, 0x66, 0x31, 0x80, 0x60, 0x31, 0x80, 0x60, 0x31, 0x8F, 0xE7,
  0xF1, 0x8F, 0xC7, 0xE1, 0x8C, 0x06, 0x01, 0x8C, 0x06, 0x01, 0x8F, 0xE7,
  0xF1, 0x8F, 0xE7, 0xF1, 0x80, 0x00, 0x01, 0xBD, 0x45, 0x11, 0xA1, 0x55,
  0x11, 0xA1, 0x6D, 0x11, 0xA1, 0x45, 0x7D, 0x80, 0x00, 0x01, 0xBA, 0x3B,
  0xB9, 0x86, 0x22, 0x25, 0x9B, 0xBB, 0xA5, 0xA2, 0x62, 0x25, 0x9F, 0xBB,
  0xB9, 0x80, 0x00, 0x01, 0xD5, 0x55, 0x55, 0xFF, 0xFF, 0xFF, 0xFF, 0xFF,
  0x80, 0x01, 0x8E, 0x39, 0x9B, 0x6D, 0x81, 0x05, 0x83, 0x0D, 0x9E, 0x79,
  0x90, 0x41, 0x9F, 0x7D, 0x80, 0x01, 0xF5, 0xA5, 0xC5, 0xA5, 0xC5, 0xAF,
  0x80, 0x01, 0xF9, 0xFF, 0x99, 0x49, 0xC9, 0x49, 0xBF, 0xFF, 0x80, 0x01,
  0xFF, 0xFF, 0xE0, 0x1F, 0x00, 0xFF, 0xFF, 0x00, 0xE0, 0x10, 0x00, 0x01,
  0xFF, 0x00, 0xE0, 0x17, 0x00, 0x39, 0xFF, 0x00, 0xE0, 0x10, 0x00, 0x85,
  0xFF, 0x00, 0xE0, 0x17, 0x00, 0x39, 0xFF, 0x00, 0xE0, 0x14, 0x00, 0x21,
  0xFF, 0x00, 0xE0, 0x17, 0x00, 0xBD, 0xFF, 0x00, 0xE0, 0x10, 0x00, 0x01,
  0xFF, 0x00, 0xE0, 0x17, 0x00, 0x55, 0xFF, 0x00, 0xE0, 0x15, 0x00, 0xFD,
  0xFF, 0x00, 0xE0, 0x10, 0x00, 0x01, 0xFF, 0x00, 0xE0, 0x16, 0x00, 0xFD,
  0xFF, 0x00, 0xE0, 0x13, 0x00, 0xAD, 0xFF, 0x00, 0xE0, 0x10, 0x00, 0x01,
  0xFF, 0x00, 0xE0, 0x1F, 0x00, 0xFF, 0xFF, 0x00, 0xFE, 0x01, 0x00, 0xFF,
  0x0F, 0xF0, 0xFE, 0x01, 0x00, 0x00, 0x0F, 0x10, 0xFE, 0x01, 0x00, 0x73,
  0x0F, 0x90, 0xFE, 0x01, 0x00, 0x08, 0x0F, 0x50, 0xFE, 0x01, 0x00, 0x73,
  0x0F, 0x90, 0xFE, 0x01, 0x00, 0x42, 0x0F, 0x10, 0xFE, 0x01, 0x00, 0x7B,
  0x0F, 0xD0, 0xFE, 0x01, 0x00, 0x00, 0x0F, 0x10, 0xFE, 0x01, 0x00, 0x75,
  0x0F, 0x50, 0xFE, 0x01, 0x00, 0x5F, 0x0F, 0xD0, 0xFE, 0x01, 0x00, 0x00,
  0x0F, 0x10, 0xFE, 0x01, 0x00, 0x6F, 0x0F, 0xD0, 0xFE, 0x01, 0x00, 0x3A,
  0x0F, 0xD0, 0xFE, 0x01, 0x00, 0x00, 0x0F, 0x10, 0xFE, 0x01, 0x00, 0xFF,
  0x0F, 0xF0, 0xE0, 0x1F, 0x0F, 0xF0, 0xE0, 0x10, 0x0F, 0x10, 0xE0, 0x1C,
  0x0F, 0xD0, 0xE0, 0x12, 0x0F, 0x30, 0xE0, 0x1E, 0x0F, 0xF0, 0xE0, 0x18,
  0x0F, 0x90, 0xE0, 0x1E, 0x0F, 0xF0, 0xE0, 0x10, 0x0F, 0x10, 0xE0, 0x1A,
  0x0F, 0xB0, 0xE0, 0x13, 0x0F, 0xF0, 0xE0, 0x1F, 0x0F, 0x70, 0xE0, 0x1F,
  0x0F, 0xF0, 0xFE, 0x01, 0x00, 0xFF, 0xFE, 0x01, 0x00, 0x01, 0xFE, 0x01,
  0x00, 0xCD, 0xFE, 0x01, 0x00, 0x23, 0xFE, 0x01, 0x00, 0xEF, 0xFE, 0x01,
  0x00, 0x89, 0xFE, 0x01, 0x00, 0xEF, 0xFE, 0x01, 0x00, 0x01, 0xFE, 0x01,
  0x00, 0xAB, 0xFE, 0x01, 0x00, 0x3F, 0xFE, 0x01, 0x00, 0xF7, 0xFE, 0x01,
  0x00, 0xFF, 0xF8, 0x07, 0x0F, 0xF0, 0xF8, 0x07, 0x0F, 0x70, 0xF8, 0x05,
  0x0F, 0x30, 0xF8, 0x07, 0x0F, 0x70, 0xF8, 0x07, 0x0F, 0x70, 0xF8, 0x04,
  0x0F, 0xD0, 0xF8, 0x05, 0x0F, 0xF0, 0xF8, 0x06, 0x0F, 0xB0, 0xF8, 0x07,
  0x0F, 0xF0, 0xFF, 0x00, 0x80, 0x7F, 0xFF, 0x00, 0x80, 0x77, 0xFF, 0x00,
  0x80, 0x53, 0xFF, 0x00, 0x80, 0x77, 0xFF, 0x00, 0x80, 0x77, 0xFF, 0x00,
  0x80, 0x4D, 0xFF, 0x00, 0x80, 0x5F, 0xFF, 0x00, 0x80, 0x6B, 0xFF, 0x00,
  0x80, 0x7F, 0x02, 0x4E, 0x7E, 0x05, 0xA6, 0x7E, 0x02, 0x00, 0x76, 0x01,
  0x02, 0x38, 0x7E, 0x05, 0x90, 0x7E, 0x02, 0xEA, 0x75, 0x01, 0x16, 0x76,
  0x20, 0x02, 0x18, 0x02, 0x10, 0x09, 0x10, 0x09, 0x0C, 0x10, 0x0C, 0x10,
  0x10, 0x17, 0x10, 0x17, 0x0C, 0x1E, 0x0C, 0x1E, 0x16, 0x76, 0x20, 0x02,
  0x18, 0x02, 0x10, 0x09, 0x10, 0x09, 0x0C, 0x10, 0x0C, 0x10, 0x08, 0x17,
  0x08, 0x17, 0x04, 0x1E, 0x04, 0x1E, 0x03, 0x00, 0x0D, 0x39, 0x76, 0x39,
  0x76, 0x03, 0x00, 0x0A, 0x60, 0x76, 0x60, 0x76, 0x03, 0x00, 0x07, 0x7E,
  0x76, 0x93, 0x76, 0x02, 0x01, 0x05, 0xA8, 0x76, 0xBC, 0x76, 0x02, 0x01,
  0x04, 0xD0, 0x76, 0xE0, 0x76, 0x0F, 0xE7, 0xE0, 0x10, 0x16, 0x10, 0x1F,
  0xE7, 0xF0, 0x0A, 0x44, 0xA0, 0x0A, 0x64, 0xA0, 0x04, 0x64, 0x40, 0x7F,
  0xF7, 0xFC, 0x80, 0x16, 0x82, 0xFF, 0xE7, 0xFE, 0x5A, 0x44, 0xB4, 0x5A,
  0x64, 0xB4, 0x24, 0x44, 0x48, 0x00, 0x7C, 0x00, 0x03, 0xCF, 0x80, 0x04,
  0x2C, 0x80, 0x05, 0xCE, 0x80, 0x03, 0x49, 0x00, 0x00, 0x68, 0x00, 0x0F,
  0xEF, 0xC0, 0x10, 0x2C, 0x20, 0x15, 0xCA, 0xA0, 0x15, 0x4A, 0xA0, 0x0A,
  0x79, 0x40, 0x03, 0xFC, 0x00, 0x04, 0x24, 0x00, 0x05, 0xB4, 0x00, 0x07,
  0xFE, 0x00, 0x08, 0x39, 0x00, 0x0B, 0xBD, 0x00, 0x04, 0xE2, 0x00, 0x00,
  0x3F, 0xC0, 0x00, 0x42, 0x40, 0x00, 0x5B, 0x40, 0x00, 0x7F, 0xE0, 0x00,
  0x83, 0x90, 0x00, 0xBB, 0xD0, 0x00, 0x4E, 0x20, 0xFE, 0x01, 0x03, 0xDC,
  0xFE, 0x01, 0x03, 0x54, 0xFF, 0x00, 0xCF, 0x10, 0xFC, 0x03, 0x03, 0xDC,
  0xFC, 0x02, 0x03, 0x88, 0xFF, 0x00, 0x80, 0x77, 0xFF, 0x00, 0x80, 0x55,
  0xFF, 0x00, 0xF3, 0x04, 0xFF, 0x00, 0x00, 0xF7, 0xFF, 0x00, 0x00, 0xA2,
  0xFC, 0x03, 0x1F, 0xE0, 0xFC, 0x03, 0x1F, 0x20, 0xF8, 0x07, 0x0F, 0x70,
  0xF8, 0x05, 0x0F, 0x30, 0xFF, 0x00, 0xC1, 0x3E, 0xFF, 0x00, 0xC1, 0x32,
  0xFF, 0x00, 0x80, 0x77, 0xFF, 0x00, 0x80, 0x53, 0x00, 0x00, 0x00, 0x00,
  0x00, 0x00, 0x00, 0x00, 0x00, 0x00, 0x00, 0x00, 0x00, 0x00, 0x00, 0x00,
  0x00, 0x00, 0x00, 0x00, 0x00, 0x00, 0x00, 0x00, 0x00, 0x00, 0x00, 0x00,
  0x00, 0x00, 0x00, 0x00, 0x00, 0x00, 0x00, 0x00, 0x00, 0x00, 0x00, 0x00,
  0x00, 0x00, 0x00, 0x00, 0x00, 0x00, 0x00, 0x00, 0x00, 0x00, 0x00, 0x00,
  0x00, 0x00, 0x00, 0x00, 0x00, 0x00, 0x00, 0x00, 0x00, 0x00, 0x00, 0x00,
  0x00, 0x00, 0x00, 0x00, 0x00, 0x00, 0x00, 0x00, 0x00, 0x00, 0x00, 0x00,
  0x00, 0x00, 0x00, 0x00, 0x00, 0x00, 0x00, 0x00, 0x00, 0x00, 0x00, 0x00,
  0x00, 0x00, 0x00, 0x00, 0x00, 0x00, 0x00, 0x00, 0x00, 0x00, 0x00, 0x00,
  0x00, 0x00, 0x00, 0x00, 0x00, 0x00, 0x00, 0x00, 0x00, 0x00, 0x00, 0x00,
  0x00, 0x00, 0x00, 0x00, 0x00, 0x00, 0x00, 0x00, 0x00, 0x00, 0x00, 0x00,
  0x00, 0x00, 0x00, 0x00, 0x00, 0x00, 0x00, 0x00, 0x00, 0x00, 0x00, 0x00,
  0x00, 0x00, 0x00, 0x00, 0x00, 0x00, 0x00, 0x00, 0x00, 0x00, 0x00, 0x00,
  0x00, 0x00, 0x00, 0x00, 0x00, 0x00, 0x00, 0x00, 0x00, 0x00, 0x00, 0x00,
  0x00, 0x00, 0x00, 0x00, 0x00, 0x00, 0x00, 0x00, 0x00, 0x00, 0x00, 0x00,
  0x00, 0x00, 0x00, 0x00, 0x00, 0x00, 0x00, 0x00, 0x00, 0x00, 0x00, 0x00,
  0x00, 0x00, 0x00, 0x00, 0x00, 0x00, 0x00, 0x00, 0x00, 0x00, 0x00, 0x00,
  0x00, 0x00, 0x00, 0x00, 0x00, 0x00, 0x00, 0x00, 0x00, 0x00, 0x00, 0x00,
  0x00, 0x00, 0x00, 0x00, 0x00, 0x00, 0x00, 0x00, 0x00, 0x00, 0x00, 0x00,
  0x00, 0x00, 0x00, 0x00, 0x00, 0x00, 0x00, 0x00, 0x00, 0x00, 0x00, 0x00,
  0x00, 0x00, 0x00, 0x00, 0x00, 0x00, 0x00, 0x00, 0x00, 0x00, 0x00, 0x00,
  0x00, 0x00, 0x00, 0x00, 0x00, 0x00, 0x00, 0x00, 0x00, 0x00, 0x00, 0x00,
  0x00, 0x00, 0x00, 0x00, 0x00, 0x00, 0x00, 0x00, 0x00, 0x00, 0x00, 0x00,
  0x00, 0x00, 0x00, 0x00, 0x00, 0x00, 0x00, 0x00, 0x00, 0x00, 0x00, 0x00,
  0x00, 0x00, 0x00, 0x00, 0x00, 0x00, 0x00, 0x00, 0x00, 0x00, 0x00, 0x00,
  0x00, 0x00, 0x00, 0x00, 0x00, 0x00, 0x00, 0x00, 0x00, 0x00, 0x00, 0x00,
  0x00, 0x00, 0x00, 0x00, 0x00, 0x00, 0x00, 0x00, 0x00, 0x00, 0x00, 0x00,
  0x00, 0x00, 0x00, 0x00, 0x00, 0x00, 0x00, 0x00, 0x00, 0x00, 0x00, 0x00,
  0x00, 0x00, 0x00, 0x00, 0x00, 0x00, 0x00, 0x00, 0x00, 0x00, 0x00, 0x00,
  0x00, 0x00, 0x00, 0x00, 0x00, 0x00, 0x00, 0x00, 0x00, 0x00, 0x00, 0x00,
  0x00, 0x00, 0x00, 0x00, 0x00, 0x00, 0x00, 0x00, 0x00, 0x00, 0x00, 0x00,
  0x00, 0x00, 0x00, 0x00, 0x00, 0x00, 0x00, 0x00, 0x00, 0x00, 0x00, 0x00,
  0x00, 0x00, 0x00, 0x00, 0x00, 0x00, 0x00, 0x00, 0x00, 0x00, 0x00, 0x00,
  0x00, 0x00, 0x00, 0x00, 0x00, 0x00, 0x00, 0x00, 0x00, 0x00, 0x00, 0x00,
  0x00, 0x00, 0x00, 0x00, 0x00, 0x00, 0x00, 0x00, 0x00, 0x00, 0x00, 0x00,
  0x00, 0x00, 0x00, 0x00, 0x00, 0x00, 0x00, 0x00, 0x00, 0x00, 0x00, 0x00,
  0x00, 0x00, 0x00, 0x00, 0x00, 0x00, 0x00, 0x00, 0x00, 0x00, 0x00, 0x00,
  0x00, 0x00, 0x00, 0x00, 0x00, 0x00, 0x00, 0x00, 0x00, 0x00, 0x00, 0x00,
  0x00, 0x00, 0x00, 0x00, 0x00, 0x00, 0x00, 0x00, 0x00, 0x00, 0x00, 0x00,
  0x00, 0x00, 0x00, 0x00, 0x00, 0x00, 0x00, 0x00, 0x00, 0x00, 0x00, 0x00,
  0x00, 0x00, 0x00, 0x00, 0x00, 0x00, 0x00, 0x00, 0x00, 0x00, 0x00, 0x00,
  0x00, 0x00, 0x00, 0x00, 0x00, 0x00, 0x00, 0x00, 0x00, 0x00, 0x00, 0x00,
  0x00, 0x00, 0x00, 0x00, 0x00, 0x00, 0x00, 0x00, 0x00, 0x00, 0x00, 0x00,
  0x00, 0x00, 0x00, 0x00, 0x00, 0x00, 0x00, 0x00, 0x00, 0x00, 0x00, 0x00,
  0x00, 0x00, 0x00, 0x00, 0x00, 0x00, 0x00, 0x00, 0x00, 0x00, 0x00, 0x00,
  0x00, 0x00, 0x00, 0x00, 0x00, 0x00, 0x00, 0x00, 0x00, 0x00, 0x00, 0x00,
  0x00, 0x00, 0x00, 0x00, 0x00, 0x00, 0x00, 0x00, 0x00, 0x00, 0x00, 0x00,
  0x00, 0x00, 0x00, 0x00, 0x00, 0x00, 0x00, 0x00, 0x00, 0x00, 0x00, 0x00,
  0x00, 0x00, 0x00, 0x00, 0x00, 0x00, 0x00, 0x00, 0x00, 0x00, 0x00, 0x00,
  0x00, 0x00, 0x00, 0x00, 0x00, 0x00, 0x00, 0x00, 0x00, 0x00, 0x00, 0x00,
  0x00, 0x00, 0x00, 0x00, 0x00, 0x00, 0x00, 0x00, 0x00, 0x00, 0x00, 0x00,
  0x00, 0x00, 0x00, 0x00, 0x00, 0x00, 0x00, 0x00, 0x00, 0x00, 0x00, 0x00,
  0x00, 0x00, 0x00, 0x00, 0x00, 0x00, 0x00, 0x00, 0x00, 0x00, 0x00, 0x00,
  0x00, 0x00, 0x00, 0x00, 0x00, 0x00, 0x00, 0x00, 0x00, 0x00, 0x00, 0x00,
  0x00, 0x00, 0x00, 0x00, 0x00, 0x00, 0x00, 0x00, 0x00, 0x00, 0x00, 0x00,
  0x00, 0x00, 0x00, 0x00, 0x00, 0x00, 0x00, 0x00, 0x00, 0x00, 0x00, 0x00,
  0x00, 0x00, 0x00, 0x00, 0x00, 0x00, 0x00, 0x00, 0x00, 0x00, 0x00, 0x00,
  0x00, 0x00, 0x00, 0x00, 0x00, 0x00, 0x00, 0x00, 0x00, 0x00, 0x00, 0x00,
  0x00, 0x00, 0x00, 0x00, 0x00, 0x00, 0x00, 0x00, 0x00, 0x00, 0x00, 0x00,
  0x00, 0x00, 0x00, 0x00, 0x00, 0x00, 0x00, 0x00, 0x00, 0x00, 0x00, 0x00,
  0x00, 0x00, 0x00, 0x00, 0x00, 0x00, 0x00, 0x00, 0x00, 0x00, 0x00, 0x00,
  0x00, 0x00, 0x00, 0x00, 0x00, 0x00, 0x00, 0x00, 0x00, 0x00, 0x00, 0x00,
  0x00, 0x00, 0x00, 0x00, 0x00, 0x00, 0x00, 0x00, 0x00, 0x00, 0x00, 0x00,
  0x00, 0x00, 0x00, 0x00, 0x00, 0x00, 0x00, 0x00, 0x00, 0x00, 0x00, 0x00,
  0x00, 0x00, 0x00, 0x00, 0x00, 0x00, 0x00, 0x00, 0x00, 0x00, 0x00, 0x00,
  0x00, 0x00, 0x00, 0x00, 0x00, 0x00, 0x00, 0x00, 0x00, 0x00, 0x00, 0x00,
  0x00, 0x00, 0x00, 0x00, 0x00, 0x00, 0x00, 0x00, 0x00, 0x00, 0x00, 0x00,
  0x00, 0x00, 0x00, 0x00, 0x00, 0x00, 0x00, 0x00, 0x00, 0x00, 0x00, 0x00,
  0x00, 0x00, 0x00, 0x00, 0x00, 0x00, 0x00, 0x00, 0x00, 0x00, 0x00, 0x00,
  0x00, 0x00, 0x00, 0x00, 0x00, 0x00, 0x00, 0x00, 0x00, 0x00, 0x00, 0x00,
  0x00, 0x00, 0x00, 0x00, 0x00, 0x00, 0x00, 0x00, 0x00, 0x00, 0x00, 0x00,
  0x00, 0x00, 0x00, 0x00, 0x00, 0x00, 0x00, 0x00, 0x00, 0x00, 0x00, 0x00,
  0x00, 0x00, 0x00, 0x00, 0x00, 0x00, 0x00, 0x00, 0x00, 0x00, 0x00, 0x00,
  0x00, 0x00, 0x00, 0x00, 0x00, 0x00, 0x00, 0x00, 0x00, 0x00, 0x00, 0x00,
  0x00, 0x00, 0x00, 0x00, 0x00, 0x00, 0x00, 0x00, 0x00, 0x00, 0x00, 0x00,
  0x00, 0x00, 0x00, 0x00, 0x00, 0x00, 0x00, 0x00, 0x00, 0x00, 0x00, 0x00,
  0x00, 0x00, 0x00, 0x00, 0x00, 0x00, 0x00, 0x00, 0x00, 0x00, 0x00, 0x00,
  0x00, 0x00, 0x00, 0x00, 0x00, 0x00, 0x00, 0x00, 0x00, 0x00, 0x00, 0x00,
  0x00, 0x00, 0x00, 0x00, 0x00, 0x00, 0x00, 0x00, 0x00, 0x00, 0x00, 0x00,
  0x00, 0x00, 0x00, 0x00, 0x00, 0x00, 0x00, 0x00, 0x00, 0x00, 0x00, 0x00,
  0x00, 0x00, 0x00, 0x00, 0x00, 0x00, 0x00, 0x00, 0x00, 0x00, 0x00, 0x00,
  0x00, 0x00, 0x00, 0x00, 0x00, 0x00, 0x00, 0x00, 0x00, 0x00, 0x00, 0x00,
  0x00, 0x00, 0x00, 0x00, 0x00, 0x00, 0x00, 0x00, 0x00, 0x00, 0x00, 0x00,
  0x00, 0x00, 0x00, 0x00, 0x00, 0x00, 0x00, 0x00, 0x00, 0x00, 0x00, 0x00,
  0x00, 0x00, 0x00, 0x00, 0x00, 0x00, 0x00, 0x00, 0x00, 0x00, 0x00, 0x00,
  0x00, 0x00, 0x00, 0x00, 0x00, 0x00, 0x00, 0x00, 0x00, 0x00, 0x00, 0x00,
  0x00, 0x00, 0x00, 0x00, 0x00, 0x00, 0x00, 0x00, 0x00, 0x00, 0x00, 0x00,
  0x00, 0x00, 0x00, 0x00, 0x00, 0x00, 0x00, 0x00, 0x00, 0x00, 0x00, 0x00,
  0x00, 0x00, 0x00, 0x00, 0x00, 0x00, 0x00, 0x00, 0x00, 0x00, 0x00, 0x00,
  0x00, 0x00, 0x00, 0x00, 0x00, 0x00, 0x00, 0x00, 0x00, 0x00, 0x00, 0x00,
  0x00, 0x00, 0x00, 0x00, 0x00, 0x00, 0x00, 0x00, 0x00, 0x00, 0x00, 0x00,
  0x00, 0x00, 0x00, 0x00, 0x00, 0x00, 0x00, 0x00, 0x00, 0x00, 0x00, 0x00,
  0x00, 0x00, 0x00, 0x00, 0x00, 0x00, 0x00, 0x00, 0x00, 0x00, 0x00, 0x00,
  0x00, 0x00, 0x00, 0x00, 0x00, 0x00, 0x00, 0x00, 0x00, 0x00, 0x00, 0x00,
  0x00, 0x00, 0x00, 0x00, 0x00, 0x00, 0x00, 0x00, 0x00, 0x00, 0x00, 0x00,
  0x00, 0x00, 0x00, 0x00, 0x00, 0x00, 0x00, 0x00, 0x00, 0x00, 0x00, 0x00,
  0x00, 0x00, 0x00, 0x00, 0x00, 0x00, 0x00, 0x00, 0x00, 0x00, 0x00, 0x00,
  0x00, 0x00, 0x00, 0x00, 0x00, 0x00, 0x00, 0x00, 0x00, 0x00, 0x00, 0x00,
  0x00, 0x00, 0x00, 0x00, 0x00, 0x00, 0x00, 0x00, 0x00, 0x00, 0x00, 0x00,
  0x00, 0x00, 0x00, 0x00, 0x00, 0x00, 0x00, 0x00, 0x00, 0x00, 0x00, 0x00,
  0x00, 0x00, 0x00, 0x00, 0x00, 0x00, 0x00, 0x00, 0x00, 0x00, 0x00, 0x00,
  0x00, 0x00, 0x00, 0x00, 0x00, 0x00, 0x00, 0x00, 0x00, 0x00, 0x00, 0x00,
  0x00, 0x00, 0x00, 0x00, 0x00, 0x00, 0x00, 0x00, 0x00, 0x00, 0x00, 0x00,
  0x00, 0x00, 0x00, 0x00, 0x00, 0x00, 0x00, 0x00, 0x00, 0x00, 0x00, 0x00,
  0x00, 0x00, 0x00, 0x00, 0x00, 0x00, 0x00, 0x00, 0x00, 0x00, 0x00, 0x00,
  0x00, 0x00, 0x00, 0x00, 0x00, 0x00, 0x00, 0x00, 0x00, 0x00, 0x00, 0x00,
  0x00, 0x00, 0x00, 0x00, 0x00, 0x00, 0x00, 0x00, 0x00, 0x00, 0x00, 0x00,
  0x00, 0x00, 0x00, 0x00, 0x00, 0x00, 0x00, 0x00, 0x00, 0x00, 0x00, 0x00,
  0x00, 0x00, 0x00, 0x00, 0x00, 0x00, 0x00, 0x00
};

static const u8 stage4[STAGE_LENGTH] = {
  0xFF, 0xFF, 0xFF, 0xFF, 0xFF, 0xFF, 0xFF, 0xFF, 0xFF, 0xFF, 0x5D, 0xD2,
  0xAA, 0xEA, 0x7C, 0xAA, 0xBA, 0xEA, 0xFF, 0x5F, 0xBA, 0x80, 0x51, 0x5D,
  0x58, 0x01, 0x5D, 0xF7, 0x55, 0xBB, 0x54, 0x3E, 0x00, 0x2A, 0x13, 0x38,
  0x89, 0xBA, 0xEB, 0x1D, 0x83, 0xDB, 0xFE, 0x07, 0xE4, 0xF7, 0xC3, 0x57,
  0xFC, 0x0A, 0x7C, 0xA4, 0xFF, 0xFD, 0x7E, 0x7B, 0x7F, 0x8B, 0xBC, 0xBF,
  0xB1, 0x6D, 0x4B, 0xE8, 0xBD, 0x6F, 0xB9, 0xD7, 0x5E, 0x57, 0xF0, 0xF4,
  0x25, 0x1D, 0xF6, 0x95, 0x8F, 0x8A, 0xB6, 0x2A, 0xB9, 0x2C, 0x8E, 0x08,
  0xAD, 0x0E, 0xD3, 0xC7, 0x2B, 0x0E, 0x5C, 0x5C, 0x25, 0x12, 0x72, 0x27,
  0x67, 0xE7, 0x27, 0x15, 0xEC, 0xAA, 0x0A, 0x28, 0xA7, 0x02, 0xDF, 0xEA,
  0x93, 0xCB, 0x9A, 0x74, 0x55, 0x11, 0x42, 0x25, 0xFF, 0xF1, 0xB5, 0xB7,
  0xA5, 0x2E, 0x2F, 0xEA, 0xA1, 0x4B, 0xFF, 0xF2, 0xDF, 0x7F, 0x0B, 0xDF,
  0x5E, 0xEC, 0xC2, 0x45, 0xFD, 0xF1, 0xE6, 0xFF, 0x95, 0xBF, 0xFC, 0xEF,
  0x34, 0xE7, 0xFF, 0xFA, 0x43, 0xFF, 0x8F, 0xBF, 0xF8, 0xEE, 0x1B, 0xFF,
  0xFB, 0xF8, 0xA5, 0xFC, 0x57, 0x7F, 0xF8, 0xEE, 0x0D, 0xF7, 0xF8, 0xFC,
  0x7B, 0xF8, 0x2E, 0xFF, 0xF0, 0xEE, 0x02, 0xBF, 0xF5, 0x7F, 0xFF, 0xC0,
  0x1E, 0x5F, 0xE0, 0xE0, 0x02, 0x7B, 0xE4, 0xDF, 0xFF, 0x00, 0x03, 0x3F,
  0x80, 0xE0, 0x01, 0xED, 0xE2, 0x7F, 0xF8, 0x00, 0x00, 0xCF, 0x00, 0xE0,
  0x00, 0xC5, 0xC1, 0x2F, 0xF0, 0x00, 0x00, 0x36, 0x00, 0xE0, 0x00, 0x03,
  0xC0, 0xCF, 0xE0, 0x00, 0x00, 0x1E, 0x00, 0x00, 0x00, 0x01, 0x80, 0x37,
  0xE0, 0x00, 0x00, 0x04, 0x00, 0x00, 0x00, 0x00, 0x00, 0x0F, 0xC0, 0x00,
  0xDE, 0x63, 0x35, 0x6B, 0x38, 0x38, 0x18, 0x5E, 0x1A, 0x5E, 0x17, 0x5E,
  0x2C, 0x5E, 0x59, 0x5E, 0x56, 0x5E, 0x6B, 0x5E, 0x39, 0x5D, 0xD5, 0x5D,
  0x6E, 0x68, 0x7A, 0x68, 0x00, 0x00, 0x00, 0x00, 0xF2, 0x63, 0x46, 0x64,
  0x1C, 0x64, 0x46, 0x64, 0xF2, 0x63, 0x0A, 0x28, 0x1E, 0xEA, 0x00, 0x9B,
  0x5E, 0xC3, 0x5E, 0x03, 0x5F, 0xCD, 0x5F, 0x35, 0x5F, 0x0D, 0x5F, 0xEA,
  0x00, 0x76, 0x61, 0x99, 0x61, 0xD2, 0x61, 0xB6, 0x62, 0x23, 0x62, 0xFA,
  0x61, 0x01, 0x45, 0x5D, 0x6D, 0x5D, 0x92, 0x5D, 0xB8, 0x5D, 0xFE, 0xBD,
  0x98, 0x54, 0x48, 0x49, 0x53, 0x20, 0x49, 0x53, 0x20, 0x4E, 0x41, 0x4E,
  0x43, 0x59, 0x20, 0x41, 0x54, 0x20, 0x43, 0x48, 0x41, 0x53, 0x45, 0x20,
  0x48, 0x2E, 0x51, 0x2E, 0x20, 0x57, 0x45, 0x27, 0x56, 0x45, 0x20, 0x47,
  0x4F, 0x54, 0x20, 0x41, 0xCE, 0x45, 0x4D, 0x45, 0x52, 0x47, 0x45, 0x4E,
  0x43, 0x59, 0x20, 0x48, 0x45, 0x52, 0x45, 0x2C, 0x20, 0x54, 0x48, 0x45,
  0x20, 0x4C, 0x2E, 0x41, 0x2E, 0x20, 0x4B, 0x49, 0x44, 0x4E, 0x41, 0x50,
  0x50, 0x45, 0x52, 0x20, 0x49, 0xD3, 0x53, 0x50, 0x45, 0x45, 0x44, 0x49,
  0x4E, 0x47, 0x20, 0x54, 0x4F, 0x57, 0x41, 0x52, 0x44, 0x53, 0x20, 0x54,
  0x48, 0x45, 0x20, 0x4F, 0x55, 0x54, 0x53, 0x4B, 0x49, 0x52, 0x54, 0x53,
  0x20, 0x4F, 0x46, 0x20, 0x54, 0x4F, 0x57, 0xCE, 0x49, 0x4E, 0x20, 0x41,
  0x20, 0x42, 0x4C, 0x55, 0x45, 0x20, 0x54, 0x57, 0x4F, 0x20, 0x53, 0x45,
  0x41, 0x54, 0x45, 0x52, 0x2E, 0x2E, 0x2E, 0x20, 0x4F, 0x56, 0x45, 0x52,
  0xAE, 0x06, 0x06, 0x02, 0x00, 0x02, 0xF8, 0x22, 0x59, 0x4F, 0x4B, 0x21,
  0x20, 0x59, 0x4F, 0x55, 0x20, 0x41, 0x52, 0x45, 0x20, 0x55, 0x4E, 0x44,
  0x45, 0x52, 0x20, 0x41, 0x52, 0x52, 0x45, 0x53, 0x54, 0x20, 0x4F, 0xCE,
  0x2D, 0x02, 0x00, 0x24, 0xF0, 0x44, 0x59, 0x53, 0x55, 0x53, 0x50, 0x49,
  0x43, 0x49, 0x4F, 0x4E, 0x20, 0x4F, 0x46, 0x20, 0x4B, 0x49, 0x44, 0x4E,
  0x41, 0x50, 0x50, 0x49, 0x4E, 0xC7, 0x03, 0x00, 0x10, 0xD8, 0x70, 0x20,
  0x15, 0x72, 0x6F, 0x29, 0x50, 0xE9, 0xE1, 0x52, 0x92, 0x00, 0x00, 0x00,
  0x00, 0x00, 0x00, 0x00, 0x90, 0x5C, 0x28, 0x05, 0x7E, 0x71, 0x91, 0x73,
  0x23, 0x3C, 0xE9, 0x6B, 0x71, 0x91, 0x43, 0x10, 0x3C, 0x35, 0x6C, 0x71,
  0x91, 0x74, 0x34, 0x46, 0x5A, 0x6E, 0x71, 0x91, 0x6E, 0x35, 0x46, 0xF4,
  0x72, 0x71, 0x91, 0x64, 0x18, 0x46, 0x15, 0x74, 0xE1, 0x92, 0x64, 0x18,
  0x46, 0xFF, 0x73, 0xE1, 0x92, 0x7E, 0xBC, 0x50, 0xE9, 0xE1, 0x4D, 0x92,
  0x00, 0x00, 0x00, 0x00, 0x00, 0x00, 0x00, 0x60, 0x90, 0x28, 0x05, 0x7E,
  0x6C, 0x91, 0x7F, 0xCA, 0x3C, 0xE9, 0x6B, 0x6C, 0x91, 0xAF, 0xF0, 0x3C,
  0x35, 0x6C, 0x6C, 0x91, 0x7A, 0xC8, 0x46, 0x67, 0x6E, 0x6C, 0x91, 0x84,
  0xB6, 0x46, 0x01, 0x73, 0x6C, 0x91, 0x81, 0xC8, 0x46, 0x15, 0x74, 0x78,
  0x92, 0x81, 0xC8, 0x46, 0xFF, 0x73, 0x78, 0x92, 0xF0, 0xF0, 0xF0, 0x90,
  0xB2, 0x63, 0xA2, 0xF0, 0xF0, 0xA0, 0xF9, 0xF9, 0xF9, 0x59, 0xF1, 0xF1,
  0xF1, 0x51, 0xF0, 0xF0, 0x90, 0xCA, 0x7B, 0xFA, 0x7A, 0xF0, 0xF0, 0x40,
  0xF1, 0xF1, 0xF1, 0x11, 0xF0, 0x40, 0x00, 0x02, 0x42, 0x60, 0xC4, 0x60,
  0xF8, 0xF8, 0xA8, 0x25, 0x53, 0x11, 0x2D, 0xBB, 0x59, 0xF8, 0xC8, 0x1B,
  0x1D, 0x3F, 0x1D, 0x1B, 0x19, 0x58, 0x17, 0x15, 0x13, 0x21, 0x23, 0x25,
  0x17, 0xF8, 0xF8, 0xF8, 0xF8, 0xF8, 0xF8, 0x58, 0x17, 0x15, 0x13, 0x81,
  0x23, 0x15, 0x17, 0x18, 0x19, 0x2B, 0x1D, 0x8F, 0x1D, 0x2B, 0x59, 0xF8,
  0xF8, 0xF8, 0xF8, 0xF8, 0xF8, 0xF8, 0xF8, 0xF8, 0xF8, 0x38, 0x00, 0x02,
  0x5A, 0x60, 0xDA, 0x60, 0xFE, 0x00, 0x92, 0x00, 0x00, 0x02, 0x6C, 0x60,
  0xEC, 0x60, 0x1F, 0x00, 0x06, 0x04, 0x00, 0x03, 0x1D, 0x00, 0x05, 0x02,
  0x00, 0x03, 0x1D, 0x00, 0x04, 0x02, 0x00, 0x03, 0x15, 0x00, 0x12, 0x14,
  0x00, 0x05, 0x02, 0x00, 0x03, 0x35, 0x00, 0x0E, 0x06, 0x00, 0x0C, 0x01,
  0x00, 0x02, 0x80, 0x60, 0x00, 0x61, 0x17, 0x10, 0x17, 0x10, 0x17, 0x10,
  0x17, 0x10, 0x17, 0x10, 0x17, 0x10, 0x17, 0x10, 0x17, 0x10, 0x17, 0x10,
  0x17, 0x10, 0x17, 0x15, 0x17, 0x15, 0x17, 0x10, 0x17, 0x10, 0x17, 0x20,
  0x15, 0x20, 0x17, 0x10, 0x17, 0x10, 0x17, 0x30, 0x17, 0x30, 0x17, 0xB0,
  0x18, 0x10, 0x18, 0x10, 0x18, 0x10, 0x18, 0x10, 0x18, 0x30, 0x17, 0x10,
  0x17, 0x10, 0x17, 0x10, 0x17, 0x10, 0x17, 0x10, 0x17, 0x10, 0x17, 0x10,
  0x17, 0x10, 0x17, 0x10, 0x17, 0x30, 0x19, 0x10, 0x19, 0x10, 0x19, 0x10,
  0x19, 0x10, 0x19, 0x10, 0x19, 0x10, 0x19, 0x10, 0x19, 0x50, 0x16, 0x10,
  0x16, 0x10, 0x16, 0x10, 0x16, 0x10, 0x16, 0x10, 0x16, 0x10, 0x16, 0x50,
  0x18, 0x10, 0x18, 0x10, 0x18, 0x10, 0x18, 0x10, 0x18, 0xD0, 0x17, 0x10,
  0x17, 0x10, 0x17, 0x10, 0x17, 0x10, 0x17, 0x30, 0x17, 0x10, 0x17, 0x30,
  0x17, 0x10, 0x17, 0x30, 0x17, 0x10, 0x17, 0x30, 0x16, 0x10, 0x16, 0x10,
  0x16, 0x10, 0x16, 0x10, 0x16, 0x10, 0x16, 0x70, 0x00, 0x02, 0x8B, 0x60,
  0x0B, 0x61, 0x17, 0x10, 0x17, 0x10, 0x17, 0x10, 0x17, 0x15, 0x17, 0x10,
  0x17, 0x10, 0x17, 0x10, 0x17, 0x15, 0x17, 0x15, 0x17, 0x10, 0x17, 0x10,
  0x17, 0x10, 0x17, 0x10, 0x17, 0x10, 0x17, 0x10, 0x17, 0x10, 0x17, 0x30,
  0x17, 0x30, 0x17, 0x50, 0x17, 0x30, 0x17, 0x30, 0x17, 0xB0, 0x18, 0x10,
  0x18, 0x10, 0x18, 0x10, 0x18, 0x10, 0x18, 0x10, 0x18, 0x10, 0x18, 0x10,
  0x18, 0x10, 0x18, 0xF0, 0xF0, 0xF0, 0x40, 0x16, 0x10, 0x16, 0x10, 0x16,
  0x30, 0x18, 0x10, 0x18, 0x10, 0x18, 0x10, 0x18, 0x10, 0x18, 0x10, 0x18,
  0x30, 0x16, 0x10, 0x16, 0x10, 0x16, 0x30, 0x16, 0x10, 0x16, 0x10, 0x16,
  0x10, 0x16, 0x10, 0x16, 0x10, 0x16, 0xF0, 0x20, 0x16, 0x10, 0x16, 0x10,
  0x16, 0x10, 0x16, 0x30, 0x00, 0x02, 0xB4, 0x60, 0x4D, 0x61, 0xF0, 0xF0,
  0x50, 0xCA, 0x11, 0xA2, 0x61, 0x80, 0xF9, 0x19, 0xF1, 0xA1, 0xF2, 0xF1,
  0xB1, 0xE0, 0xA2, 0x83, 0x72, 0xB0, 0x00, 0x00, 0x77, 0x61, 0xF8, 0xF8,
  0xF8, 0xF8, 0xF8, 0xF8, 0xF8, 0xF8, 0xF8, 0xF8, 0xF8, 0xF8, 0xF8, 0x98,
  0x00, 0x00, 0x9A, 0x61, 0x02, 0x00, 0x02, 0xBD, 0x08, 0x81, 0x66, 0x45,
  0x02, 0x59, 0x12, 0x81, 0x02, 0xAD, 0x44, 0x00, 0x00, 0x00, 0xD3, 0x61,
  0x0A, 0x00, 0x0F, 0x02, 0x00, 0x0D, 0x5A, 0x00, 0x00, 0xFB, 0x61, 0x20,
  0x17, 0x10, 0x17, 0x20, 0xF1, 0xF1, 0xF1, 0x61, 0xF0, 0x10, 0x16, 0x10,
  0x16, 0x10, 0x16, 0x10, 0x16, 0x10, 0x16, 0x10, 0x16, 0x10, 0x16, 0x10,
  0x16, 0x10, 0x16, 0x10, 0x16, 0x10, 0x16, 0x30, 0x16, 0x10, 0x16, 0x10,
  0x00, 0x00, 0x24, 0x62, 0x20, 0x17, 0x10, 0x17, 0x20, 0xF1, 0xF1, 0xF1,
  0x61, 0xF0, 0xF0, 0xE0, 0x00, 0x00, 0xB7, 0x62, 0xC0, 0x89, 0xFA, 0x1A,
  0xF9, 0x39, 0xF0, 0xF0, 0xC2, 0xD3, 0xC2, 0xF1, 0xF1, 0x31, 0xF0, 0xF0,
  0xF0, 0x30, 0x00, 0x00, 0x77, 0x61, 0xF8, 0xF8, 0xF8, 0xF8, 0xF8, 0xF8,
  0xF8, 0xF8, 0xF8, 0xF8, 0xF8, 0xF8, 0xF8, 0x78, 0x00, 0x00, 0x9A, 0x61,
  0x58, 0x00, 0x02, 0xBD, 0x14, 0x81, 0x34, 0x45, 0x02, 0x59, 0x0A, 0x81,
  0x02, 0xAD, 0x1A, 0x00, 0x00, 0x00, 0xD3, 0x61, 0x0A, 0x00, 0x0D, 0x24,
  0x00, 0x0F, 0x37, 0x00, 0x00, 0xFB, 0x61, 0x16, 0x10, 0x16, 0x10, 0x16,
  0x10, 0x16, 0x10, 0x16, 0x10, 0x16, 0x10, 0x16, 0x10, 0x16, 0x10, 0x16,
  0x10, 0x16, 0x10, 0x16, 0x30, 0x16, 0x30, 0x16, 0x30, 0x16, 0x10, 0x16,
  0x70, 0x19, 0x10, 0x19, 0x10, 0x19, 0x10, 0x19, 0x10, 0x19, 0x10, 0x17,
  0x30, 0xF1, 0xB1, 0x20, 0x17, 0x10, 0x17, 0x10, 0x17, 0x10, 0x17, 0x10,
  0x17, 0x10, 0x17, 0x10, 0x17, 0x10, 0x17, 0x10, 0x17, 0x00, 0x00, 0x24,
  0x62, 0xC0, 0x18, 0x10, 0x18, 0x10, 0x18, 0x10, 0x18, 0x10, 0x18, 0x10,
  0x18, 0xD0, 0x17, 0x30, 0x17, 0x30, 0x18, 0xF0, 0xF0, 0x90, 0x17, 0x10,
  0x17, 0x10, 0x17, 0x10, 0x17, 0x10, 0x17, 0x10, 0x17, 0x10, 0x17, 0x10,
  0x17, 0x10, 0x17, 0x00, 0x00, 0xB7, 0x62, 0xF0, 0xF0, 0xF0, 0xF0, 0x70,
  0xE9, 0xFA, 0x5A, 0xA3, 0xFA, 0x5A, 0xF9, 0xF9, 0xF0, 0xF0, 0xF0, 0xF0,
  0x90, 0xF2, 0xF2, 0x12, 0xA3, 0xF2, 0xF2, 0xF0, 0xF0, 0xF0, 0xF0, 0xF0,
  0xF0, 0xB0, 0x00, 0x00, 0x77, 0x61, 0xE8, 0x25, 0x23, 0x41, 0x13, 0x15,
  0x1B, 0x2D, 0xAF, 0x2D, 0x1B, 0x15, 0x23, 0x71, 0x13, 0x2F, 0x1D, 0x1B,
  0x49, 0xF8, 0xF8, 0xF8, 0xF8, 0xF8, 0xF8, 0xF8, 0xE8, 0x1B, 0x2D, 0x3F,
  0x1D, 0x1B, 0x15, 0x13, 0x71, 0x1F, 0x1D, 0x2B, 0x29, 0xF8, 0xF8, 0xF8,
  0xF8, 0xF8, 0xF8, 0xF8, 0xF8, 0xF8, 0xF8, 0xF8, 0xF8, 0xF8, 0x68, 0x00,
  0x00, 0x9A, 0x61, 0xFE, 0x00, 0x34, 0x00, 0x02, 0xBD, 0x06, 0x81, 0x02,
  0xAD, 0x08, 0x00, 0x08, 0x8E, 0x02, 0x9E, 0x08, 0x00, 0x02, 0xBD, 0x06,
  0x81, 0x02, 0xAD, 0x10, 0x00, 0x02, 0x8E, 0x0E, 0x0F, 0x02, 0x1F, 0x02,
  0x9E, 0x0E, 0x00, 0x00, 0x00, 0xD3, 0x61, 0x20, 0x00, 0x04, 0x02, 0x00,
  0x03, 0x1A, 0x00, 0x05, 0x02, 0x00, 0x03, 0x3D, 0x00, 0x04, 0x02, 0x00,
  0x03, 0x09, 0x00, 0x04, 0x02, 0x00, 0x03, 0x17, 0x00, 0x09, 0x02, 0x00,
  0x03, 0x1A, 0x00, 0x08, 0x02, 0x00, 0x03, 0x0C, 0x00, 0x00, 0xFB, 0x61,
  0x17, 0x10, 0x17, 0x10, 0x17, 0x10, 0x17, 0x10, 0x17, 0x10, 0x17, 0x10,
  0x17, 0x50, 0x15, 0x10, 0x15, 0x10, 0x15, 0x50, 0x14, 0x10, 0x14, 0x10,
  0x14, 0x10, 0x14, 0x10, 0x14, 0x10, 0x14, 0x10, 0x14, 0x30, 0x14, 0x15,
  0x14, 0x15, 0x40, 0x19, 0x10, 0x19, 0x10, 0x19, 0xF0, 0x14, 0x10, 0x14,
  0x10, 0x14, 0x10, 0x14, 0x10, 0x14, 0x10, 0x14, 0x10, 0x14, 0x10, 0x14,
  0x10, 0x14, 0x10, 0x14, 0x80, 0x15, 0x14, 0x15, 0x14, 0x10, 0x14, 0x30,
  0x14, 0x10, 0x14, 0x10, 0x14, 0x10, 0x14, 0x10, 0x14, 0x10, 0x14, 0x10,
  0x14, 0x10, 0x14, 0x10, 0x14, 0x10, 0x14, 0x10, 0x14, 0x10, 0x14, 0x10,
  0x14, 0x10, 0x14, 0x10, 0x14, 0x10, 0x14, 0x10, 0x14, 0x10, 0x14, 0x10,
  0x14, 0x10, 0x14, 0x10, 0x14, 0x10, 0x14, 0x50, 0x15, 0x10, 0x15, 0x10,
  0x15, 0x30, 0x14, 0x10, 0x15, 0x30, 0x16, 0x10, 0x16, 0x10, 0x16, 0x10,
  0x16, 0x60, 0x49, 0x30, 0x14, 0x50, 0x14, 0x10, 0x14, 0x10, 0x14, 0x00,
  0x00, 0x24, 0x62, 0xF0, 0x30, 0x15, 0x10, 0x15, 0x10, 0x15, 0x40, 0x15,
  0x14, 0x15, 0x14, 0x10, 0x14, 0x10, 0x14, 0x30, 0x18, 0x10, 0x18, 0x10,
  0x18, 0x10, 0x18, 0x30, 0x14, 0x10, 0x14, 0x10, 0x14, 0x10, 0x14, 0x10,
  0x14, 0x10, 0x14, 0x10, 0x14, 0x10, 0x14, 0x10, 0x14, 0x10, 0x14, 0x10,
  0x14, 0x10, 0x14, 0x10, 0x14, 0x10, 0x14, 0x10, 0x14, 0x10, 0x14, 0x10,
  0x14, 0x10, 0x14, 0x10, 0x14, 0x10, 0x14, 0x70, 0x16, 0x10, 0x16, 0x10,
  0x16, 0x30, 0x16, 0x10, 0x16, 0xA0, 0x15, 0x14, 0x10, 0x14, 0x10, 0x14,
  0x10, 0x14, 0x10, 0x14, 0x10, 0x14, 0x10, 0x14, 0x10, 0x14, 0x10, 0x14,
  0x10, 0x14, 0x10, 0x14, 0x10, 0x14, 0x10, 0x14, 0x10, 0x14, 0x10, 0x14,
  0x10, 0x14, 0x10, 0x14, 0x10, 0x14, 0x30, 0x14, 0x15, 0x14, 0xE0, 0x28,
  0x70, 0x16, 0x10, 0x16, 0x10, 0x16, 0x10, 0x16, 0x90, 0x14, 0x10, 0x14,
  0x10, 0x14, 0x00, 0x00, 0xB7, 0x62, 0xFF, 0xFF, 0xFF, 0xFF, 0xBF, 0x1F,
  0xF9, 0x7F, 0xBC, 0x00, 0x02, 0xFF, 0xFC, 0x00, 0x01, 0x7D, 0xF8, 0x50,
  0x00, 0xBD, 0xF0, 0x04, 0x0D, 0x79, 0xF0, 0x01, 0x50, 0xB9, 0xA3, 0xE0,
  0x03, 0xF9, 0xA6, 0xF8, 0x07, 0xB9, 0xA5, 0x1D, 0x2D, 0x5D, 0xA2, 0x07,
  0x7E, 0xBD, 0xC4, 0x07, 0xFD, 0x5D, 0xE2, 0x7F, 0xFF, 0xED, 0xC5, 0xB7,
  0x1D, 0xBF, 0xC2, 0x8F, 0x6E, 0x0F, 0xC0, 0x1E, 0x1E, 0x17, 0xC8, 0x0D,
  0x0E, 0x6B, 0xC0, 0x02, 0x17, 0x07, 0xCA, 0x0D, 0x0F, 0x03, 0x85, 0x30,
  0x07, 0xC7, 0x80, 0x30, 0x0B, 0xAB, 0x80, 0x68, 0x07, 0xDF, 0x80, 0x4E,
  0x1F, 0xEB, 0x80, 0x83, 0xFF, 0x77, 0x88, 0x80, 0xFA, 0xEF, 0x80, 0x00,
  0x05, 0x75, 0x88, 0x0F, 0xFF, 0xAD, 0xC4, 0x30, 0x03, 0x5D, 0xC0, 0x00,
  0x00, 0xED, 0xC0, 0x1C, 0x07, 0x5D, 0xA0, 0x1F, 0xFF, 0xA9, 0xA0, 0x0F,
  0xFF, 0x59, 0x91, 0x02, 0xEA, 0xF9, 0xB0, 0x81, 0x57, 0x71, 0xC8, 0x80,
  0xBA, 0xF1, 0xC6, 0x41, 0x55, 0xF9, 0x85, 0xC0, 0xAE, 0xF9, 0x82, 0xF5,
  0x75, 0xF9, 0x81, 0x7F, 0xFF, 0xFD, 0xFF, 0xFF, 0xFF, 0xFF, 0x38, 0x38,
  0x38, 0x28, 0x38, 0x38, 0x38, 0x28, 0x38, 0x38, 0x38, 0x28, 0x38, 0x38,
  0x38, 0x28, 0x38, 0x38, 0x28, 0x28, 0x06, 0x00, 0x1E, 0x70, 0x64, 0x70,
  0x64, 0x04, 0x00, 0x16, 0x24, 0x65, 0x24, 0x65, 0x02, 0x00, 0x0C, 0x7C,
  0x65, 0x7C, 0x65, 0x02, 0x00, 0x0C, 0x7C, 0x65, 0x7C, 0x65, 0x02, 0x01,
  0x08, 0x94, 0x65, 0x94, 0x65, 0x02, 0x01, 0x08, 0x94, 0x65, 0x94, 0x65,
  0x06, 0x00, 0x1E, 0xD4, 0x65, 0xD4, 0x65, 0x04, 0x00, 0x16, 0x88, 0x66,
  0x88, 0x66, 0x03, 0x00, 0x0F, 0xE0, 0x66, 0xE0, 0x66, 0x03, 0x00, 0x0F,
  0xE0, 0x66, 0xE0, 0x66, 0x02, 0x01, 0x08, 0x94, 0x65, 0xB4, 0x65, 0x02,
  0x01, 0x08, 0x94, 0x65, 0xB4, 0x65, 0x06, 0x00, 0x1D, 0x0D, 0x67, 0x0D,
  0x67, 0x04, 0x00, 0x13, 0xBB, 0x67, 0xBB, 0x67, 0x03, 0x00, 0x0D, 0x07,
  0x68, 0x07, 0x68, 0x03, 0x00, 0x0D, 0x07, 0x68, 0x07, 0x68, 0x02, 0x01,
  0x08, 0x2E, 0x68, 0x2E, 0x68, 0x02, 0x01, 0x08, 0x2E, 0x68, 0x2E, 0x68,
  0x0F, 0xFF, 0xFF, 0xFF, 0xFF, 0xE0, 0x7F, 0xFF, 0xFF, 0xFF, 0xFF, 0xFC,
  0x72, 0xBF, 0xFF, 0xFF, 0xFA, 0x9C, 0xEF, 0xFF, 0xFF, 0xFF, 0xFF, 0xEE,
  0xEF, 0xFF, 0xFF, 0xFF, 0xFF, 0xEE, 0xF7, 0x77, 0x77, 0x77, 0x77, 0x7E,
  0x6F, 0xFF, 0xFF, 0xFF, 0xFF, 0xEC, 0x5F, 0xFF, 0xFF, 0xFF, 0xFF, 0xF4,
  0xD5, 0x55, 0x55, 0x55, 0x55, 0x56, 0xB6, 0xDB, 0x6D, 0xB6, 0xDB, 0x6E,
  0xFF, 0xFF, 0xFF, 0xFF, 0xFF, 0xFE, 0x95, 0x47, 0xAA, 0xAB, 0xC5, 0x52,
  0x8A, 0xA7, 0x00, 0x01, 0xCA, 0xA2, 0x95, 0x47, 0x00, 0x01, 0xC5, 0x52,
  0xCA, 0xA7, 0x00, 0x01, 0xCA, 0xA6, 0xFF, 0xFF, 0xFF, 0xFF, 0xFF, 0xFE,
  0xDF, 0xFF, 0xFF, 0xFF, 0xFF, 0xD2, 0x7F, 0xFF, 0xFF, 0xFF, 0xFA, 0xA4,
  0x5F, 0xFF, 0xFF, 0xF5, 0x20, 0x0C, 0x35, 0xFF, 0xFF, 0xFF, 0xFF, 0xB8,
  0x2F, 0xDF, 0xF8, 0x7F, 0xF7, 0x68, 0x47, 0xCF, 0xF8, 0x3F, 0xE6, 0xC4,
  0x43, 0xE0, 0x00, 0x1F, 0x8D, 0x84, 0x3F, 0xF0, 0x00, 0x1F, 0x9B, 0xF8,
  0x01, 0xF0, 0x00, 0x1F, 0x97, 0x00, 0x00, 0xF8, 0x00, 0x0F, 0x36, 0x00,
  0x00, 0x7F, 0xFF, 0xFF, 0xEC, 0x00, 0x00, 0x1F, 0xFF, 0xFF, 0x90, 0x00,
  0x00, 0x0F, 0xD2, 0x00, 0x60, 0x00, 0x00, 0x03, 0xFF, 0xFF, 0x80, 0x00,
  0x1F, 0xFF, 0xFF, 0xF8, 0x6B, 0xFF, 0xFF, 0xD6, 0xDF, 0xFF, 0xFF, 0xFB,
  0xDF, 0xFF, 0xFF, 0xFB, 0x5B, 0x6F, 0xB6, 0xDA, 0x3F, 0xFF, 0xFF, 0xFC,
  0xA4, 0x90, 0x49, 0x25, 0xFF, 0xFF, 0xFF, 0xFF, 0xAA, 0xB4, 0xAD, 0x55,
  0x95, 0x30, 0x0C, 0xA9, 0xAA, 0xB0, 0x0D, 0x55, 0xFF, 0xFF, 0xFF, 0xFF,
  0xFF, 0xFF, 0xFF, 0xF5, 0x7F, 0xFF, 0xCA, 0x02, 0x3F, 0xFF, 0xFF, 0xBC,
  0x5E, 0xFC, 0xFF, 0x2A, 0x8F, 0x00, 0x7C, 0x51, 0x7F, 0x00, 0x7C, 0xBE,
  0x07, 0x80, 0x7D, 0x60, 0x01, 0xFF, 0xFE, 0x80, 0x00, 0xFA, 0x03, 0x00,
  0x00, 0x7F, 0xFC, 0x00, 0x7F, 0xFE, 0xCF, 0xF3, 0x5F, 0xFA, 0xFF, 0xFF,
  0xAA, 0x55, 0x92, 0x49, 0xFF, 0xFE, 0x7F, 0xC2, 0xB7, 0x75, 0x78, 0x6E,
  0x0F, 0xF0, 0x07, 0x80, 0x00, 0xFF, 0x07, 0xF8, 0x00, 0xCF, 0x07, 0x98,
  0x80, 0x57, 0x0F, 0x50, 0x00, 0xBD, 0x07, 0xE8, 0x00, 0xBF, 0x07, 0xE8,
  0x80, 0x5F, 0x0F, 0xD0, 0xC0, 0x20, 0x1F, 0x20, 0xE0, 0x1F, 0x3F, 0xC0,
  0xE0, 0x1F, 0x00, 0xFF, 0xE0, 0x19, 0x00, 0xF3, 0xF0, 0x0A, 0x01, 0xEA,
  0xE0, 0x17, 0x00, 0xBD, 0xE0, 0x17, 0x00, 0xFD, 0xF0, 0x0B, 0x01, 0xFA,
  0xF8, 0x04, 0x03, 0x04, 0xFC, 0x03, 0x07, 0xF8, 0x0F, 0xFF, 0xFF, 0xFF,
  0xFF, 0xE0, 0x7F, 0xFF, 0xFF, 0xFF, 0xFF, 0xFC, 0x72, 0xBF, 0xFF, 0xFF,
  0xFA, 0x9C, 0xEF, 0xFF, 0xFF, 0xFF, 0xFF, 0xEE, 0xEF, 0xFF, 0xFF, 0xFF,
  0xFF, 0xEE, 0xF8, 0x00, 0x00, 0x00, 0x00, 0x3E, 0x60, 0x00, 0x00, 0x00,
  0x00, 0x0C, 0xFF, 0xFF, 0xFF, 0xFF, 0xFF, 0xFE, 0xFF, 0xFF, 0xFF, 0xFF,
  0xFF, 0xFE, 0xFF, 0xFF, 0xFF, 0xFF, 0xFF, 0xFE, 0xAA, 0xAA, 0xAA, 0xAA,
  0xAA, 0xAA, 0xFF, 0xFF, 0xFF, 0xFF, 0xFF, 0xFE, 0xAA, 0x17, 0xAA, 0xAB,
  0xD0, 0xAA, 0xA5, 0x2D, 0x00, 0x01, 0x69, 0x4A, 0x92, 0x17, 0x00, 0x01,
  0xD0, 0x92, 0x55, 0x2D, 0x00, 0x01, 0x69, 0x54, 0x4F, 0xFF, 0xFF, 0xFF,
  0xFF, 0xE4, 0x20, 0x00, 0x00, 0x00, 0x00, 0x08, 0x10, 0x00, 0x00, 0x00,
  0x00, 0x10, 0x1F, 0xFF, 0xFF, 0xFF, 0xFF, 0xF0, 0x2C, 0x6A, 0xAA, 0xAA,
  0xAC, 0x68, 0x46, 0x55, 0x55, 0x55, 0x54, 0xC4, 0x43, 0x2A, 0xAA, 0xAA,
  0xA9, 0x84, 0x3F, 0x95, 0x55, 0x55, 0x53, 0xF8, 0x01, 0xDA, 0xAA, 0xAA,
  0xB7, 0x00, 0x00, 0xCD, 0x55, 0x55, 0x66, 0x00, 0x00, 0x67, 0xFF, 0xFF,
  0xCC, 0x00, 0x00, 0x10, 0x00, 0x00, 0x10, 0x00, 0x00, 0x0C, 0x00, 0x00,
  0x60, 0x00, 0x00, 0x03, 0xFF, 0xFF, 0x80, 0x00, 0x1F, 0xFF, 0xFF, 0xF8,
  0x6B, 0xFF, 0xFF, 0xD6, 0xDF, 0xFF, 0xFF, 0xFB, 0xDF, 0xFF, 0xFF, 0xFB,
  0x60, 0x00, 0x00, 0x06, 0x95, 0x55, 0xAA, 0xA9, 0xFF, 0xFF, 0xFF, 0xFF,
  0xDB, 0x6D, 0xB6, 0xDB, 0xFF, 0xFF, 0xFF, 0xFF, 0xA5, 0x75, 0xAE, 0xA5,
  0xA8, 0xB0, 0x0D, 0x15, 0xA5, 0x70, 0x0E, 0xA5, 0x5F, 0xFF, 0xFF, 0xFA,
  0x20, 0x00, 0x00, 0x04, 0x3F, 0x55, 0xAA, 0xFC, 0x53, 0xFF, 0xFF, 0xCA,
  0x8D, 0x55, 0xAA, 0xB1, 0x7E, 0xFF, 0xFF, 0x7E, 0x06, 0xD5, 0xAB, 0x60,
  0x01, 0x3F, 0xFC, 0x80, 0x00, 0xC0, 0x03, 0x00, 0x00, 0x3F, 0xFC, 0x00,
  0x3F, 0xFF, 0xF8, 0x4B, 0xFF, 0xA4, 0xBF, 0xFF, 0xFA, 0x40, 0x00, 0x04,
  0xFF, 0xFF, 0xFE, 0xFF, 0xFF, 0xFE, 0xAB, 0x83, 0xAA, 0x95, 0x83, 0x52,
  0x7F, 0xFF, 0xFC, 0x20, 0x00, 0x08, 0x67, 0xFF, 0xCC, 0x97, 0xFF, 0xD2,
  0x7B, 0xFF, 0xBC, 0x04, 0x00, 0x40, 0x03, 0xFF, 0x80, 0x0F, 0xFF, 0xFF,
  0xFF, 0xFF, 0xE0, 0x7F, 0xFF, 0xFF, 0xFF, 0xFF, 0xFC, 0x7C, 0xAF, 0xFF,
  0xFF, 0xEA, 0x7C, 0xFB, 0xFF, 0xFF, 0xFF, 0xFF, 0xBE, 0xFA, 0x55, 0x55,
  0x55, 0x54, 0xBE, 0xF8, 0xA0, 0x3F, 0xFC, 0x0A, 0x3E, 0x77, 0xFF, 0xE0,
  0x07, 0xFF, 0xDC, 0x6A, 0xAA, 0xA0, 0x06, 0xAA, 0xAC, 0xD4, 0x00, 0x20,
  0x04, 0x00, 0x56, 0x80, 0x00, 0x3F, 0xFC, 0x00, 0x02, 0x80, 0x00, 0x00,
  0x00, 0x00, 0x02, 0x85, 0x55, 0x55, 0x55, 0x55, 0x42, 0x5F, 0xFE, 0x03,
  0x80, 0xFF, 0xF4, 0x53, 0xEE, 0x07, 0x00, 0xEF, 0x94, 0x57, 0x56, 0x03,
  0x80, 0xD5, 0xD4, 0x53, 0xAA, 0xAA, 0xAA, 0xAB, 0x94, 0x4B, 0x47, 0xFF,
  0xFF, 0xC5, 0xA4, 0x27, 0xFF, 0xFF, 0xFF, 0xFF, 0xC8, 0x28, 0x00, 0x00,
  0x00, 0x00, 0x28, 0x1D, 0x00, 0x00, 0x00, 0x00, 0xB0, 0x17, 0xFF, 0xFF,
  0xFF, 0xFF, 0xD0, 0x20, 0x9A, 0xA8, 0x2A, 0xB2, 0x08, 0x20, 0x98, 0x04,
  0x40, 0x32, 0x08, 0x1F, 0x58, 0x04, 0x40, 0x35, 0xF0, 0x00, 0x4F, 0xF8,
  0x3F, 0xE4, 0x00, 0x00, 0x2F, 0xE0, 0x00, 0x28, 0x00, 0x00, 0x7F, 0xFF,
  0xFF, 0xFC, 0x00, 0x00, 0x81, 0xC0, 0x00, 0x02, 0x00, 0x00, 0x7F, 0xFF,
  0xFF, 0xFC, 0x00, 0x7F, 0xFF, 0xFF, 0xFE, 0x75, 0xFF, 0xFF, 0xAE, 0xEF,
  0x4B, 0x5A, 0xF7, 0xE4, 0x0F, 0xF0, 0x27, 0xCF, 0xB8, 0x1D, 0xF3, 0x90,
  0x08, 0x10, 0x09, 0x80, 0x00, 0x00, 0x01, 0x86, 0xD7, 0xBD, 0xA1, 0xAF,
  0xE3, 0x0F, 0xF5, 0xAA, 0x61, 0x0C, 0xB5, 0x9A, 0x7F, 0xFC, 0xB9, 0x5F,
  0xFF, 0xFF, 0xF2, 0x30, 0x00, 0x00, 0x1C, 0x3F, 0xFF, 0xFF, 0xF8, 0x45,
  0x82, 0x83, 0x44, 0x3D, 0x84, 0x43, 0x78, 0x06, 0xF8, 0x3E, 0xC0, 0x01,
  0xFF, 0xFF, 0x00, 0x01, 0xFF, 0xFF, 0x00, 0x1F, 0xFF, 0xFC, 0x3A, 0xFF,
  0xAE, 0x77, 0x9C, 0xF7, 0x38, 0x22, 0x0E, 0x40, 0x22, 0x01, 0x5F, 0x88,
  0xFD, 0x48, 0x88, 0x89, 0x58, 0xFF, 0x8D, 0x3F, 0xFF, 0xFE, 0x25, 0x5D,
  0x52, 0x1B, 0x08, 0x6C, 0x03, 0xFF, 0xE0, 0x03, 0xFF, 0xE0, 0x00, 0xFF,
  0x07, 0xF8, 0x00, 0xCF, 0x07, 0x98, 0x80, 0x6A, 0x0F, 0xB0, 0x00, 0xBD,
  0x07, 0xE8, 0x00, 0xFF, 0x07, 0xF8, 0x00, 0xAA, 0x07, 0xA8, 0x80, 0x47,
  0x0F, 0x10, 0xC0, 0x3F, 0x1F, 0xE0, 0xE0, 0x1F, 0x00, 0xFF, 0xE0, 0x19,
  0x00, 0xF3, 0xF0, 0x0D, 0x01, 0x56, 0xE0, 0x17, 0x00, 0xBD, 0xE0, 0x1F,
  0x00, 0xFF, 0xE0, 0x15, 0x00, 0x55, 0xF0, 0x08, 0x01, 0xE2, 0xF8, 0x07,
  0x03, 0xFC, 0xAA, 0x68, 0x8F, 0x68, 0x86, 0x68, 0xB3, 0x68, 0xBC, 0x68,
  0xD7, 0x68, 0xAA, 0x68, 0xA1, 0x68, 0x98, 0x68, 0xC5, 0x68, 0xCE, 0x68,
  0xDF, 0x68, 0x11, 0xF0, 0x07, 0x00, 0x10, 0xE7, 0x68, 0xE7, 0x68, 0x0A,
  0x00, 0x03, 0x00, 0x07, 0x57, 0x69, 0x57, 0x69, 0x11, 0xF0, 0x07, 0x00,
  0x10, 0x6C, 0x69, 0x6C, 0x69, 0x0A, 0x00, 0x03, 0x00, 0x07, 0xDC, 0x69,
  0xDC, 0x69, 0x00, 0x00, 0x03, 0x01, 0x0A, 0xF1, 0x69, 0xF1, 0x69, 0x0E,
  0xF0, 0x02, 0x01, 0x03, 0x2D, 0x6A, 0x2D, 0x6A, 0x0A, 0x18, 0x01, 0x01,
  0x07, 0x39, 0x6A, 0x39, 0x6A, 0x0C, 0xF8, 0x01, 0x01, 0x05, 0x47, 0x6A,
  0x47, 0x6A, 0x0A, 0x18, 0x02, 0x01, 0x07, 0x51, 0x6A, 0x51, 0x6A, 0xF8,
  0x05, 0x01, 0x0A, 0x6D, 0x6A, 0x6D, 0x6A, 0xF8, 0x05, 0x01, 0x0A, 0xD1,
  0x6A, 0xD1, 0x6A, 0x04, 0xA8, 0x0A, 0x3D, 0x55, 0x00, 0x00, 0x00, 0x5E,
  0x0A, 0x1A, 0xFA, 0x00, 0x10, 0x00, 0x1D, 0x45, 0x3D, 0x64, 0x00, 0x08,
  0x00, 0x0B, 0xD4, 0x1A, 0xA0, 0x00, 0x14, 0x00, 0x01, 0x6E, 0x3D, 0x60,
  0x05, 0xAC, 0x00, 0x00, 0x1F, 0x27, 0xC0, 0x1A, 0xFE, 0x00, 0x00, 0x00,
  0x99, 0x16, 0xBF, 0xAA, 0x40, 0x00, 0x03, 0xBD, 0xFF, 0xD5, 0x40, 0x00,
  0x00, 0x02, 0xBD, 0x6A, 0xA8, 0x02, 0x40, 0x15, 0x5F, 0xBD, 0xE0, 0x00,
  0x00, 0x2A, 0xDF, 0xAE, 0x99, 0x98, 0x00, 0x00, 0x7F, 0xEA, 0x83, 0xA1,
  0x74, 0x00, 0x00, 0x75, 0x50, 0x0E, 0x56, 0x9A, 0x80, 0x00, 0x2A, 0x00,
  0x1C, 0x43, 0x07, 0xB0, 0x00, 0x00, 0x00, 0x28, 0x42, 0x02, 0xE8, 0x00,
  0x08, 0x00, 0x54, 0x42, 0x00, 0x5D, 0x20, 0x89, 0xFF, 0xB8, 0x89, 0xFF,
  0x58, 0x8C, 0xFF, 0xA8, 0x8A, 0x7F, 0x58, 0xFA, 0x7E, 0xAF, 0x15, 0x3D,
  0x7B, 0x14, 0x1B, 0xBA, 0x00, 0x00, 0xBA, 0x3D, 0x50, 0x0B, 0xE0, 0x04,
  0x00, 0x5A, 0x1A, 0xF0, 0x5D, 0x50, 0x08, 0x00, 0x25, 0x3D, 0x60, 0xBA,
  0x00, 0x14, 0x00, 0x1C, 0x1A, 0xA5, 0xD0, 0x00, 0x1A, 0x80, 0x06, 0x3D,
  0x76, 0x80, 0x00, 0x3F, 0x55, 0x01, 0x27, 0xD8, 0x00, 0x00, 0x35, 0xFF,
  0xDC, 0x99, 0x00, 0x00, 0x04, 0x2A, 0xAA, 0xFF, 0xBD, 0xE0, 0x00, 0x00,
  0x30, 0x00, 0x16, 0xBD, 0x74, 0x00, 0x04, 0x10, 0x00, 0x03, 0xBD, 0xAB,
  0xAA, 0xAA, 0x00, 0x00, 0x36, 0x99, 0x05, 0x7D, 0x56, 0x00, 0x01, 0x5F,
  0xA1, 0x00, 0xAB, 0xFC, 0x00, 0x02, 0xF4, 0xD6, 0x80, 0x01, 0x56, 0x08,
  0x57, 0x49, 0xC3, 0x60, 0x00, 0xA4, 0x06, 0xBA, 0x80, 0xC2, 0x30, 0x00,
  0x08, 0x07, 0xF4, 0x01, 0x42, 0x5A, 0x00, 0x00, 0x89, 0xFF, 0xB8, 0x89,
  0xFF, 0x58, 0x8C, 0xFF, 0xA8, 0x8A, 0x7F, 0x58, 0xFA, 0x7E, 0xAF, 0x95,
  0x3D, 0x78, 0x54, 0x1B, 0xB8, 0xF9, 0x00, 0xC1, 0x00, 0x9F, 0x00, 0xF0,
  0x06, 0x80, 0x3E, 0x0F, 0x60, 0xE0, 0x0B, 0x00, 0x7F, 0x07, 0x70, 0xE0,
  0x09, 0x00, 0xFF, 0x03, 0xF8, 0xC0, 0x13, 0x00, 0xFF, 0x03, 0xF8, 0xC0,
  0x17, 0x00, 0xFF, 0x01, 0xFC, 0xC0, 0x13, 0x00, 0xFF, 0x01, 0xFC, 0x80,
  0x27, 0x00, 0x80, 0x00, 0xF6, 0x80, 0x2D, 0x00, 0x7F, 0x00, 0x5A, 0x00,
  0x57, 0x00, 0xFF, 0x00, 0xF5, 0xFE, 0x00, 0x86, 0x10, 0xFC, 0x01, 0x0F,
  0x60, 0xF8, 0x01, 0x07, 0xD0, 0x3F, 0x80, 0x3F, 0x80, 0x0F, 0x80, 0x03,
  0xF0, 0x01, 0xEC, 0x00, 0x52, 0x0D, 0xA0, 0xF8, 0x00, 0xE0, 0x07, 0xC0,
  0x1D, 0x80, 0x2A, 0xD0, 0x05, 0x3F, 0x80, 0xFF, 0x00, 0x3F, 0x80, 0xFF,
  0x00, 0x3F, 0x80, 0xFF, 0x00, 0x39, 0x80, 0xFF, 0x00, 0x70, 0x06, 0x7F,
  0x00, 0xF8, 0x01, 0x3F, 0x80, 0xF4, 0x00, 0x1F, 0xC0, 0xFF, 0x00, 0xFF,
  0x00, 0x53, 0xAC, 0xEB, 0x14, 0xFF, 0x00, 0xFE, 0x01, 0xBF, 0x40, 0xA1,
  0x5E, 0xD5, 0x2A, 0x7F, 0x80, 0xF5, 0x0A, 0x57, 0xA8, 0xD3, 0x2C, 0xAB,
  0x54, 0xFF, 0x00, 0xEA, 0x15, 0xAA, 0x55, 0xE1, 0x1E, 0x5F, 0xA0, 0xFF,
  0x00, 0xF5, 0x0A, 0x55, 0xAA, 0x40, 0xBF, 0xFF, 0x00, 0xFF, 0x00, 0xFF,
  0x00, 0xFF, 0x00, 0x80, 0x7F, 0x55, 0xAA, 0x55, 0xAA, 0xFF, 0x00, 0xFD,
  0x02, 0x40, 0xBF, 0xAA, 0x55, 0xAB, 0x54, 0xFF, 0x00, 0xEA, 0x15, 0x80,
  0x7F, 0x7D, 0x82, 0x57, 0xA8, 0xFF, 0x00, 0x55, 0xAA, 0xC0, 0x3F, 0xBF,
  0x40, 0xBF, 0x40, 0xFF, 0x00, 0xFB, 0x04, 0xE1, 0x1E, 0x5F, 0xA0, 0xFF,
  0x00, 0xFF, 0x00, 0xF5, 0x0A, 0xF2, 0x0D, 0xAF, 0x50, 0xFF, 0x00, 0xFF,
  0x00, 0xAA, 0x55, 0xE1, 0x1E, 0x5F, 0xA0, 0xFF, 0x00, 0xFF, 0x00, 0xF5,
  0x0A, 0x52, 0xAD, 0xBF, 0x40, 0xEB, 0x14, 0xFF, 0x00, 0xFF, 0x00, 0xA1,
  0x5E, 0x7D, 0x82, 0x55, 0xAA, 0xFF, 0x00, 0xFF, 0x00, 0xC0, 0x3F, 0xAA,
  0x55, 0xAB, 0x54, 0xEA, 0x15, 0xAA, 0x55, 0x80, 0x7F, 0x55, 0xAA, 0x55,
  0xAA, 0xF5, 0x0A, 0x55, 0xAA, 0x40, 0xBF, 0xFF, 0x00, 0xFF, 0x00, 0xFE,
  0x01, 0xAB, 0x54, 0xC0, 0x3F, 0x5F, 0xA0, 0xFF, 0x00, 0xFF, 0x00, 0x7F,
  0x80, 0x40, 0xBF, 0xAA, 0x55, 0xFF, 0x00, 0xFF, 0x00, 0xFE, 0x01, 0xA1,
  0x5E, 0xD7, 0x28, 0xFF, 0x00, 0xFF, 0xFF, 0xFF, 0xFF, 0xFC, 0x56, 0xFF,
  0xEB, 0xF1, 0xFF, 0xFF, 0xFD, 0xF2, 0xFA, 0xAF, 0xFF, 0xE7, 0xFF, 0x5F,
  0xFF, 0xEB, 0xFF, 0xFF, 0xFF, 0xE7, 0xFF, 0xFF, 0xFF, 0xEF, 0xFF, 0xFF,
  0xFD, 0xEB, 0xFF, 0xF7, 0xFF, 0xE7, 0xFF, 0x1F, 0xFD, 0xEB, 0xFE, 0xF7,
  0xFF, 0xE7, 0xFD, 0x9B, 0xFD, 0xEF, 0xFD, 0x8D, 0xFF, 0xE7, 0xFB, 0x0B,
  0xF5, 0xF3, 0xD6, 0x8F, 0xAB, 0xFF, 0xFC, 0x05, 0xFF, 0xBF, 0xAC, 0x80,
  0x7F, 0xFF, 0x05, 0xCC, 0x2F, 0xBE, 0x0B, 0xFC, 0x1F, 0xFF, 0x0F, 0xFE,
  0x0F, 0xBE, 0x1F, 0xFF, 0x1F, 0xDF, 0x3F, 0xDF, 0xAF, 0xBF, 0xBF, 0xFF,
  0x9F, 0xDF, 0xDE, 0x07, 0xDF, 0xAF, 0xBC, 0xF3, 0xBF, 0xCF, 0xD5, 0xFD,
  0x5F, 0xA7, 0xFA, 0xFA, 0xFD, 0xF4, 0xFF, 0xFF, 0xED, 0xFE, 0x7F, 0x07,
  0xCD, 0x9F, 0x1C, 0x01, 0x99, 0x87, 0xDA, 0x01, 0xB1, 0x8F, 0xED, 0x53,
  0xF1, 0xBF, 0xFF, 0xFF, 0xED, 0xEF, 0xFF, 0xFF, 0xF3, 0xDF, 0x7F, 0xFF,
  0xBD, 0xDE, 0xBB, 0xFF, 0xFF, 0xBF, 0x5D, 0x57, 0xBF, 0xBF, 0xBA, 0x0B,
  0x7F, 0xFF, 0x5D, 0x16, 0xBF, 0xFF, 0xFF, 0xFF, 0xFF, 0x78, 0x78, 0x60,
  0x60, 0x38, 0x70, 0x70, 0x78, 0x20, 0x70, 0x30, 0x30, 0x68, 0x78, 0x78,
  0x68, 0x38, 0x38, 0x68, 0x28, 0x02, 0xF3, 0x6B, 0x05, 0x09, 0x6C, 0x02,
  0x1F, 0x6C, 0x01, 0x81, 0x6C, 0x1C, 0x10, 0x14, 0x10, 0x10, 0x1E, 0x10,
  0x1E, 0x0C, 0x2C, 0x0C, 0x2C, 0x0C, 0x3A, 0x08, 0x3A, 0x08, 0x64, 0x08,
  0x64, 0x81, 0x6C, 0x24, 0x09, 0x1C, 0x09, 0x10, 0x41, 0x10, 0x41, 0x0C,
  0x48, 0x0C, 0x48, 0x0C, 0x4F, 0x08, 0x4F, 0x08, 0x5D, 0x08, 0x5D, 0x81,
  0x6C, 0x1C, 0x02, 0x14, 0x02, 0x10, 0x17, 0x10, 0x17, 0x0C, 0x25, 0x0C,
  0x25, 0x0C, 0x33, 0x08, 0x33, 0x08, 0x56, 0x08, 0x56, 0x02, 0x3F, 0x6C,
  0x05, 0x55, 0x6C, 0x02, 0x6B, 0x6C, 0x01, 0x81, 0x6C, 0x50, 0x10, 0x44,
  0x10, 0x3C, 0x1E, 0x38, 0x1E, 0x30, 0x2C, 0x2C, 0x2C, 0x28, 0x3A, 0x24,
  0x3A, 0x1C, 0x64, 0x14, 0x64, 0x81, 0x6C, 0x58, 0x09, 0x4C, 0x09, 0x3C,
  0x41, 0x38, 0x41, 0x30, 0x48, 0x2C, 0x48, 0x28, 0x4F, 0x24, 0x4F, 0x1C,
  0x5D, 0x14, 0x5D, 0x81, 0x6C, 0x50, 0x02, 0x44, 0x02, 0x3C, 0x17, 0x38,
  0x17, 0x30, 0x25, 0x2C, 0x25, 0x28, 0x33, 0x24, 0x33, 0x1C, 0x56, 0x14,
  0x56, 0x07, 0x00, 0x0A, 0xEA, 0x6C, 0xEA, 0x6C, 0x05, 0x00, 0x08, 0x30,
  0x6D, 0x30, 0x6D, 0x07, 0x00, 0x04, 0x58, 0x6D, 0x58, 0x6D, 0x05, 0x00,
  0x08, 0x74, 0x6D, 0x74, 0x6D, 0x05, 0x00, 0x03, 0x9C, 0x6D, 0x9C, 0x6D,
  0x03, 0x00, 0x05, 0xAB, 0x6D, 0xAB, 0x6D, 0x03, 0x00, 0x02, 0xBA, 0x6D,
  0xBA, 0x6D, 0x02, 0x00, 0x03, 0xC0, 0x6D, 0xC0, 0x6D, 0x02, 0x00, 0x02,
  0xC6, 0x6D, 0xC6, 0x6D, 0x05, 0x01, 0x06, 0xCA, 0x6D, 0xCA, 0x6D, 0x03,
  0x01, 0x04, 0x06, 0x6E, 0x06, 0x6E, 0x02, 0x01, 0x03, 0x1E, 0x6E, 0x1E,
  0x6E, 0x02, 0x01, 0x02, 0x2A, 0x6E, 0x42, 0x6E, 0x02, 0x01, 0x02, 0x32,
  0x6E, 0x4A, 0x6E, 0x02, 0x01, 0x02, 0x3A, 0x6E, 0x52, 0x6E, 0x01, 0xF7,
  0x77, 0xBB, 0xEF, 0x7F, 0x80, 0x0F, 0xFF, 0xFF, 0xFF, 0xFF, 0xFF, 0xF0,
  0x3F, 0xFF, 0xFF, 0xFF, 0xFF, 0xFF, 0xFC, 0x6A, 0xAB, 0x57, 0x55, 0x5E,
  0xBA, 0xAA, 0x55, 0x56, 0x01, 0x8A, 0x0C, 0x5C, 0x06, 0x60, 0x22, 0x01,
  0x10, 0x08, 0x08, 0x0A, 0x40, 0x02, 0x01, 0x00, 0x00, 0x08, 0x06, 0x44,
  0x00, 0x10, 0x00, 0x00, 0x00, 0x0A, 0x46, 0xA0, 0x1B, 0x01, 0x40, 0x80,
  0xA6, 0x3F, 0xFF, 0xEF, 0xFF, 0xFF, 0xFF, 0xFC, 0x90, 0x0C, 0x0C, 0x3A,
  0xEF, 0x82, 0x00, 0x00, 0x5D, 0x7F, 0x82, 0x08, 0x08, 0xBA, 0xEF, 0x77,
  0x6E, 0x9F, 0xDF, 0xFE, 0xA8, 0x81, 0xA2, 0xCB, 0x7F, 0x88, 0x81, 0x01,
  0x45, 0xBF, 0x80, 0x15, 0x0A, 0xEB, 0x5F, 0x7F, 0xFF, 0xFF, 0xFF, 0xFE,
  0x7F, 0xFF, 0xFF, 0xFF, 0xFF, 0xFF, 0xFE, 0x0C, 0x4B, 0x62, 0xC9, 0x5A,
  0xC6, 0xB0, 0x02, 0x45, 0x25, 0x98, 0x29, 0x4B, 0x40, 0x01, 0xEE, 0x5E,
  0x0F, 0x12, 0xA6, 0x80, 0x0E, 0xDB, 0x92, 0x4F, 0xF0, 0x3F, 0xFF, 0xFF,
  0xFF, 0xFC, 0xFF, 0xFF, 0xFF, 0xFF, 0xFF, 0xB6, 0xE5, 0x92, 0x77, 0xDB,
  0x82, 0x40, 0x90, 0x20, 0x83, 0x80, 0x40, 0x80, 0x00, 0x81, 0x80, 0x04,
  0x00, 0x00, 0x03, 0x7F, 0xFB, 0xFF, 0xFF, 0xFE, 0xFF, 0xFF, 0xFF, 0xFF,
  0xFF, 0x32, 0x6B, 0x4A, 0x34, 0xFC, 0x0C, 0xC7, 0x0E, 0x66, 0x70, 0x7F,
  0xFF, 0xFE, 0xFD, 0x4A, 0xDF, 0x94, 0x00, 0x89, 0x80, 0x00, 0x01, 0x7F,
  0xFF, 0xFE, 0xFF, 0xFF, 0xFF, 0x74, 0xCC, 0xB6, 0xFF, 0xFF, 0xD2, 0x25,
  0xFF, 0xFF, 0xCE, 0xDF, 0x64, 0xBE, 0xF8, 0x05, 0x00, 0x06, 0x00, 0x18,
  0x00, 0xF6, 0x1F, 0xE0, 0xF8, 0x04, 0x00, 0x40, 0x00, 0x00, 0x00, 0x6B,
  0x1F, 0xE0, 0xFC, 0x03, 0x00, 0x6B, 0x00, 0x5E, 0x00, 0x7F, 0x3F, 0xC0,
  0xF8, 0x06, 0x00, 0x90, 0x00, 0xA5, 0x00, 0x2B, 0x1F, 0xE0, 0xF8, 0x04,
  0x00, 0x90, 0x00, 0x82, 0x00, 0x5F, 0x1F, 0xE0, 0xFC, 0x03, 0x00, 0xFF,
  0x00, 0xFF, 0x00, 0xFF, 0x3F, 0xC0, 0xC0, 0x24, 0x00, 0x44, 0x03, 0x9C,
  0xE0, 0x11, 0x00, 0xEE, 0x07, 0xF8, 0xC0, 0x2A, 0x00, 0x00, 0x03, 0x3C,
  0xC0, 0x3F, 0x00, 0xFF, 0x03, 0xFC, 0xC0, 0x20, 0x03, 0xAC, 0xC0, 0x34,
  0x03, 0xDC, 0xE0, 0x1F, 0x07, 0xF8, 0x00, 0xB2, 0x0F, 0xB0, 0x00, 0xFF,
  0x0F, 0xF0, 0xE0, 0x10, 0x3F, 0xC0, 0xC0, 0x3F, 0x1F, 0xE0, 0x00, 0xEA,
  0x0F, 0x50, 0x80, 0x7F, 0x1F, 0xE0, 0xF0, 0x0B, 0x00, 0x2B, 0xF0, 0x0F,
  0x00, 0xFF, 0xFE, 0x01, 0x03, 0x0C, 0xFC, 0x03, 0x01, 0xFE, 0xF0, 0x0E,
  0x00, 0xA5, 0xF8, 0x07, 0x01, 0xFE, 0x02, 0x74, 0x6E, 0x02, 0x8A, 0x6E,
  0x02, 0xA0, 0x6E, 0x02, 0xB6, 0x6E, 0x01, 0x02, 0x74, 0x6E, 0x02, 0xCC,
  0x6E, 0x02, 0xE2, 0x6E, 0x02, 0xF8, 0x6E, 0x01, 0x0E, 0x6F, 0x1C, 0x02,
  0x14, 0x02, 0x10, 0x1E, 0x10, 0x1E, 0x0C, 0x3A, 0x0C, 0x3A, 0x0C, 0x56,
  0x08, 0x56, 0x08, 0x72, 0x08, 0x72, 0x0E, 0x6F, 0x24, 0x09, 0x1C, 0x09,
  0x18, 0x25, 0x18, 0x25, 0x0C, 0x41, 0x0C, 0x41, 0x0C, 0x5D, 0x08, 0x5D,
  0x08, 0x79, 0x08, 0x79, 0x0E, 0x6F, 0x24, 0x10, 0x1C, 0x10, 0x18, 0x2C,
  0x18, 0x2C, 0x14, 0x48, 0x14, 0x48, 0x0C, 0x64, 0x08, 0x64, 0x08, 0x80,
  0x08, 0x80, 0x0E, 0x6F, 0x2C, 0x17, 0x24, 0x17, 0x20, 0x33, 0x20, 0x33,
  0x1C, 0x4F, 0x1C, 0x4F, 0x14, 0x6B, 0x10, 0x6B, 0x08, 0x87, 0x08, 0x87,
  0x0E, 0x6F, 0x1C, 0x09, 0x14, 0x09, 0x10, 0x25, 0x10, 0x25, 0x0C, 0x41,
  0x0C, 0x41, 0x0C, 0x5D, 0x08, 0x5D, 0x08, 0x79, 0x08, 0x79, 0x0E, 0x6F,
  0x24, 0x10, 0x1C, 0x10, 0x18, 0x2C, 0x18, 0x2C, 0x0C, 0x48, 0x0C, 0x48,
  0x0C, 0x64, 0x08, 0x64, 0x08, 0x80, 0x08, 0x80, 0x0E, 0x6F, 0x24, 0x17,
  0x1C, 0x17, 0x18, 0x33, 0x18, 0x33, 0x0C, 0x4F, 0x0C, 0x4F, 0x0C, 0x6B,
  0x08, 0x6B, 0x08, 0x87, 0x08, 0x87, 0x06, 0x00, 0x0C, 0x9A, 0x6F, 0x9A,
  0x6F, 0x05, 0x00, 0x05, 0xE2, 0x6F, 0xE2, 0x6F, 0x04, 0x00, 0x04, 0xFB,
  0x6F, 0xFB, 0x6F, 0x03, 0x00, 0x07, 0x0B, 0x70, 0x0B, 0x70, 0x04, 0x00,
  0x0C, 0x20, 0x70, 0x20, 0x70, 0x03, 0x00, 0x03, 0x50, 0x70, 0x50, 0x70,
  0x02, 0x00, 0x02, 0x59, 0x70, 0x59, 0x70, 0x01, 0x00, 0x02, 0x5D, 0x70,
  0x5D, 0x70, 0x03, 0x00, 0x05, 0x5F, 0x70, 0x5F, 0x70, 0x03, 0x00, 0x03,
  0x6E, 0x70, 0x6E, 0x70, 0x02, 0x00, 0x04, 0x77, 0x70, 0x77, 0x70, 0x01,
  0x00, 0x02, 0x7F, 0x70, 0x7F, 0x70, 0x02, 0x00, 0x03, 0x81, 0x70, 0x81,
  0x70, 0x02, 0x00, 0x02, 0x87, 0x70, 0x87, 0x70, 0x02, 0x00, 0x01, 0x8B,
  0x70, 0x8B, 0x70, 0x01, 0x00, 0x03, 0x8D, 0x70, 0x8D, 0x70, 0x03, 0x01,
  0x01, 0x90, 0x70, 0xB4, 0x70, 0x03, 0x01, 0x02, 0x96, 0x70, 0xBA, 0x70,
  0x03, 0x01, 0x01, 0xA2, 0x70, 0xC6, 0x70, 0x03, 0x01, 0x02, 0xA8, 0x70,
  0xCC, 0x70, 0x00, 0x07, 0xFF, 0xFF, 0xFF, 0xFE, 0x7F, 0xFF, 0xFF, 0xFD,
  0x7F, 0xFF, 0xFF, 0xFF, 0xFF, 0xF2, 0xBF, 0xFE, 0x1D, 0xFF, 0xF5, 0x60,
  0x5F, 0xFC, 0x3A, 0xBC, 0xE8, 0xA0, 0x2F, 0xFC, 0x70, 0x39, 0x60, 0x70,
  0x57, 0xFC, 0x48, 0x58, 0xE0, 0x34, 0x2F, 0xFC, 0xDC, 0x39, 0x70, 0x5C,
  0x37, 0xFE, 0x57, 0x88, 0xB0, 0x28, 0x5F, 0xFE, 0x2A, 0xCC, 0x78, 0x1C,
  0xFF, 0xFE, 0x11, 0xD6, 0xB8, 0xB3, 0xB7, 0xFE, 0x0E, 0x7A, 0x55, 0x60,
  0xEB, 0xFE, 0xEF, 0x0F, 0xF4, 0x07, 0xBE, 0xBD, 0x0F, 0xBA, 0x03, 0xDC,
  0xFA, 0x85, 0x4C, 0x05, 0xF8, 0xB5, 0x6B, 0x06, 0x03, 0xB0, 0xA0, 0xE7,
  0x03, 0x16, 0xE0, 0x50, 0x4B, 0x87, 0xEB, 0x42, 0xC5, 0x8B, 0xFF, 0x21,
  0xE3, 0xA7, 0xFE, 0x1F, 0xC5, 0xDE, 0x7F, 0xE2, 0xFC, 0x2F, 0x51, 0xEC,
  0x17, 0x20, 0x7E, 0x2F, 0x1C, 0xF6, 0x1E, 0x0F, 0xEB, 0x2E, 0x03, 0xDD,
  0x5C, 0x01, 0xF0, 0xF0, 0x00, 0x03, 0xFF, 0xF8, 0xFF, 0xFF, 0xFF, 0xFF,
  0x7F, 0xDD, 0xD7, 0xFE, 0xFD, 0xAA, 0xEA, 0xFE, 0xA2, 0xD8, 0x41, 0x7E,
  0xA0, 0xA8, 0xC2, 0xFE, 0xD8, 0x94, 0x61, 0x7E, 0xBE, 0xC2, 0xFA, 0xFE,
  0x5F, 0x43, 0x7F, 0xFE, 0x3A, 0x26, 0x39, 0xFC, 0x0A, 0x76, 0x1C, 0xBC,
  0x07, 0x22, 0x2C, 0x78, 0xE2, 0x1C, 0xB8, 0xA1, 0x36, 0x70, 0xD2, 0xE3,
  0xC0, 0x69, 0xE5, 0x1F, 0xF3, 0xD9, 0x0E, 0x3F, 0xFF, 0xFC, 0xFF, 0xEF,
  0x7E, 0xA6, 0xD6, 0xBC, 0xA2, 0x44, 0x7E, 0x5D, 0x26, 0x3E, 0x3B, 0xBB,
  0xFE, 0x19, 0xF7, 0x2E, 0x07, 0x33, 0xDE, 0x9B, 0x0E, 0xCF, 0xDC, 0x66,
  0x3C, 0x3D, 0x1C, 0xB8, 0xF0, 0x7F, 0xFE, 0xEB, 0x5F, 0xA6, 0xCF, 0x7E,
  0x7F, 0x27, 0x66, 0x1B, 0xFE, 0xEC, 0xAC, 0x78, 0x00, 0xFF, 0x0F, 0xF0,
  0xFF, 0x00, 0x00, 0xFD, 0x0F, 0xF0, 0xFF, 0x00, 0x80, 0x6F, 0x0F, 0xF0,
  0xFF, 0x00, 0xE0, 0x17, 0x1F, 0xE0, 0xFF, 0x00, 0xF0, 0x0D, 0x1F, 0xE0,
  0xFF, 0x00, 0xF8, 0x07, 0x3F, 0xC0, 0xFF, 0x00, 0xF0, 0x0F, 0x00, 0xFF,
  0xFF, 0x00, 0xF0, 0x0F, 0x00, 0xDF, 0xFF, 0x00, 0xF8, 0x06, 0x00, 0xFF,
  0xFF, 0x00, 0xFE, 0x01, 0x01, 0x7E, 0xFF, 0x00, 0xFF, 0x00, 0x01, 0xDE,
  0xFF, 0x00, 0xFF, 0x00, 0x83, 0x7C, 0xFF, 0x00, 0x03, 0x00, 0x15, 0x02,
  0x71, 0x02, 0x71, 0x02, 0x00, 0x10, 0x41, 0x71, 0x41, 0x71, 0x02, 0x01,
  0x0B, 0x61, 0x71, 0x8D, 0x71, 0x02, 0x01, 0x09, 0xB9, 0x71, 0xDD, 0x71,
  0x02, 0x01, 0x09, 0xB9, 0x71, 0xDD, 0x71, 0x01, 0x01, 0x05, 0x01, 0x72,
  0x0B, 0x72, 0x00, 0x7F, 0xE0, 0x03, 0xD5, 0xF8, 0x0C, 0x02, 0xFC, 0x30,
  0x01, 0xFE, 0x40, 0x02, 0xFE, 0x60, 0x89, 0x7E, 0x40, 0x01, 0xFA, 0x40,
  0x82, 0xFC, 0x20, 0x00, 0xFC, 0x20, 0x02, 0xFE, 0x28, 0x00, 0xFE, 0x10,
  0x07, 0xFE, 0x20, 0xFF, 0x7E, 0x27, 0xFE, 0x3E, 0x1F, 0x7C, 0x0E, 0x17,
  0x90, 0x04, 0x0B, 0xE0, 0x18, 0x05, 0xFC, 0x60, 0x02, 0xF3, 0x80, 0x01,
  0x78, 0x00, 0x00, 0xF0, 0x00, 0x0F, 0xF0, 0x38, 0xBC, 0xC0, 0x1E, 0x80,
  0x3F, 0x80, 0x1F, 0x41, 0x3E, 0x40, 0x1E, 0x41, 0x3F, 0x40, 0x1F, 0x20,
  0x3F, 0x47, 0xEF, 0x7E, 0xC3, 0x2F, 0x44, 0x17, 0xB8, 0x0B, 0xC0, 0x07,
  0x80, 0xE0, 0x1F, 0x7F, 0x80, 0x80, 0x6B, 0x1F, 0xE0, 0x00, 0x80, 0x1F,
  0xE0, 0x00, 0x80, 0x1F, 0xE0, 0x00, 0x81, 0x1F, 0xE0, 0x80, 0x40, 0x1F,
  0xE0, 0x00, 0x83, 0x1F, 0x60, 0x00, 0xB8, 0x1F, 0x60, 0x80, 0x5D, 0x3F,
  0xC0, 0xC1, 0x2E, 0xFF, 0x00, 0xE3, 0x1C, 0xFF, 0x00, 0xFE, 0x01, 0x07,
  0xF8, 0xF8, 0x06, 0x01, 0xBE, 0xF0, 0x08, 0x01, 0x0E, 0xF0, 0x08, 0x01,
  0x0E, 0xF0, 0x08, 0x01, 0x1E, 0xF8, 0x04, 0x01, 0x0E, 0xF0, 0x08, 0x01,
  0x36, 0xF0, 0x0B, 0x01, 0x86, 0xF8, 0x05, 0x03, 0xDC, 0xFC, 0x02, 0x1F,
  0xE0, 0xFE, 0x01, 0x3F, 0xC0, 0x80, 0x7F, 0xFF, 0x00, 0x00, 0xC5, 0x7F,
  0x80, 0x00, 0x85, 0x7F, 0x80, 0x00, 0x83, 0x7F, 0x80, 0x00, 0x85, 0x7F,
  0x80, 0x00, 0x8E, 0x7F, 0x80, 0x00, 0xB1, 0x7F, 0x80, 0x81, 0x5E, 0xFF,
  0x00, 0xCF, 0x30, 0xFF, 0x00, 0xF8, 0x07, 0x0F, 0xF0, 0xF0, 0x0C, 0x07,
  0x58, 0xF0, 0x08, 0x07, 0x58, 0xF0, 0x08, 0x07, 0x38, 0xF0, 0x08, 0x07,
  0x58, 0xF0, 0x08, 0x07, 0xE8, 0xF0, 0x0B, 0x07, 0x18, 0xF8, 0x05, 0x1F,
  0xE0, 0xFC, 0x03, 0xFF, 0x00, 0x87, 0x78, 0x07, 0xB8, 0x07, 0x98, 0x07,
  0xC8, 0x8F, 0x70, 0xF0, 0x0F, 0xE0, 0x17, 0xE0, 0x13, 0xE0, 0x19, 0xF1,
  0x0E, 0x04, 0x00, 0x11, 0x3F, 0x72, 0x3F, 0x72, 0x04, 0x00, 0x11, 0x3F,
  0x72, 0x3F, 0x72, 0x03, 0x00, 0x0D, 0x83, 0x72, 0x83, 0x72, 0x02, 0x00,
  0x09, 0xAA, 0x72, 0xAA, 0x72, 0x02, 0x00, 0x09, 0xAA, 0x72, 0xAA, 0x72,
  0x02, 0x01, 0x07, 0xBC, 0x72, 0xD8, 0x72, 0x1F, 0xC0, 0x03, 0xF8, 0x1E,
  0x43, 0xC3, 0x48, 0x0D, 0x23, 0x46, 0x90, 0x0E, 0xA3, 0xC7, 0x50, 0x07,
  0x53, 0x4E, 0xA0, 0x06, 0x96, 0xAD, 0x20, 0x03, 0x4F, 0x3A, 0x40, 0x03,
  0xAE, 0xBD, 0x40, 0xFF, 0xFF, 0xFF, 0xFF, 0xFD, 0x7E, 0x7E, 0xBF, 0xF8,
  0x7C, 0x3E, 0x1F, 0xF8, 0x7C, 0x3E, 0x1F, 0xF8, 0x7C, 0x3E, 0x1F, 0xF8,
  0x7C, 0x3E, 0x1F, 0xA8, 0x54, 0x2A, 0x15, 0xFF, 0xFF, 0xFF, 0xFF, 0x00,
  0x0F, 0xF8, 0x00, 0x3F, 0x00, 0xFC, 0x3B, 0x1C, 0xD4, 0x1D, 0x95, 0xA8,
  0x1A, 0xB5, 0xC8, 0x0D, 0xAB, 0x90, 0x0E, 0x7F, 0xD0, 0xFF, 0xFF, 0xFF,
  0xFB, 0xF7, 0xAF, 0xF1, 0xE7, 0x8F, 0xF1, 0xE7, 0x8F, 0x91, 0x24, 0x89,
  0xFF, 0xFF, 0xFF, 0x00, 0x7E, 0x00, 0x78, 0x1E, 0x69, 0x9A, 0x35, 0xB4,
  0x3D, 0xBC, 0xFF, 0xFF, 0xE7, 0x39, 0xA5, 0x29, 0xFF, 0xFF, 0x03, 0xC0,
  0x9F, 0x60, 0x9F, 0x60, 0x89, 0x76, 0x1F, 0xE0, 0xC0, 0x3F, 0x3F, 0xC0,
  0x00, 0xFF, 0x0F, 0xF0, 0x00, 0x99, 0x0F, 0x90, 0x00, 0xFF, 0x0F, 0xF0,
  0xF0, 0x0F, 0xFF, 0x00, 0xF9, 0x06, 0xF9, 0x06, 0xF8, 0x07, 0x91, 0x6E,
  0xFC, 0x03, 0x03, 0xFC, 0xF0, 0x0F, 0x00, 0xFF, 0xF0, 0x09, 0x00, 0x99,
  0xF0, 0x0F, 0x00, 0xFF, 0xFF, 0x00, 0x0F, 0xF0, 0x02, 0x4E, 0x7E, 0x04,
  0x7A, 0x7E, 0x05, 0xA6, 0x7E, 0x02, 0x0E, 0x73, 0x01, 0x02, 0x38, 0x7E,
  0x04, 0x64, 0x7E, 0x05, 0x90, 0x7E, 0x02, 0x24, 0x73, 0x01, 0x3A, 0x73,
  0x10, 0x02, 0x08, 0x02, 0x08, 0x09, 0x08, 0x09, 0x04, 0x10, 0x04, 0x10,
  0x08, 0x17, 0x08, 0x17, 0x04, 0x1E, 0x04, 0x1E, 0x5D, 0x73, 0x18, 0x02,
  0x10, 0x02, 0x10, 0x09, 0x10, 0x09, 0x0C, 0x10, 0x0C, 0x10, 0x10, 0x17,
  0x10, 0x17, 0x0C, 0x1E, 0x0C, 0x1E, 0x04, 0x00, 0x08, 0x80, 0x73, 0x80,
  0x73, 0x03, 0x00, 0x05, 0xA0, 0x73, 0xA0, 0x73, 0x03, 0x00, 0x04, 0xAF,
  0x73, 0xBB, 0x73, 0x02, 0x01, 0x04, 0xC7, 0x73, 0xD7, 0x73, 0x02, 0x01,
  0x03, 0xE7, 0x73, 0xF3, 0x73, 0x04, 0x02, 0x08, 0x80, 0x73, 0x80, 0x73,
  0x03, 0x02, 0x05, 0xA0, 0x73, 0xA0, 0x73, 0x03, 0x02, 0x04, 0xAF, 0x73,
  0xBB, 0x73, 0x02, 0x03, 0x04, 0xC7, 0x73, 0xD7, 0x73, 0x02, 0x03, 0x03,
  0xE7, 0x73, 0xF3, 0x73, 0x00, 0x00, 0x00, 0xE4, 0x1F, 0xFE, 0x01, 0xA4,
  0x20, 0x01, 0x07, 0x24, 0x20, 0x01, 0x3C, 0xC4, 0x6A, 0xAB, 0xE3, 0x44,
  0xBF, 0xFE, 0x1C, 0x6C, 0xC0, 0x01, 0xE0, 0x38, 0x3F, 0xFE, 0x00, 0x00,
  0x7F, 0xC1, 0xA8, 0x80, 0x26, 0x48, 0x80, 0x79, 0xC8, 0xAA, 0x86, 0x48,
  0x7F, 0xF8, 0x30, 0x03, 0xF1, 0x60, 0x04, 0x0E, 0xA0, 0x0A, 0x05, 0x60,
  0x07, 0xFE, 0x00, 0x00, 0x3F, 0x16, 0x00, 0x40, 0xEA, 0x00, 0xA0, 0x56,
  0x00, 0x7F, 0xE0, 0xFF, 0x00, 0x8F, 0x70, 0x02, 0xDD, 0x0F, 0xB0, 0x00,
  0x86, 0x4F, 0xB0, 0x87, 0x78, 0xFF, 0x00, 0xFF, 0x00, 0xE3, 0x1C, 0xC0,
  0x37, 0x83, 0x6C, 0xC0, 0x21, 0x13, 0xAC, 0xE1, 0x1E, 0xFF, 0x00, 0xFE,
  0x01, 0x7F, 0x80, 0x00, 0x8F, 0x7F, 0x80, 0x0F, 0xF0, 0xFF, 0x00, 0xFF,
  0x00, 0xE7, 0x18, 0xF0, 0x08, 0x07, 0xF8, 0xF0, 0x0F, 0xFF, 0x00, 0x2B,
  0x74, 0x24, 0x00, 0x1C, 0x00, 0x18, 0x07, 0x18, 0x07, 0x14, 0x0E, 0x14,
  0x0E, 0x14, 0x15, 0x10, 0x15, 0x10, 0x1C, 0x10, 0x1C, 0x2B, 0x74, 0x24,
  0x23, 0x1C, 0x23, 0x18, 0x2A, 0x18, 0x2A, 0x14, 0x31, 0x14, 0x31, 0x14,
  0x38, 0x10, 0x38, 0x10, 0x3F, 0x10, 0x3F, 0x04, 0x00, 0x28, 0x71, 0x74,
  0x71, 0x74, 0x03, 0x00, 0x1E, 0x11, 0x75, 0x11, 0x75, 0x02, 0x00, 0x14,
  0x6B, 0x75, 0x6B, 0x75, 0x02, 0x01, 0x10, 0x93, 0x75, 0x93, 0x75, 0x02,
  0x01, 0x0D, 0xD3, 0x75, 0x07, 0x76, 0x04, 0x02, 0x28, 0x71, 0x74, 0x71,
  0x74, 0x03, 0x02, 0x1E, 0x11, 0x75, 0x11, 0x75, 0x02, 0x02, 0x14, 0x6B,
  0x75, 0x6B, 0x75, 0x02, 0x03, 0x10, 0x93, 0x75, 0x93, 0x75, 0x02, 0x03,
  0x0D, 0xD3, 0x75, 0x07, 0x76, 0x0F, 0xFF, 0xFF, 0xF0, 0x7F, 0xFF, 0xFF,
  0xFE, 0xFF, 0xFF, 0xFF, 0xFF, 0xFF, 0xFF, 0xFF, 0xFF, 0x61, 0xFF, 0xFF,
  0xAE, 0x25, 0x00, 0x00, 0xD4, 0x2B, 0x00, 0x00, 0xAC, 0x3F, 0x00, 0x00,
  0xFC, 0xFF, 0xFF, 0xFF, 0xFF, 0xFF, 0xFF, 0xFF, 0xFF, 0xFF, 0xFF, 0xFF,
  0xFF, 0xE0, 0x01, 0x55, 0x57, 0xE0, 0x00, 0x02, 0xAF, 0xE0, 0x1C, 0x00,
  0x17, 0xE0, 0x1C, 0x00, 0x0F, 0xE0, 0x1C, 0x00, 0x17, 0xE0, 0x1C, 0x00,
  0x0F, 0xE0, 0x1C, 0x00, 0x17, 0xE0, 0x1C, 0x00, 0x0F, 0xE0, 0x1C, 0x00,
  0x17, 0xE0, 0x1C, 0x00, 0x0F, 0xE0, 0x1C, 0x00, 0x07, 0xE0, 0x1C, 0x00,
  0x0F, 0xA0, 0x1C, 0x00, 0x07, 0xE0, 0x0E, 0x00, 0x0F, 0xE0, 0x0E, 0x00,
  0x07, 0xA0, 0x0E, 0x00, 0x07, 0xE0, 0x07, 0x00, 0x07, 0xA0, 0x07, 0x30,
  0x07, 0xA8, 0x03, 0xF0, 0x07, 0xE0, 0x01, 0xF0, 0x07, 0xA8, 0x03, 0xF8,
  0x07, 0xA0, 0x07, 0xF8, 0x07, 0xA8, 0x00, 0xFC, 0x07, 0xE0, 0x00, 0x0E,
  0x07, 0xAA, 0xA0, 0x00, 0x07, 0xA0, 0x00, 0x00, 0x07, 0xBF, 0xFF, 0xFF,
  0xFF, 0x84, 0x4B, 0x7F, 0xFF, 0xFF, 0xFF, 0xFF, 0xFF, 0x3F, 0xFF, 0xFC,
  0xFF, 0xFF, 0xFF, 0xFF, 0xFF, 0xFF, 0x67, 0xFF, 0xF6, 0x2C, 0x00, 0x2C,
  0x3C, 0x00, 0x34, 0xFF, 0xFF, 0xFF, 0xFF, 0xFF, 0xFF, 0xC0, 0x0A, 0xAB,
  0xC0, 0x00, 0x57, 0xC0, 0xC0, 0x0B, 0xC0, 0xC0, 0x07, 0xC0, 0xC0, 0x0B,
  0xC0, 0xC0, 0x07, 0xC0, 0xC0, 0x0B, 0xC0, 0xC0, 0x07, 0xC0, 0xC0, 0x03,
  0xC0, 0xE0, 0x07, 0xC0, 0x60, 0x03, 0xC0, 0x60, 0x03, 0xC0, 0x70, 0x03,
  0xC0, 0x32, 0x03, 0xD0, 0x1E, 0x03, 0xC0, 0x1F, 0x03, 0x90, 0x3F, 0x03,
  0xC0, 0x07, 0x83, 0x95, 0x01, 0xC3, 0xC0, 0x00, 0x03, 0xAB, 0x7F, 0xFF,
  0xFF, 0xFF, 0xFF, 0x7F, 0xFE, 0xFF, 0xFF, 0x4F, 0xFA, 0x50, 0x0E, 0xFF,
  0xFF, 0x81, 0x55, 0x80, 0x03, 0x82, 0x01, 0x82, 0x03, 0x82, 0x01, 0x82,
  0x03, 0x82, 0x01, 0x81, 0x03, 0x81, 0x01, 0x80, 0xE1, 0xC1, 0xE1, 0x80,
  0xE1, 0xC0, 0x31, 0xA8, 0x01, 0xFF, 0xFF, 0x80, 0x7F, 0x0F, 0xF0, 0x00,
  0xFF, 0x07, 0xF8, 0x00, 0xBF, 0x07, 0xF8, 0x00, 0xFF, 0x07, 0xF8, 0x00,
  0x82, 0x07, 0xA8, 0x00, 0x88, 0x07, 0x18, 0x00, 0x88, 0x07, 0x08, 0x00,
  0x88, 0x07, 0x18, 0x00, 0x88, 0x07, 0x08, 0x00, 0x84, 0x07, 0x18, 0x00,
  0xC4, 0x07, 0x08, 0x00, 0x83, 0x07, 0x08, 0x00, 0x87, 0x07, 0x88, 0x00,
  0xC1, 0x07, 0x88, 0x00, 0xA4, 0x07, 0x08, 0x00, 0xFF, 0x07, 0xF8, 0x80,
  0x7F, 0x7F, 0x80, 0x00, 0xFF, 0x3F, 0xC0, 0x00, 0xFF, 0x3F, 0xC0, 0x00,
  0xFF, 0x3F, 0xC0, 0x00, 0x8A, 0x3F, 0xC0, 0x00, 0x90, 0x3F, 0x40, 0x00,
  0x90, 0x3F, 0xC0, 0x00, 0x90, 0x3F, 0x40, 0x00, 0x88, 0x3F, 0xC0, 0x00,
  0x8C, 0x3F, 0x40, 0x00, 0x86, 0x3F, 0x40, 0x00, 0x80, 0x3F, 0x40, 0x00,
  0xFF, 0x3F, 0xC0, 0xF8, 0x07, 0x07, 0xF8, 0xF0, 0x0F, 0x03, 0xFC, 0xF0,
  0x0F, 0x03, 0xFC, 0xF0, 0x0F, 0x03, 0xFC, 0xF0, 0x08, 0x03, 0xAC, 0xF0,
  0x09, 0x03, 0x04, 0xF0, 0x09, 0x03, 0x0C, 0xF0, 0x09, 0x03, 0x04, 0xF0,
  0x08, 0x03, 0x8C, 0xF0, 0x08, 0x03, 0xC4, 0xF0, 0x08, 0x03, 0x64, 0xF0,
  0x08, 0x03, 0x04, 0xF0, 0x0F, 0x03, 0xFC, 0x00, 0xFF, 0xFF, 0x00, 0x00,
  0xFF, 0xFF, 0x00, 0x00, 0xFF, 0xFF, 0x00, 0x00, 0x95, 0xFF, 0x00, 0x00,
  0x93, 0xFF, 0x00, 0x00, 0x91, 0xFF, 0x00, 0x00, 0x9B, 0xFF, 0x00, 0x00,
  0x89, 0xFF, 0x00, 0x00, 0x81, 0xFF, 0x00, 0x00, 0xFF, 0xFF, 0x00, 0xF0,
  0x0F, 0x0F, 0xF0, 0xF0, 0x0F, 0x0F, 0xF0, 0xF0, 0x0F, 0x0F, 0xF0, 0xF0,
  0x09, 0x0F, 0x50, 0xF0, 0x09, 0x0F, 0x30, 0xF0, 0x09, 0x0F, 0x10, 0xF0,
  0x09, 0x0F, 0xB0, 0xF0, 0x08, 0x0F, 0x90, 0xF0, 0x08, 0x0F, 0x10, 0xF0,
  0x0F, 0x0F, 0xF0, 0x39, 0x00, 0x0B, 0xBD, 0x00, 0x04, 0xE2, 0x00, 0x00,
  0x3F, 0xC0, 0x00, 0x42, 0x40, 0x00, 0x5B, 0x40, 0x00, 0x7F, 0xE0, 0x00,
  0x83, 0x90, 0x00, 0xBB, 0xD0, 0x00, 0x4E, 0x20, 0xFE, 0x01, 0x03, 0xDC,
  0xFE, 0x01, 0x03, 0x54, 0xFF, 0x00, 0xCF, 0x10, 0xFC, 0x03, 0x03, 0xDC,
  0xFC, 0x02, 0x03, 0x88, 0xFF, 0x00, 0x80, 0x77, 0xFF, 0x00, 0x80, 0x55,
  0xFF, 0x00, 0xF3, 0x04, 0xFF, 0x00, 0x00, 0xF7, 0xFF, 0x00, 0x00, 0xA2,
  0xFC, 0x03, 0x1F, 0xE0, 0xFC, 0x03, 0x1F, 0x20, 0xF8, 0x07, 0x0F, 0x70,
  0xF8, 0x05, 0x0F, 0x30, 0xFF, 0x00, 0xC1, 0x3E, 0xFF, 0x00, 0xC1, 0x32,
  0xFF, 0x00, 0x80, 0x77, 0xFF, 0x00, 0x80, 0x53, 0x00, 0x00, 0x00, 0x00,
  0x00, 0x00, 0x00, 0x00, 0x00, 0x00, 0x00, 0x00, 0x00, 0x00, 0x00, 0x00,
  0x00, 0x00, 0x00, 0x00, 0x00, 0x00, 0x00, 0x00, 0x00, 0x00, 0x00, 0x00,
  0x00, 0x00, 0x00, 0x00, 0x00, 0x00, 0x00, 0x00, 0x00, 0x00, 0x00, 0x00,
  0x00, 0x00, 0x00, 0x00, 0x00, 0x00, 0x00, 0x00, 0x00, 0x00, 0x00, 0x00,
  0x00, 0x00, 0x00, 0x00, 0x00, 0x00, 0x00, 0x00, 0x00, 0x00, 0x00, 0x00,
  0x00, 0x00, 0x00, 0x00, 0x00, 0x00, 0x00, 0x00, 0x00, 0x00, 0x00, 0x00,
  0x00, 0x00, 0x00, 0x00, 0x00, 0x00, 0x00, 0x00, 0x00, 0x00, 0x00, 0x00,
  0x00, 0x00, 0x00, 0x00, 0x00, 0x00, 0x00, 0x00, 0x00, 0x00, 0x00, 0x00,
  0x00, 0x00, 0x00, 0x00, 0x00, 0x00, 0x00, 0x00, 0x00, 0x00, 0x00, 0x00,
  0x00, 0x00, 0x00, 0x00, 0x00, 0x00, 0x00, 0x00, 0x00, 0x00, 0x00, 0x00,
  0x00, 0x00, 0x00, 0x00, 0x00, 0x00, 0x00, 0x00, 0x00, 0x00, 0x00, 0x00,
  0x00, 0x00, 0x00, 0x00, 0x00, 0x00, 0x00, 0x00, 0x00, 0x00, 0x00, 0x00,
  0x00, 0x00, 0x00, 0x00, 0x00, 0x00, 0x00, 0x00, 0x00, 0x00, 0x00, 0x00,
  0x00, 0x00, 0x00, 0x00, 0x00, 0x00, 0x00, 0x00, 0x00, 0x00, 0x00, 0x00,
  0x00, 0x00, 0x00, 0x00, 0x00, 0x00, 0x00, 0x00, 0x00, 0x00, 0x00, 0x00,
  0x00, 0x00, 0x00, 0x00, 0x00, 0x00, 0x00, 0x00, 0x00, 0x00, 0x00, 0x00,
  0x00, 0x00, 0x00, 0x00, 0x00, 0x00, 0x00, 0x00, 0x00, 0x00, 0x00, 0x00,
  0x00, 0x00, 0x00, 0x00, 0x00, 0x00, 0x00, 0x00, 0x00, 0x00, 0x00, 0x00,
  0x00, 0x00, 0x00, 0x00, 0x00, 0x00, 0x00, 0x00, 0x00, 0x00, 0x00, 0x00,
  0x00, 0x00, 0x00, 0x00, 0x00, 0x00, 0x00, 0x00, 0x00, 0x00, 0x00, 0x00,
  0x00, 0x00, 0x00, 0x00, 0x00, 0x00, 0x00, 0x00, 0x00, 0x00, 0x00, 0x00,
  0x00, 0x00, 0x00, 0x00, 0x00, 0x00, 0x00, 0x00, 0x00, 0x00, 0x00, 0x00,
  0x00, 0x00, 0x00, 0x00, 0x00, 0x00, 0x00, 0x00, 0x00, 0x00, 0x00, 0x00,
  0x00, 0x00, 0x00, 0x00, 0x00, 0x00, 0x00, 0x00, 0x00, 0x00, 0x00, 0x00,
  0x00, 0x00, 0x00, 0x00, 0x00, 0x00, 0x00, 0x00, 0x00, 0x00, 0x00, 0x00,
  0x00, 0x00, 0x00, 0x00, 0x00, 0x00, 0x00, 0x00, 0x00, 0x00, 0x00, 0x00,
  0x00, 0x00, 0x00, 0x00, 0x00, 0x00, 0x00, 0x00, 0x00, 0x00, 0x00, 0x00,
  0x00, 0x00, 0x00, 0x00, 0x00, 0x00, 0x00, 0x00, 0x00, 0x00, 0x00, 0x00,
  0x00, 0x00, 0x00, 0x00, 0x00, 0x00, 0x00, 0x00, 0x00, 0x00, 0x00, 0x00,
  0x00, 0x00, 0x00, 0x00, 0x00, 0x00, 0x00, 0x00, 0x00, 0x00, 0x00, 0x00,
  0x00, 0x00, 0x00, 0x00, 0x00, 0x00, 0x00, 0x00, 0x00, 0x00, 0x00, 0x00,
  0x00, 0x00, 0x00, 0x00, 0x00, 0x00, 0x00, 0x00, 0x00, 0x00, 0x00, 0x00,
  0x00, 0x00, 0x00, 0x00, 0x00, 0x00, 0x00, 0x00, 0x00, 0x00, 0x00, 0x00,
  0x00, 0x00, 0x00, 0x00, 0x00, 0x00, 0x00, 0x00, 0x00, 0x00, 0x00, 0x00,
  0x00, 0x00, 0x00, 0x00, 0x00, 0x00, 0x00, 0x00, 0x00, 0x00, 0x00, 0x00,
  0x00, 0x00, 0x00, 0x00, 0x00, 0x00, 0x00, 0x00, 0x00, 0x00, 0x00, 0x00,
  0x00, 0x00, 0x00, 0x00, 0x00, 0x00, 0x00, 0x00, 0x00, 0x00, 0x00, 0x00,
  0x00, 0x00, 0x00, 0x00, 0x00, 0x00, 0x00, 0x00, 0x00, 0x00, 0x00, 0x00,
  0x00, 0x00, 0x00, 0x00, 0x00, 0x00, 0x00, 0x00, 0x00, 0x00, 0x00, 0x00,
  0x00, 0x00, 0x00, 0x00, 0x00, 0x00, 0x00, 0x00, 0x00, 0x00, 0x00, 0x00,
  0x00, 0x00, 0x00, 0x00, 0x00, 0x00, 0x00, 0x00, 0x00, 0x00, 0x00, 0x00,
  0x00, 0x00, 0x00, 0x00, 0x00, 0x00, 0x00, 0x00, 0x00, 0x00, 0x00, 0x00,
  0x00, 0x00, 0x00, 0x00, 0x00, 0x00, 0x00, 0x00, 0x00, 0x00, 0x00, 0x00,
  0x00, 0x00, 0x00, 0x00, 0x00, 0x00, 0x00, 0x00, 0x00, 0x00, 0x00, 0x00,
  0x00, 0x00, 0x00, 0x00, 0x00, 0x00, 0x00, 0x00, 0x00, 0x00, 0x00, 0x00,
  0x00, 0x00, 0x00, 0x00, 0x00, 0x00, 0x00, 0x00, 0x00, 0x00, 0x00, 0x00,
  0x00, 0x00, 0x00, 0x00, 0x00, 0x00, 0x00, 0x00, 0x00, 0x00, 0x00, 0x00,
  0x00, 0x00, 0x00, 0x00, 0x00, 0x00, 0x00, 0x00, 0x00, 0x00, 0x00, 0x00,
  0x00, 0x00, 0x00, 0x00, 0x00, 0x00, 0x00, 0x00, 0x00, 0x00, 0x00, 0x00,
  0x00, 0x00, 0x00, 0x00, 0x00, 0x00, 0x00, 0x00, 0x00, 0x00, 0x00, 0x00,
  0x00, 0x00, 0x00, 0x00, 0x00, 0x00, 0x00, 0x00, 0x00, 0x00, 0x00, 0x00,
  0x00, 0x00, 0x00, 0x00, 0x00, 0x00, 0x00, 0x00, 0x00, 0x00, 0x00, 0x00,
  0x00, 0x00, 0x00, 0x00, 0x00, 0x00, 0x00, 0x00, 0x00, 0x00, 0x00, 0x00,
  0x00, 0x00, 0x00, 0x00, 0x00, 0x00, 0x00, 0x00, 0x00, 0x00, 0x00, 0x00,
  0x00, 0x00, 0x00, 0x00, 0x00, 0x00, 0x00, 0x00, 0x00, 0x00, 0x00, 0x00,
  0x00, 0x00, 0x00, 0x00, 0x00, 0x00, 0x00, 0x00, 0x00, 0x00, 0x00, 0x00,
  0x00, 0x00, 0x00, 0x00, 0x00, 0x00, 0x00, 0x00, 0x00, 0x00, 0x00, 0x00,
  0x00, 0x00, 0x00, 0x00, 0x00, 0x00, 0x00, 0x00, 0x00, 0x00, 0x00, 0x00,
  0x00, 0x00, 0x00, 0x00, 0x00, 0x00, 0x00, 0x00, 0x00, 0x00, 0x00, 0x00,
  0x00, 0x00, 0x00, 0x00, 0x00, 0x00, 0x00, 0x00, 0x00, 0x00, 0x00, 0x00,
  0x00, 0x00, 0x00, 0x00, 0x00, 0x00, 0x00, 0x00, 0x00, 0x00, 0x00, 0x00,
  0x00, 0x00, 0x00, 0x00, 0x00, 0x00, 0x00, 0x00, 0x00, 0x00, 0x00, 0x00,
  0x00, 0x00, 0x00, 0x00, 0x00, 0x00, 0x00, 0x00, 0x00, 0x00, 0x00, 0x00,
  0x00, 0x00, 0x00, 0x00, 0x00, 0x00, 0x00, 0x00, 0x00, 0x00, 0x00, 0x00,
  0x00, 0x00, 0x00, 0x00, 0x00, 0x00, 0x00, 0x00, 0x00, 0x00, 0x00, 0x00,
  0x00, 0x00, 0x00, 0x00, 0x00, 0x00, 0x00, 0x00, 0x00, 0x00, 0x00, 0x00,
  0x00, 0x00, 0x00, 0x00, 0x00, 0x00, 0x00, 0x00, 0x00, 0x00, 0x00, 0x00,
  0x00, 0x00, 0x00, 0x00, 0x00, 0x00, 0x00, 0x00, 0x00, 0x00, 0x00, 0x00,
  0x00, 0x00, 0x00, 0x00, 0x00, 0x00, 0x00, 0x00, 0x00, 0x00, 0x00, 0x00,
  0x00, 0x00, 0x00, 0x00, 0x00, 0x00, 0x00, 0x00, 0x00, 0x00, 0x00, 0x00,
  0x00, 0x00, 0x00, 0x00, 0x00, 0x00, 0x00, 0x00, 0x00, 0x00, 0x00, 0x00,
  0x00, 0x00, 0x00, 0x00, 0x00, 0x00, 0x00, 0x00, 0x00, 0x00, 0x00, 0x00,
  0x00, 0x00, 0x00, 0x00, 0x00, 0x00, 0x00, 0x00, 0x00, 0x00, 0x00, 0x00,
  0x00, 0x00, 0x00, 0x00, 0x00, 0x00, 0x00, 0x00, 0x00, 0x00, 0x00, 0x00,
  0x00, 0x00, 0x00, 0x00, 0x00, 0x00, 0x00, 0x00, 0x00, 0x00, 0x00, 0x00,
  0x00, 0x00, 0x00, 0x00, 0x00, 0x00, 0x00, 0x00, 0x00, 0x00, 0x00, 0x00,
  0x00, 0x00, 0x00, 0x00, 0x00, 0x00, 0x00, 0x00, 0x00, 0x00, 0x00, 0x00,
  0x00, 0x00, 0x00, 0x00, 0x00, 0x00, 0x00, 0x00, 0x00, 0x00, 0x00, 0x00,
  0x00, 0x00, 0x00, 0x00, 0x00, 0x00, 0x00, 0x00, 0x00, 0x00, 0x00, 0x00,
  0x00, 0x00, 0x00, 0x00, 0x00, 0x00, 0x00, 0x00, 0x00, 0x00, 0x00, 0x00,
  0x00, 0x00, 0x00, 0x00, 0x00, 0x00, 0x00, 0x00, 0x00, 0x00, 0x00, 0x00,
  0x00, 0x00, 0x00, 0x00, 0x00, 0x00, 0x00, 0x00, 0x00, 0x00, 0x00, 0x00,
  0x00, 0x00, 0x00, 0x00, 0x00, 0x00, 0x00, 0x00, 0x00, 0x00, 0x00, 0x00,
  0x00, 0x00, 0x00, 0x00, 0x00, 0x00, 0x00, 0x00, 0x00, 0x00, 0x00, 0x00,
  0x00, 0x00, 0x00, 0x00, 0x00, 0x00, 0x00, 0x00, 0x00, 0x00, 0x00, 0x00,
  0x00, 0x00, 0x00, 0x00, 0x00, 0x00, 0x00, 0x00, 0x00, 0x00, 0x00, 0x00,
  0x00, 0x00, 0x00, 0x00, 0x00, 0x00, 0x00, 0x00, 0x00, 0x00, 0x00, 0x00,
  0x00, 0x00, 0x00, 0x00, 0x00, 0x00, 0x00, 0x00, 0x00, 0x00, 0x00, 0x00,
  0x00, 0x00, 0x00, 0x00, 0x00, 0x00, 0x00, 0x00, 0x00, 0x00, 0x00, 0x00,
  0x00, 0x00, 0x00, 0x00, 0x00, 0x00, 0x00, 0x00, 0x00, 0x00, 0x00, 0x00,
  0x00, 0x00, 0x00, 0x00, 0x00, 0x00, 0x00, 0x00, 0x00, 0x00, 0x00, 0x00,
  0x00, 0x00, 0x00, 0x00, 0x00, 0x00, 0x00, 0x00, 0x00, 0x00, 0x00, 0x00,
  0x00, 0x00, 0x00, 0x00, 0x00, 0x00, 0x00, 0x00, 0x00, 0x00, 0x00, 0x00,
  0x00, 0x00, 0x00, 0x00, 0x00, 0x00, 0x00, 0x00, 0x00, 0x00, 0x00, 0x00,
  0x00, 0x00, 0x00, 0x00, 0x00, 0x00, 0x00, 0x00, 0x00, 0x00, 0x00, 0x00,
  0x00, 0x00, 0x00, 0x00, 0x00, 0x00, 0x00, 0x00, 0x00, 0x00, 0x00, 0x00,
  0x00, 0x00, 0x00, 0x00, 0x00, 0x00, 0x00, 0x00, 0x00, 0x00, 0x00, 0x00,
  0x00, 0x00, 0x00, 0x00, 0x00, 0x00, 0x00, 0x00, 0x00, 0x00, 0x00, 0x00,
  0x00, 0x00, 0x00, 0x00, 0x00, 0x00, 0x00, 0x00, 0x00, 0x00, 0x00, 0x00,
  0x00, 0x00, 0x00, 0x00, 0x00, 0x00, 0x00, 0x00, 0x00, 0x00, 0x00, 0x00,
  0x00, 0x00, 0x00, 0x00, 0x00, 0x00, 0x00, 0x00, 0x00, 0x00, 0x00, 0x00,
  0x00, 0x00, 0x00, 0x00, 0x00, 0x00, 0x00, 0x00, 0x00, 0x00, 0x00, 0x00,
  0x00, 0x00, 0x00, 0x00, 0x00, 0x00, 0x00, 0x00, 0x00, 0x00, 0x00, 0x00,
  0x00, 0x00, 0x00, 0x00, 0x00, 0x00, 0x00, 0x00, 0x00, 0x00, 0x00, 0x00,
  0x00, 0x00, 0x00, 0x00, 0x00, 0x00, 0x00, 0x00, 0x00, 0x00, 0x00, 0x00,
  0x00, 0x00, 0x00, 0x00, 0x00, 0x00, 0x00, 0x00, 0x00, 0x00, 0x00, 0x00,
  0x00, 0x00, 0x00, 0x00, 0x00, 0x00, 0x00, 0x00, 0x00, 0x00, 0x00, 0x00,
  0x00, 0x00, 0x00, 0x00, 0x00, 0x00, 0x00, 0x00
};

static const u8 stage5[STAGE_LENGTH] = {
  0xFF, 0xFF, 0xFF, 0xFF, 0xFF, 0xFF, 0xFF, 0xFF, 0xFF, 0xFF, 0x00, 0x00,
  0x0A, 0xB7, 0x1D, 0x40, 0xAA, 0xBF, 0xFF, 0xFF, 0x00, 0x00, 0x00, 0x5E,
  0xBA, 0x80, 0x57, 0xFF, 0xFF, 0xFA, 0x80, 0x02, 0xA5, 0x6F, 0x34, 0x02,
  0xBF, 0xFF, 0xFF, 0xFD, 0x70, 0x00, 0x00, 0x5A, 0xB8, 0x05, 0xFF, 0xFF,
  0xFF, 0xEA, 0x5C, 0x00, 0x00, 0xBC, 0x25, 0xBE, 0xFF, 0xFF, 0xFF, 0xF7,
  0xAE, 0x00, 0x00, 0x6E, 0xA0, 0x07, 0xE7, 0xFF, 0xFF, 0xFA, 0x77, 0x00,
  0x2A, 0xB4, 0x00, 0x2B, 0xC1, 0xFF, 0xFF, 0xD5, 0xA9, 0xC0, 0x01, 0x78,
  0x15, 0xFF, 0xD1, 0xFF, 0xF8, 0x00, 0x14, 0x70, 0x00, 0xDB, 0x00, 0xAF,
  0x80, 0xE3, 0x00, 0x00, 0x01, 0x38, 0x01, 0xBD, 0x41, 0xDF, 0x84, 0x80,
  0x48, 0x40, 0x08, 0x1C, 0x2A, 0xF0, 0x02, 0xFF, 0x90, 0x04, 0x02, 0x12,
  0x02, 0x4F, 0x0F, 0xC0, 0x1D, 0xFF, 0x80, 0x20, 0x10, 0x00, 0x00, 0x04,
  0x01, 0xFA, 0x36, 0xBF, 0x80, 0x80, 0x00, 0x0A, 0x80, 0x2E, 0xB7, 0xD0,
  0x03, 0xFF, 0x00, 0x00, 0x04, 0x40, 0x00, 0x07, 0x2A, 0xE0, 0x01, 0x5F,
  0x00, 0x02, 0x00, 0x02, 0x00, 0x42, 0x01, 0x68, 0x00, 0x3F, 0x00, 0x01,
  0x00, 0x90, 0x00, 0x17, 0x00, 0xF4, 0x00, 0x1E, 0x00, 0x00, 0x00, 0x00,
  0x00, 0x03, 0x81, 0x7C, 0x06, 0x3D, 0x00, 0x01, 0x00, 0x28, 0x00, 0x15,
  0xC0, 0xE7, 0x5F, 0x70, 0x40, 0x00, 0x80, 0x00, 0x40, 0x02, 0xF1, 0xC1,
  0xB1, 0x80, 0x10, 0x28, 0x00, 0x87, 0x10, 0x05, 0x1F, 0x00, 0x00, 0x00,
  0x0C, 0x44, 0x00, 0x18, 0x05, 0x0E, 0x00, 0x00, 0x00, 0x00, 0x01, 0x81,
  0x40, 0x60, 0x00, 0xF8, 0x00, 0x00, 0x00, 0x00, 0x00, 0x00, 0x3F, 0x00,
  0xCE, 0x64, 0x00, 0x00, 0x70, 0x70, 0x39, 0x5E, 0x3B, 0x5E, 0x38, 0x5E,
  0x4D, 0x5E, 0x6C, 0x5E, 0x69, 0x5E, 0x7E, 0x5E, 0x39, 0x5D, 0xE6, 0x5D,
  0x00, 0x00, 0x0C, 0x00, 0x00, 0x00, 0x00, 0x00, 0xE2, 0x64, 0x36, 0x65,
  0x0C, 0x65, 0x36, 0x65, 0xE2, 0x64, 0x14, 0x28, 0x28, 0x9E, 0x00, 0xA0,
  0x5E, 0xC8, 0x5E, 0xFA, 0x5E, 0xD1, 0x5F, 0x2B, 0x5F, 0x0C, 0x5F, 0xEA,
  0x00, 0x5B, 0x62, 0x83, 0x62, 0xBA, 0x62, 0xA4, 0x63, 0xED, 0x62, 0xD0,
  0x62, 0x01, 0x45, 0x5D, 0x6D, 0x5D, 0x96, 0x5D, 0xC0, 0x5D, 0xFE, 0xBD,
  0x98, 0x54, 0x48, 0x49, 0x53, 0x20, 0x49, 0x53, 0x20, 0x4E, 0x41, 0x4E,
  0x43, 0x59, 0x20, 0x41, 0x54, 0x20, 0x43, 0x48, 0x41, 0x53, 0x45, 0x20,
  0x48, 0x2E, 0x51, 0x2E, 0x20, 0x57, 0x45, 0x27, 0x56, 0x45, 0x20, 0x47,
  0x4F, 0x54, 0x20, 0x41, 0xCE, 0x45, 0x4D, 0x45, 0x52, 0x47, 0x45, 0x4E,
  0x43, 0x59, 0x20, 0x48, 0x45, 0x52, 0x45, 0x2E, 0x20, 0x54, 0x48, 0x45,
  0x20, 0x45, 0x41, 0x53, 0x54, 0x45, 0x52, 0x4E, 0x20, 0x42, 0x4C, 0x4F,
  0x43, 0x20, 0x53, 0x50, 0x59, 0x20, 0x46, 0x52, 0x4F, 0xCD, 0x57, 0x41,
  0x53, 0x48, 0x49, 0x4E, 0x47, 0x54, 0x4F, 0x4E, 0x20, 0x49, 0x53, 0x20,
  0x46, 0x4C, 0x45, 0x45, 0x49, 0x4E, 0x47, 0x20, 0x54, 0x4F, 0x57, 0x41,
  0x52, 0x44, 0x53, 0x20, 0x54, 0x48, 0x45, 0x20, 0x53, 0x55, 0x42, 0x55,
  0x52, 0x42, 0x53, 0xAE, 0x54, 0x48, 0x45, 0x20, 0x54, 0x41, 0x52, 0x47,
  0x45, 0x54, 0x20, 0x56, 0x45, 0x48, 0x49, 0x43, 0x4C, 0x45, 0x20, 0x49,
  0x53, 0x20, 0x55, 0x4E, 0x4B, 0x4E, 0x4F, 0x57, 0x4E, 0x2E, 0x2E, 0x2E,
  0x20, 0x4F, 0x56, 0x45, 0x52, 0xAE, 0x06, 0x06, 0x02, 0x00, 0x02, 0xF8,
  0x22, 0x59, 0x4F, 0x4B, 0x21, 0x20, 0x59, 0x4F, 0x55, 0x20, 0x41, 0x52,
  0x45, 0x20, 0x55, 0x4E, 0x44, 0x45, 0x52, 0x20, 0x41, 0x52, 0x52, 0x45,
  0x53, 0x54, 0x20, 0x4F, 0xCE, 0x06, 0x02, 0x00, 0x23, 0xF0, 0x43, 0x59,
  0x53, 0x55, 0x53, 0x50, 0x49, 0x43, 0x49, 0x4F, 0x4E, 0x20, 0x4F, 0x46,
  0x20, 0x45, 0x53, 0x50, 0x49, 0x4F, 0x4E, 0x41, 0x47, 0x45, 0x20, 0x41,
  0x4E, 0xC4, 0x2D, 0x02, 0x00, 0x2C, 0xF8, 0x6C, 0x59, 0x4D, 0x55, 0x52,
  0x44, 0x45, 0xD2, 0x03, 0x00, 0x20, 0x20, 0x72, 0x20, 0x20, 0x72, 0x6F,
  0x29, 0x50, 0xE9, 0xE1, 0x52, 0x92, 0x6F, 0x35, 0x3C, 0x8C, 0x6E, 0x71,
  0x91, 0x90, 0x5C, 0x28, 0x05, 0x7E, 0x71, 0x91, 0x74, 0x38, 0x50, 0xFF,
  0x72, 0x71, 0x91, 0x6E, 0x35, 0x46, 0xD2, 0x74, 0x71, 0x91, 0x7F, 0x10,
  0x32, 0x91, 0x6A, 0x71, 0x91, 0x6E, 0x35, 0x46, 0xCF, 0x75, 0x71, 0x91,
  0x7E, 0xBC, 0x50, 0xE9, 0xE1, 0x4D, 0x92, 0x7E, 0x9A, 0x3C, 0xF7, 0x6E,
  0x52, 0x90, 0x60, 0x90, 0x28, 0x05, 0x7E, 0x6C, 0x91, 0x7E, 0xBC, 0x50,
  0x0C, 0x73, 0x6C, 0x91, 0x84, 0xB6, 0x46, 0xDF, 0x74, 0x6C, 0x91, 0x70,
  0xE0, 0x32, 0xF6, 0x6A, 0x6C, 0x91, 0x84, 0xB6, 0x46, 0xD9, 0x75, 0x6C,
  0x91, 0xF0, 0xF0, 0xF0, 0x50, 0xFA, 0x6A, 0xE9, 0xF0, 0xF0, 0x50, 0xF2,
  0x62, 0xF3, 0xF2, 0xA2, 0xA1, 0xF0, 0xF0, 0xF0, 0xF0, 0xF0, 0x40, 0xFA,
  0xFA, 0x1A, 0xFB, 0x5B, 0xFA, 0xFA, 0x3A, 0x79, 0xF0, 0xF0, 0x90, 0x00,
  0x02, 0x13, 0x61, 0x55, 0x60, 0xF8, 0xF8, 0xA8, 0x25, 0x23, 0x11, 0x13,
  0x55, 0xF8, 0x58, 0x1B, 0x3D, 0x4B, 0x1F, 0x1D, 0x1B, 0xF8, 0x48, 0x25,
  0x13, 0x31, 0x3F, 0x1D, 0x1B, 0xF8, 0xF8, 0xF8, 0xF8, 0xF8, 0xF8, 0xF8,
  0xF8, 0xF8, 0xF8, 0xF8, 0xF8, 0xF8, 0xF8, 0xF8, 0xF8, 0xF8, 0xF8, 0xF8,
  0x38, 0x00, 0x02, 0x26, 0x61, 0x68, 0x60, 0x24, 0x03, 0x02, 0x1F, 0x34,
  0x82, 0x02, 0x9E, 0xFE, 0x00, 0x36, 0x00, 0x00, 0x02, 0x3E, 0x61, 0x7A,
  0x60, 0x14, 0x00, 0x08, 0x02, 0x00, 0x03, 0x2D, 0x00, 0x07, 0x02, 0x00,
  0x03, 0x2B, 0x00, 0x09, 0x04, 0x00, 0x03, 0x4C, 0x00, 0x0E, 0x06, 0x00,
  0x0C, 0x02, 0x00, 0x02, 0x52, 0x61, 0x92, 0x60, 0x14, 0x10, 0x14, 0x10,
  0x14, 0x10, 0x14, 0x10, 0x14, 0x10, 0x14, 0x10, 0x14, 0x10, 0x14, 0x10,
  0x14, 0x30, 0x14, 0x17, 0x14, 0x17, 0x14, 0x17, 0x14, 0x30, 0x17, 0x10,
  0x17, 0x10, 0x17, 0x10, 0x17, 0x10, 0x17, 0x10, 0x17, 0x10, 0x17, 0x10,
  0x17, 0x10, 0x17, 0x10, 0x14, 0x10, 0x14, 0x10, 0x14, 0x10, 0x14, 0x30,
  0x15, 0x10, 0x15, 0x10, 0x15, 0x10, 0x15, 0x10, 0x15, 0x10, 0x15, 0x10,
  0x15, 0x10, 0x15, 0x10, 0x15, 0x10, 0x15, 0x10, 0x15, 0x10, 0x15, 0x10,
  0x15, 0x10, 0x15, 0x10, 0x15, 0x10, 0x15, 0x10, 0x15, 0x10, 0x15, 0x10,
  0x15, 0x10, 0x15, 0x30, 0x12, 0x10, 0x12, 0x50, 0x12, 0x10, 0x12, 0x50,
  0x12, 0x10, 0x12, 0x50, 0x12, 0x10, 0x12, 0x90, 0x14, 0x10, 0x14, 0x10,
  0x14, 0x10, 0x14, 0x10, 0x14, 0x10, 0x14, 0x10, 0x14, 0x10, 0x14, 0x10,
  0x14, 0x10, 0x14, 0x10, 0x14, 0x30, 0x14, 0x30, 0x14, 0x10, 0x14, 0x30,
  0x14, 0x30, 0x14, 0x30, 0x17, 0x10, 0x17, 0x10, 0x17, 0x10, 0x17, 0x10,
  0x17, 0x10, 0x17, 0x10, 0x17, 0x10, 0x17, 0x30, 0x17, 0x10, 0x17, 0x10,
  0x00, 0x02, 0x60, 0x61, 0x9A, 0x60, 0x10, 0x15, 0x30, 0x15, 0x10, 0x15,
  0x40, 0x14, 0x10, 0x14, 0x10, 0x14, 0x10, 0x14, 0xD0, 0x14, 0x10, 0x14,
  0x10, 0x14, 0x30, 0x14, 0x30, 0x14, 0x10, 0x14, 0x10, 0x14, 0x30, 0x14,
  0x30, 0x17, 0x10, 0x17, 0x30, 0x17, 0x30, 0x17, 0x30, 0x17, 0x30, 0x17,
  0x30, 0x17, 0x30, 0x17, 0x30, 0x17, 0x10, 0x17, 0xB0, 0x12, 0x10, 0x12,
  0x50, 0x12, 0x10, 0x12, 0x50, 0x12, 0x10, 0x12, 0x50, 0x12, 0x10, 0x12,
  0x50, 0x17, 0x10, 0x17, 0x10, 0x17, 0x30, 0x17, 0x10, 0x17, 0x30, 0x17,
  0x10, 0x17, 0x10, 0x17, 0x10, 0x17, 0x10, 0x17, 0x10, 0x17, 0x10, 0x17,
  0x10, 0x14, 0x10, 0x14, 0x10, 0x14, 0x10, 0x14, 0x10, 0x14, 0x10, 0x14,
  0x10, 0x14, 0x10, 0x14, 0x30, 0x17, 0x14, 0x17, 0x14, 0x17, 0x10, 0x17,
  0x10, 0x14, 0x10, 0x14, 0x10, 0x14, 0x30, 0x14, 0x10, 0x14, 0x30, 0x00,
  0x02, 0xA3, 0x61, 0xDD, 0x60, 0xF0, 0xF0, 0xA0, 0xFA, 0xFA, 0xBA, 0xF2,
  0xF2, 0xA2, 0xFA, 0xFA, 0xFA, 0xFA, 0xF0, 0x20, 0x00, 0x00, 0xE3, 0x61,
  0xF8, 0xF8, 0xF8, 0xF8, 0xF8, 0xF8, 0xF8, 0xF8, 0xF8, 0xF8, 0xF8, 0xF8,
  0xF8, 0x38, 0x00, 0x00, 0xF8, 0x61, 0x02, 0xBD, 0x14, 0x45, 0x02, 0x59,
  0x04, 0x81, 0x02, 0xAD, 0x06, 0x00, 0x02, 0xBD, 0x4A, 0x81, 0x02, 0xAD,
  0x54, 0x00, 0x00, 0x00, 0x14, 0x62, 0x0A, 0x00, 0x0D, 0x59, 0x00, 0x00,
  0x28, 0x62, 0x20, 0xA1, 0x20, 0x14, 0x10, 0x14, 0x10, 0x14, 0x10, 0x14,
  0x10, 0x14, 0x10, 0x14, 0x10, 0x14, 0x10, 0x14, 0x30, 0x14, 0x30, 0x14,
  0x30, 0x17, 0x10, 0x17, 0x10, 0x17, 0x10, 0x17, 0x10, 0x17, 0x10, 0x17,
  0x10, 0x17, 0x10, 0x17, 0x10, 0x17, 0x10, 0x17, 0x10, 0x17, 0x90, 0x14,
  0x10, 0x14, 0x10, 0x14, 0x10, 0x14, 0x50, 0x14, 0x10, 0x14, 0x50, 0x14,
  0x10, 0x14, 0x30, 0x14, 0x20, 0x00, 0x00, 0x2D, 0x62, 0x20, 0xA1, 0xF0,
  0x30, 0x14, 0x10, 0x14, 0x10, 0x14, 0x10, 0x14, 0x10, 0x14, 0x70, 0x14,
  0x30, 0x14, 0x10, 0x14, 0xB0, 0x17, 0x10, 0x17, 0x10, 0x17, 0x10, 0x17,
  0x10, 0x17, 0x10, 0x17, 0x10, 0x17, 0x10, 0x17, 0x10, 0x17, 0x10, 0x17,
  0x10, 0x17, 0x10, 0x17, 0x10, 0x17, 0x30, 0x14, 0x30, 0x14, 0x20, 0x00,
  0x00, 0x51, 0x62, 0xC0, 0xFA, 0xFA, 0xDA, 0xF0, 0xA0, 0xF2, 0xF2, 0xF2,
  0xF2, 0x82, 0xF0, 0xF0, 0xF0, 0x50, 0x00, 0x00, 0xE3, 0x61, 0xF8, 0xF8,
  0xF8, 0xF8, 0xF8, 0xF8, 0xF8, 0xF8, 0xF8, 0xF8, 0xF8, 0x38, 0x15, 0x33,
  0x15, 0x1B, 0x3D, 0x1B, 0xF8, 0x58, 0x00, 0x00, 0xF8, 0x61, 0x28, 0x00,
  0x02, 0xBD, 0x7C, 0x81, 0x14, 0x45, 0x02, 0x59, 0x02, 0x81, 0x02, 0xAD,
  0x06, 0x00, 0x00, 0x00, 0x14, 0x62, 0x0A, 0x00, 0x0D, 0x08, 0x00, 0x08,
  0x02, 0x00, 0x03, 0x4F, 0x00, 0x00, 0x28, 0x62, 0x20, 0x12, 0x10, 0x12,
  0x10, 0x12, 0x10, 0x12, 0x10, 0x12, 0x10, 0x12, 0x10, 0x12, 0x10, 0x12,
  0x10, 0x12, 0x10, 0x12, 0x10, 0x12, 0x10, 0x12, 0xF0, 0x60, 0x12, 0x10,
  0x12, 0x10, 0x12, 0x10, 0x12, 0x10, 0x12, 0x10, 0x12, 0x10, 0x12, 0x10,
  0x12, 0x10, 0x12, 0x10, 0x12, 0x10, 0x12, 0x10, 0x12, 0x10, 0x12, 0x10,
  0x12, 0x10, 0x12, 0x10, 0x12, 0x70, 0xA1, 0x20, 0x15, 0x10, 0x15, 0x00,
  0x00, 0x2D, 0x62, 0x20, 0x12, 0x10, 0x12, 0x10, 0x12, 0x10, 0x12, 0x10,
  0x12, 0x10, 0x12, 0x10, 0x12, 0x10, 0x12, 0x10, 0x12, 0x10, 0x12, 0x10,
  0x12, 0x10, 0x12, 0xF0, 0x60, 0x12, 0x10, 0x12, 0x10, 0x12, 0x10, 0x12,
  0x10, 0x12, 0x10, 0x12, 0x10, 0x12, 0x10, 0x12, 0x10, 0x12, 0x10, 0x12,
  0x10, 0x12, 0x10, 0x12, 0x10, 0x12, 0x10, 0x12, 0x10, 0x12, 0x10, 0x12,
  0x70, 0xA1, 0x50, 0x00, 0x00, 0x51, 0x62, 0xF0, 0xF0, 0x50, 0xCA, 0x11,
  0xA2, 0x61, 0xF2, 0xF2, 0xF2, 0xF2, 0x42, 0xF1, 0xB1, 0xF0, 0xF0, 0x20,
  0x00, 0x00, 0x5C, 0x62, 0xFD, 0x3B, 0x48, 0xF1, 0x13, 0xF8, 0xD8, 0xF5,
  0x55, 0x63, 0x81, 0x23, 0x25, 0x18, 0x29, 0x4B, 0x4D, 0xBF, 0xAD, 0xBB,
  0x29, 0xF8, 0xF8, 0x78, 0x00, 0x00, 0x84, 0x62, 0x2C, 0x00, 0x02, 0xBD,
  0x0C, 0x81, 0x66, 0x45, 0x02, 0x59, 0x12, 0x81, 0x02, 0xAD, 0x04, 0x00,
  0x00, 0x00, 0xBB, 0x62, 0x5D, 0x00, 0x00, 0xD1, 0x62, 0x20, 0x17, 0x10,
  0x17, 0x10, 0x17, 0x10, 0x17, 0x10, 0x17, 0x10, 0x17, 0x10, 0x17, 0x10,
  0x17, 0x10, 0x17, 0x10, 0x17, 0x10, 0x17, 0x10, 0x17, 0x10, 0x17, 0x30,
  0xF1, 0xF1, 0xF1, 0x61, 0xC0, 0x00, 0x00, 0xEE, 0x62, 0xF0, 0xF0, 0xF0,
  0xF0, 0xF0, 0xF0, 0x30, 0x00, 0x00, 0xA5, 0x63, 0xF0, 0xF0, 0xA0, 0xFA,
  0xFA, 0xBA, 0xF0, 0x40, 0xF2, 0xF2, 0xB2, 0xF0, 0xF0, 0x90, 0xFA, 0x6A,
  0xF2, 0xA2, 0xF0, 0xF0, 0xF0, 0x90, 0xF2, 0x92, 0xF3, 0x23, 0xF2, 0xF2,
  0xF2, 0xF2, 0x22, 0xF0, 0xF0, 0xF0, 0xF0, 0x10, 0x00, 0x00, 0x5C, 0x62,
  0xF8, 0xF8, 0xF8, 0xF8, 0xF8, 0xF8, 0xF8, 0xF8, 0xC8, 0x2B, 0x4D, 0x2F,
  0x1D, 0x2B, 0x28, 0x15, 0x23, 0x81, 0x4F, 0x1D, 0x13, 0x61, 0x4F, 0x1D,
  0x1B, 0x39, 0xF8, 0xF8, 0xF8, 0xF8, 0xF8, 0xF8, 0xF8, 0x68, 0x15, 0x13,
  0x11, 0x13, 0x15, 0x1B, 0x1D, 0x1F, 0x1D, 0x1B, 0x68, 0x13, 0x21, 0x8B,
  0xF8, 0xF8, 0xD8, 0x00, 0x00, 0x84, 0x62, 0xFE, 0x00, 0x72, 0x00, 0x24,
  0x8E, 0x02, 0x9E, 0x04, 0x00, 0x02, 0xBD, 0x08, 0x81, 0x02, 0xAD, 0x16,
  0x00, 0x00, 0x00, 0xBB, 0x62, 0x0D, 0x00, 0x09, 0x04, 0x00, 0x03, 0x28,
  0x00, 0x07, 0x02, 0x00, 0x03, 0x5B, 0x00, 0x07, 0x02, 0x00, 0x03, 0x1C,
  0x00, 0x07, 0x02, 0x00, 0x03, 0x28, 0x00, 0x00, 0xD1, 0x62, 0x15, 0x10,
  0x15, 0x10, 0x15, 0x10, 0x15, 0x10, 0x15, 0x10, 0x15, 0x10, 0x15, 0x50,
  0x14, 0x10, 0x14, 0x10, 0x14, 0x30, 0x14, 0x10, 0x14, 0x30, 0x14, 0x30,
  0x14, 0x30, 0x16, 0x10, 0x16, 0x10, 0x16, 0x10, 0x16, 0x10, 0x16, 0x10,
  0x16, 0x10, 0x16, 0x10, 0x16, 0x10, 0x16, 0x10, 0x16, 0x10, 0x16, 0x10,
  0x16, 0x10, 0x16, 0x10, 0x16, 0x10, 0x16, 0x10, 0x16, 0x10, 0x16, 0x10,
  0x16, 0x30, 0x16, 0x30, 0x16, 0xF0, 0x20, 0x16, 0x10, 0x16, 0x10, 0x16,
  0x10, 0x16, 0x10, 0x16, 0x10, 0x16, 0x10, 0x16, 0x10, 0x16, 0x10, 0x16,
  0x10, 0x16, 0x10, 0x16, 0x10, 0x16, 0x10, 0x16, 0x10, 0x16, 0x10, 0x16,
  0x10, 0x16, 0x90, 0x16, 0x10, 0x16, 0x10, 0x16, 0x10, 0x16, 0x10, 0x16,
  0x10, 0x16, 0x10, 0x16, 0x10, 0x16, 0x10, 0x16, 0x10, 0x16, 0x10, 0x16,
  0x10, 0x16, 0x10, 0x16, 0x10, 0x16, 0x10, 0x16, 0x10, 0x16, 0x10, 0x16,
  0x10, 0x16, 0x10, 0x16, 0x10, 0x16, 0x10, 0x16, 0x10, 0x16, 0x10, 0x16,
  0x10, 0x16, 0x10, 0x16, 0x10, 0x16, 0x10, 0x16, 0x10, 0x16, 0x10, 0x16,
  0x10, 0x16, 0x10, 0x16, 0x50, 0x14, 0x10, 0x14, 0x10, 0x14, 0x10, 0x14,
  0x10, 0x15, 0x10, 0x15, 0x10, 0x15, 0x10, 0x15, 0x10, 0x00, 0x00, 0xEE,
  0x62, 0x60, 0x14, 0x10, 0x14, 0x10, 0x14, 0x10, 0x14, 0x50, 0x16, 0x10,
  0x16, 0x10, 0x16, 0x10, 0x16, 0x10, 0x16, 0x10, 0x16, 0x10, 0x16, 0x10,
  0x16, 0x10, 0x16, 0x10, 0x16, 0x10, 0x16, 0x10, 0x16, 0x10, 0x16, 0x10,
  0x16, 0x10, 0x16, 0x10, 0x16, 0x10, 0x16, 0xF0, 0xC0, 0x16, 0x10, 0x16,
  0x10, 0x16, 0x10, 0x16, 0x10, 0x16, 0x10, 0x16, 0x10, 0x16, 0x10, 0x16,
  0x10, 0x16, 0x10, 0x16, 0x10, 0x16, 0x10, 0x16, 0x10, 0x16, 0x10, 0x16,
  0x10, 0x16, 0x10, 0x16, 0x10, 0x16, 0x10, 0x16, 0x10, 0x16, 0x10, 0x16,
  0x10, 0x16, 0x10, 0x16, 0x10, 0x16, 0x10, 0x16, 0x10, 0x16, 0x10, 0x16,
  0xF0, 0xF0, 0xF0, 0x20, 0x14, 0x10, 0x14, 0x30, 0x14, 0x50, 0x16, 0x10,
  0x16, 0x10, 0x16, 0x10, 0x16, 0x10, 0x16, 0x10, 0x16, 0x10, 0x16, 0x10,
  0x16, 0x10, 0x16, 0x10, 0x16, 0x10, 0x16, 0x50, 0x14, 0x10, 0x14, 0x30,
  0x14, 0x10, 0x00, 0x00, 0xA5, 0x63, 0xFF, 0xFF, 0xFF, 0xFF, 0xFF, 0xBE,
  0xEE, 0xA9, 0xFF, 0xB6, 0xCD, 0xF5, 0xFF, 0x7D, 0xD7, 0x65, 0xFF, 0xE6,
  0x7A, 0x79, 0xFF, 0xC0, 0x01, 0xED, 0xFF, 0xA0, 0x00, 0xFD, 0xFF, 0xC0,
  0x01, 0x7D, 0xFF, 0x80, 0x00, 0xB9, 0xFF, 0xC0, 0x00, 0x79, 0xFF, 0xA0,
  0x00, 0xB9, 0xFF, 0xC0, 0x3C, 0x79, 0xFF, 0xF0, 0xFE, 0x71, 0xFF, 0xF0,
  0xE1, 0x71, 0xFE, 0x18, 0xFC, 0x79, 0xFC, 0xFC, 0xDA, 0x35, 0xFF, 0xDC,
  0x40, 0x15, 0xFD, 0x38, 0x70, 0x35, 0xFC, 0xDC, 0x60, 0x15, 0xB8, 0x38,
  0x10, 0x35, 0xBD, 0x70, 0x18, 0x19, 0xBE, 0xBC, 0x7C, 0x19, 0xFF, 0xFF,
  0xCC, 0x11, 0xBF, 0xFE, 0x06, 0x11, 0xBF, 0xFD, 0x06, 0x91, 0x9F, 0xFF,
  0xE2, 0xA1, 0x9F, 0xFC, 0x1A, 0xA1, 0x9F, 0xF8, 0x02, 0x21, 0x9F, 0xFF,
  0xE0, 0x21, 0x8F, 0xF7, 0xB0, 0x21, 0x8F, 0xE8, 0x00, 0x21, 0x87, 0xF4,
  0x00, 0x31, 0x87, 0xF8, 0x04, 0x79, 0x8F, 0xFD, 0x58, 0x5D, 0x9F, 0xFF,
  0xE0, 0xBD, 0xBE, 0xFE, 0x83, 0xBF, 0xB7, 0xFD, 0x5D, 0xAF, 0xFF, 0x7F,
  0xE1, 0x7F, 0xFD, 0xB8, 0x02, 0xFD, 0xF7, 0xFF, 0xFF, 0xDF, 0x70, 0x30,
  0x70, 0x68, 0x30, 0x30, 0x70, 0x38, 0x30, 0x30, 0x70, 0x38, 0x68, 0x70,
  0x70, 0x68, 0x68, 0x38, 0x70, 0x78, 0x06, 0x00, 0x1E, 0x60, 0x65, 0x60,
  0x65, 0x05, 0x00, 0x16, 0x14, 0x66, 0x14, 0x66, 0x03, 0x00, 0x0F, 0x82,
  0x66, 0x82, 0x66, 0x03, 0x00, 0x0F, 0x82, 0x66, 0x82, 0x66, 0x03, 0x01,
  0x08, 0xAF, 0x66, 0xAF, 0x66, 0x03, 0x01, 0x08, 0xAF, 0x66, 0xDF, 0x66,
  0x06, 0x00, 0x27, 0x0F, 0x67, 0x0F, 0x67, 0x05, 0x00, 0x1D, 0xF9, 0x67,
  0xF9, 0x67, 0x03, 0x00, 0x14, 0x8A, 0x68, 0x8A, 0x68, 0x03, 0x00, 0x14,
  0x8A, 0x68, 0x8A, 0x68, 0x02, 0x01, 0x0C, 0xC6, 0x68, 0xF6, 0x68, 0x02,
  0x01, 0x0C, 0xC6, 0x68, 0xF6, 0x68, 0x06, 0x00, 0x1E, 0x26, 0x69, 0x26,
  0x69, 0x04, 0x00, 0x14, 0xDA, 0x69, 0xDA, 0x69, 0x03, 0x00, 0x0D, 0x2A,
  0x6A, 0x2A, 0x6A, 0x03, 0x00, 0x0D, 0x2A, 0x6A, 0x2A, 0x6A, 0x02, 0x01,
  0x08, 0x51, 0x6A, 0x51, 0x6A, 0x02, 0x01, 0x08, 0x51, 0x6A, 0x71, 0x6A,
  0x07, 0xFF, 0xFF, 0xFF, 0xFF, 0xF0, 0x3F, 0xFF, 0xFF, 0xFF, 0xFF, 0xFE,
  0x7F, 0xFF, 0xFF, 0xFF, 0xFF, 0xFF, 0x7E, 0x5F, 0xFF, 0xFF, 0xFD, 0x3F,
  0x79, 0xFF, 0xFF, 0xFF, 0xFF, 0xCF, 0x3B, 0xFF, 0xFF, 0xFF, 0xFF, 0xEE,
  0x1E, 0xAB, 0xAA, 0xAA, 0xEA, 0xBC, 0x14, 0x07, 0xFF, 0xFF, 0xF0, 0x14,
  0x22, 0xBF, 0x6F, 0xFE, 0xDE, 0xA2, 0x2F, 0xFE, 0x4E, 0xAC, 0x9F, 0xFA,
  0x3F, 0xFF, 0xFD, 0x57, 0xFF, 0xFE, 0x3F, 0xF7, 0xA4, 0x0A, 0xFF, 0xFE,
  0x37, 0x2A, 0x80, 0x00, 0xBF, 0xFE, 0x2A, 0x57, 0x00, 0x00, 0x61, 0xFE,
  0x22, 0xFF, 0x55, 0x55, 0x5E, 0x7E, 0x25, 0xC3, 0xAA, 0xAA, 0xA1, 0x9A,
  0x57, 0x29, 0xFF, 0xFF, 0xCA, 0x6D, 0x6C, 0x01, 0x2A, 0xAA, 0x40, 0x1B,
  0x74, 0x01, 0x35, 0x56, 0x40, 0x1F, 0x77, 0x55, 0xFF, 0xFF, 0xD5, 0x7F,
  0x39, 0xC3, 0x80, 0x00, 0xE1, 0xDE, 0x08, 0x7F, 0xEA, 0xAB, 0xFF, 0x08,
  0x0D, 0x03, 0xFF, 0xFF, 0xE0, 0x58, 0x03, 0xB1, 0x55, 0x55, 0x46, 0xE0,
  0x38, 0xFF, 0xE0, 0x03, 0xFF, 0x8E, 0x4C, 0x75, 0x7F, 0xFF, 0x57, 0x19,
  0x5F, 0xFF, 0xFF, 0xFF, 0xFF, 0xFD, 0x48, 0x00, 0x00, 0x00, 0x00, 0x09,
  0x67, 0xFF, 0xFF, 0xFF, 0xFF, 0xF3, 0x1C, 0x00, 0x00, 0x00, 0x00, 0x1C,
  0x07, 0xFF, 0xFF, 0xFF, 0xE0, 0x3F, 0xFF, 0xFF, 0xFF, 0xF8, 0x3F, 0xFF,
  0xFF, 0xFF, 0xFC, 0x32, 0xFF, 0xFF, 0xFE, 0x9C, 0x37, 0xFF, 0xFF, 0xFF,
  0xD8, 0x18, 0x1F, 0xFF, 0xF0, 0x30, 0x25, 0x7B, 0x7F, 0x6D, 0x48, 0x2F,
  0xF2, 0x66, 0x4F, 0xE8, 0x3F, 0x5F, 0xC3, 0xFF, 0xF8, 0x36, 0x25, 0x01,
  0x5F, 0xF8, 0x28, 0x78, 0x00, 0x3F, 0xF8, 0x21, 0x8D, 0x55, 0x63, 0xA8,
  0x16, 0x2F, 0xFF, 0xE8, 0xD4, 0x34, 0x09, 0x55, 0x20, 0x7C, 0x37, 0x1F,
  0xFF, 0xF1, 0xFC, 0x08, 0xFE, 0xAA, 0xFE, 0x10, 0x06, 0x0F, 0xFF, 0xF0,
  0x60, 0x03, 0x6F, 0x49, 0x76, 0xC0, 0x24, 0xDB, 0xFF, 0xDB, 0x24, 0x2F,
  0xFF, 0xFF, 0xFF, 0xF4, 0x37, 0xFF, 0xFF, 0xFF, 0xEC, 0x18, 0x00, 0x00,
  0x00, 0x30, 0x7F, 0xFF, 0xFE, 0xE7, 0xFF, 0xE7, 0xDF, 0xFF, 0xFB, 0x63,
  0xFF, 0xC6, 0xDF, 0x5A, 0xFA, 0xFF, 0xE7, 0xFF, 0xCF, 0x00, 0x7F, 0x99,
  0xFF, 0x9F, 0xA1, 0x00, 0x87, 0xBB, 0xFF, 0xDF, 0x66, 0xFF, 0x76, 0x11,
  0xA5, 0xB8, 0xEA, 0xFF, 0xF7, 0xBF, 0xFF, 0xFD, 0x60, 0x00, 0x06, 0x00,
  0xFF, 0x01, 0xFE, 0xFF, 0x00, 0x80, 0x7F, 0x03, 0xFC, 0xFF, 0x00, 0x00,
  0xDD, 0x01, 0x5E, 0xFF, 0x00, 0x00, 0xB7, 0x01, 0xEE, 0xFF, 0x00, 0x00,
  0xA6, 0x01, 0xA6, 0xFF, 0x00, 0x80, 0x5F, 0x03, 0xFC, 0xFF, 0x00, 0x40,
  0xBA, 0x05, 0xBA, 0xFF, 0x00, 0x00, 0xFF, 0x01, 0xFE, 0xFF, 0x00, 0xF0,
  0x0F, 0x00, 0xFF, 0x1F, 0xE0, 0xF8, 0x07, 0x00, 0xFF, 0x3F, 0xC0, 0xF0,
  0x0D, 0x00, 0xD5, 0x1F, 0xE0, 0xF0, 0x0B, 0x00, 0x7E, 0x1F, 0xE0, 0xF0,
  0x0A, 0x00, 0x6A, 0x1F, 0x60, 0xF8, 0x05, 0x00, 0xFF, 0x3F, 0xC0, 0xF4,
  0x0B, 0x00, 0xAB, 0x5F, 0xA0, 0xF0, 0x0F, 0x00, 0xFF, 0x1F, 0xE0, 0x0F,
  0xFF, 0xFF, 0xFF, 0xFF, 0xF0, 0x1F, 0xFF, 0xFF, 0xFF, 0xFF, 0xF8, 0x7F,
  0xFF, 0xFF, 0xFF, 0xFF, 0xFE, 0x7C, 0xAF, 0xFF, 0xFF, 0xF5, 0x3E, 0x79,
  0x7F, 0xFF, 0xFF, 0xFE, 0x9E, 0x7B, 0xFF, 0xC0, 0x01, 0xFF, 0xDE, 0x3B,
  0xFF, 0xC0, 0x01, 0xFF, 0xDC, 0x3B, 0xF8, 0xE0, 0x03, 0x8F, 0xDC, 0x1B,
  0xF5, 0xD5, 0x55, 0xD7, 0xD8, 0x0F, 0xFF, 0xFF, 0xFF, 0xFF, 0xF0, 0x1F,
  0xFF, 0xFF, 0xFF, 0xFF, 0xF8, 0x10, 0x00, 0x00, 0x00, 0x00, 0x08, 0x2A,
  0xBF, 0xFF, 0xFF, 0xFD, 0x54, 0x35, 0x45, 0x55, 0x55, 0x52, 0xAC, 0x2E,
  0x00, 0x00, 0x00, 0x00, 0x74, 0x3C, 0x00, 0x00, 0x00, 0x00, 0x3C, 0x46,
  0x00, 0x00, 0x00, 0x00, 0x62, 0x44, 0x00, 0x00, 0x00, 0x00, 0x22, 0x46,
  0x00, 0x00, 0x00, 0x00, 0x62, 0x3E, 0xAA, 0xAA, 0xAA, 0xAA, 0xBE, 0x47,
  0xFF, 0xFF, 0xFF, 0xFF, 0xE2, 0x40, 0x00, 0x00, 0x00, 0x00, 0x02, 0x40,
  0x00, 0x00, 0x00, 0x00, 0x02, 0x3F, 0xFF, 0xFF, 0xFF, 0xFF, 0xFC, 0x1E,
  0x6A, 0xAB, 0xAA, 0xAA, 0x78, 0x03, 0xBF, 0xFF, 0xFF, 0xFD, 0xC0, 0x03,
  0xC0, 0xC1, 0x83, 0x03, 0xC0, 0x06, 0x3F, 0x3E, 0x7C, 0xFC, 0x60, 0x0B,
  0xAB, 0x2A, 0x54, 0xD5, 0xD0, 0x09, 0x5F, 0x3E, 0x7C, 0xFA, 0x90, 0x11,
  0x5F, 0x3E, 0x7C, 0xFA, 0x88, 0x11, 0x5F, 0x3E, 0x7C, 0xFA, 0x88, 0x11,
  0x2F, 0x3E, 0x7C, 0xF4, 0x88, 0x11, 0xAF, 0x3E, 0x7C, 0xF5, 0x88, 0x0A,
  0x6F, 0x3E, 0x7C, 0xF6, 0x50, 0x07, 0x97, 0x3E, 0x7C, 0xE9, 0xE0, 0x00,
  0x70, 0x00, 0x00, 0x0E, 0x00, 0x00, 0x08, 0x00, 0x00, 0x10, 0x00, 0x00,
  0x07, 0xFF, 0xFF, 0xE0, 0x00, 0x07, 0xFF, 0xFF, 0xFF, 0xE0, 0x0F, 0xFF,
  0xFF, 0xFF, 0xF0, 0x1F, 0xFF, 0xFF, 0xFF, 0xFC, 0x1D, 0x7F, 0xFF, 0xFE,
  0xBC, 0x1B, 0xFF, 0x00, 0x7F, 0xDC, 0x1B, 0xF3, 0x00, 0x67, 0xD8, 0x0B,
  0xEF, 0xA2, 0xFB, 0xD0, 0x07, 0xFF, 0xFF, 0xFF, 0xE0, 0x08, 0x00, 0x00,
  0x00, 0x10, 0x16, 0xBF, 0xFF, 0xFD, 0x68, 0x15, 0x40, 0x00, 0x02, 0xA8,
  0x1C, 0x00, 0x00, 0x00, 0x38, 0x22, 0x00, 0x00, 0x00, 0x44, 0x22, 0x00,
  0x00, 0x00, 0x44, 0x3E, 0xAA, 0xA5, 0x55, 0x3C, 0x20, 0x00, 0x00, 0x00,
  0x04, 0x20, 0x00, 0x00, 0x00, 0x04, 0x1F, 0xFF, 0xFF, 0xFF, 0xF8, 0x03,
  0xBF, 0xFF, 0xFD, 0xC0, 0x03, 0xC2, 0x18, 0x43, 0xC0, 0x07, 0x95, 0xA5,
  0xA9, 0xE0, 0x05, 0x3D, 0xE7, 0xBC, 0xA0, 0x09, 0x3D, 0xE7, 0xBC, 0x90,
  0x09, 0x5D, 0xE7, 0xBA, 0x90, 0x09, 0xDD, 0xE7, 0xBB, 0x90, 0x03, 0xAD,
  0xE7, 0xB5, 0xC0, 0x00, 0x60, 0x00, 0x06, 0x00, 0x00, 0x10, 0x00, 0x08,
  0x00, 0x00, 0x0F, 0xFF, 0xF0, 0x00, 0x7F, 0xFF, 0xFE, 0xEF, 0xFF, 0xF7,
  0xDF, 0x81, 0xFB, 0x5E, 0xC3, 0x7A, 0x3F, 0xFF, 0xFC, 0x40, 0x00, 0x02,
  0x7F, 0xFF, 0xFF, 0xA8, 0x00, 0x15, 0xA0, 0x00, 0x05, 0x6A, 0xAA, 0xAE,
  0x80, 0x00, 0x01, 0x7F, 0xFF, 0xFE, 0x1C, 0x00, 0x18, 0x11, 0xB6, 0xC4,
  0x2D, 0xB6, 0xDA, 0x29, 0xB6, 0xCA, 0x29, 0xB6, 0xCA, 0x1E, 0xB6, 0xBC,
  0x01, 0x00, 0x40, 0x00, 0xFF, 0x80, 0x00, 0xFF, 0x07, 0xF8, 0x00, 0xDF,
  0x07, 0xD8, 0x00, 0xF8, 0x07, 0xF8, 0x00, 0xAA, 0x07, 0xA8, 0x00, 0x80,
  0x07, 0x08, 0x00, 0x80, 0x07, 0x08, 0x00, 0xEA, 0x07, 0xB8, 0x80, 0x55,
  0x0F, 0x50, 0x00, 0x95, 0x07, 0x48, 0x00, 0xD5, 0x07, 0x58, 0x80, 0x60,
  0x0F, 0x30, 0xE0, 0x1F, 0x3F, 0xC0, 0xE0, 0x1F, 0x00, 0xFF, 0xE0, 0x1B,
  0x00, 0xFB, 0xE0, 0x1F, 0x00, 0x1F, 0xE0, 0x15, 0x00, 0x55, 0xE0, 0x10,
  0x00, 0x01, 0xE0, 0x10, 0x00, 0x01, 0xE0, 0x1D, 0x00, 0x57, 0xF0, 0x0A,
  0x01, 0xAA, 0xE0, 0x12, 0x00, 0xA9, 0xE0, 0x1A, 0x00, 0xAB, 0xF0, 0x0C,
  0x01, 0x06, 0xFC, 0x03, 0x07, 0xF8, 0x07, 0xFF, 0xFF, 0xFF, 0xFF, 0xF0,
  0x3F, 0xFF, 0xFF, 0xFF, 0xFF, 0xFE, 0x3E, 0x57, 0xFF, 0xFF, 0xF5, 0x3E,
  0x7D, 0xFF, 0xFF, 0xFF, 0xFF, 0xDF, 0x7D, 0x2A, 0xAA, 0xAA, 0xAA, 0x5F,
  0x7C, 0x50, 0x1F, 0xFE, 0x05, 0x1F, 0x3B, 0xFF, 0xF0, 0x03, 0xFF, 0xEE,
  0x35, 0x55, 0x50, 0x03, 0x55, 0x56, 0x6A, 0x00, 0x10, 0x02, 0x00, 0x2B,
  0x40, 0x00, 0x1F, 0xFE, 0x00, 0x01, 0x40, 0x00, 0x00, 0x00, 0x00, 0x01,
  0x42, 0xAA, 0xAA, 0xAA, 0xAA, 0xA1, 0x2F, 0xFF, 0x01, 0xC0, 0x7F, 0xFA,
  0x29, 0xF7, 0x03, 0x80, 0x77, 0xCA, 0x2B, 0xAB, 0x01, 0xC0, 0x6A, 0xEA,
  0x29, 0xD5, 0x55, 0x55, 0x55, 0xCA, 0x25, 0xA3, 0xFF, 0xFF, 0xE2, 0xD2,
  0x13, 0xFF, 0xFF, 0xFF, 0xFF, 0xE4, 0x10, 0x00, 0x00, 0x00, 0x00, 0x04,
  0x12, 0x80, 0x00, 0x00, 0x00, 0x24, 0x14, 0x3F, 0xFF, 0xFF, 0xFE, 0x14,
  0x17, 0x2A, 0xAA, 0xAA, 0xAA, 0x74, 0x1D, 0x95, 0x55, 0x55, 0x54, 0xDC,
  0x1F, 0xFF, 0xFF, 0xFF, 0xFF, 0xFC, 0x10, 0x00, 0x00, 0x00, 0x00, 0x04,
  0x10, 0x00, 0x00, 0x00, 0x00, 0x04, 0x0F, 0xFF, 0xFF, 0xFF, 0xFF, 0xF8,
  0x00, 0x08, 0x00, 0x00, 0x08, 0x00, 0x00, 0x06, 0x00, 0x00, 0x30, 0x00,
  0x00, 0x01, 0xFF, 0xFF, 0xC0, 0x00, 0x3F, 0xFF, 0xFF, 0xFC, 0x72, 0xFF,
  0xFE, 0x9E, 0xEF, 0xFF, 0xFF, 0xEF, 0xFA, 0xAF, 0xEA, 0xAF, 0x55, 0x58,
  0x35, 0x52, 0x80, 0x08, 0x20, 0x01, 0x80, 0x00, 0x00, 0x01, 0x9D, 0xB6,
  0xDB, 0x69, 0xAF, 0xE0, 0x0F, 0xF5, 0xAA, 0x60, 0x0C, 0xB5, 0x9A, 0x7F,
  0xFC, 0xB9, 0x4F, 0xFF, 0xFF, 0xF2, 0x40, 0x00, 0x00, 0x02, 0x63, 0xFF,
  0xFF, 0x86, 0x79, 0xB6, 0xDB, 0x9E, 0x7F, 0xFF, 0xFF, 0xFE, 0x40, 0x00,
  0x00, 0x02, 0x3F, 0xFF, 0xFF, 0xFC, 0x00, 0xC0, 0x06, 0x00, 0x00, 0x3F,
  0xF8, 0x00, 0x1F, 0xFF, 0xFC, 0x71, 0xFF, 0xC6, 0x6A, 0xBE, 0xAB, 0x40,
  0x00, 0x01, 0x47, 0xFF, 0xF1, 0x5F, 0x88, 0xFD, 0x48, 0x88, 0x89, 0x5F,
  0xFF, 0xFD, 0x30, 0x00, 0x02, 0x39, 0xFF, 0xCE, 0x27, 0x55, 0x72, 0x1F,
  0xFF, 0xFC, 0x01, 0xFF, 0xC0, 0x00, 0xFF, 0x07, 0xF8, 0x00, 0xCF, 0x07,
  0x98, 0x80, 0x6A, 0x0F, 0xB0, 0x00, 0xB8, 0x07, 0xE8, 0x00, 0xFF, 0x07,
  0xF8, 0x00, 0x80, 0x07, 0x08, 0x80, 0x6A, 0x0F, 0xB0, 0xC0, 0x3F, 0x3F,
  0xC0, 0xE0, 0x1F, 0x00, 0xFF, 0xE0, 0x19, 0x00, 0xF3, 0xF0, 0x0D, 0x01,
  0x56, 0xE0, 0x17, 0x00, 0x1D, 0xE0, 0x1F, 0x00, 0xFF, 0xE0, 0x10, 0x00,
  0x01, 0xF0, 0x0D, 0x01, 0x56, 0xF8, 0x07, 0x07, 0xF8, 0x02, 0x9E, 0x6A,
  0x05, 0xB4, 0x6A, 0x02, 0xCA, 0x6A, 0x02, 0xE0, 0x6A, 0x01, 0x5B, 0x6B,
  0x00, 0x17, 0x00, 0x17, 0x00, 0x33, 0x00, 0x33, 0x00, 0x4F, 0x00, 0x4F,
  0xF8, 0x6B, 0xF8, 0x6B, 0xF8, 0x87, 0xF8, 0x87, 0x5B, 0x6B, 0x10, 0x10,
  0x10, 0x10, 0x10, 0x2C, 0x10, 0x2C, 0x10, 0x48, 0x10, 0x48, 0x08, 0x64,
  0x08, 0x64, 0x08, 0x80, 0x08, 0x80, 0x5B, 0x6B, 0x08, 0x09, 0x08, 0x09,
  0x10, 0x25, 0x10, 0x25, 0x08, 0x41, 0x08, 0x41, 0x00, 0x5D, 0x00, 0x5D,
  0x00, 0x79, 0x00, 0x79, 0x5B, 0x6B, 0x18, 0x02, 0x18, 0x02, 0x18, 0x1E,
  0x18, 0x1E, 0x10, 0x3A, 0x10, 0x3A, 0x08, 0x56, 0x08, 0x56, 0x08, 0x72,
  0x08, 0x72, 0x02, 0x03, 0x6B, 0x05, 0x19, 0x6B, 0x02, 0x2F, 0x6B, 0x02,
  0x45, 0x6B, 0x01, 0xE7, 0x6B, 0x08, 0x17, 0x08, 0x17, 0x08, 0x33, 0x08,
  0x33, 0x00, 0x4F, 0x00, 0x4F, 0x00, 0x6B, 0x00, 0x6B, 0x00, 0x87, 0x00,
  0x87, 0xE7, 0x6B, 0x10, 0x10, 0x10, 0x10, 0x10, 0x2C, 0x10, 0x2C, 0x08,
  0x48, 0x08, 0x48, 0x08, 0x64, 0x08, 0x64, 0x08, 0x80, 0x08, 0x80, 0xE7,
  0x6B, 0x10, 0x09, 0x10, 0x09, 0x18, 0x25, 0x18, 0x25, 0x08, 0x41, 0x08,
  0x41, 0x08, 0x5D, 0x08, 0x5D, 0x08, 0x79, 0x08, 0x79, 0xE7, 0x6B, 0x20,
  0x02, 0x20, 0x02, 0x20, 0x1E, 0x20, 0x1E, 0x10, 0x3A, 0x10, 0x3A, 0x10,
  0x56, 0x10, 0x56, 0x10, 0x72, 0x10, 0x72, 0x05, 0x02, 0x08, 0x73, 0x6C,
  0x73, 0x6C, 0x07, 0x02, 0x08, 0x9B, 0x6C, 0x9B, 0x6C, 0x07, 0x00, 0x08,
  0xF0, 0x6D, 0xF0, 0x6D, 0x08, 0x02, 0x08, 0x0B, 0x6D, 0x0B, 0x6D, 0x03,
  0x02, 0x04, 0x4B, 0x6D, 0x4B, 0x6D, 0x04, 0x02, 0x04, 0x57, 0x6D, 0x57,
  0x6D, 0x05, 0x00, 0x06, 0x28, 0x6E, 0x28, 0x6E, 0x06, 0x02, 0x06, 0x8A,
  0x6D, 0x8A, 0x6D, 0x02, 0x02, 0x04, 0xAE, 0x6D, 0xAE, 0x6D, 0x03, 0x02,
  0x03, 0xB6, 0x6D, 0xB6, 0x6D, 0x03, 0x00, 0x04, 0x46, 0x6E, 0x46, 0x6E,
  0x04, 0x02, 0x04, 0xCB, 0x6D, 0xCB, 0x6D, 0x01, 0x02, 0x03, 0xDB, 0x6D,
  0xDB, 0x6D, 0x02, 0x02, 0x03, 0xDE, 0x6D, 0xDE, 0x6D, 0x02, 0x00, 0x03,
  0x52, 0x6E, 0x52, 0x6E, 0x03, 0x02, 0x02, 0xEA, 0x6D, 0xEA, 0x6D, 0x01,
  0x03, 0x01, 0x58, 0x6E, 0x72, 0x6E, 0x02, 0x03, 0x01, 0x5A, 0x6E, 0x74,
  0x6E, 0x02, 0x01, 0x02, 0x5E, 0x6E, 0x78, 0x6E, 0x03, 0x03, 0x02, 0x66,
  0x6E, 0x80, 0x6E, 0x05, 0x00, 0x08, 0x73, 0x6C, 0x73, 0x6C, 0x07, 0x00,
  0x08, 0x9B, 0x6C, 0x9B, 0x6C, 0x07, 0x00, 0x08, 0xD3, 0x6C, 0xD3, 0x6C,
  0x08, 0x00, 0x08, 0x0B, 0x6D, 0x0B, 0x6D, 0x03, 0x00, 0x04, 0x4B, 0x6D,
  0x4B, 0x6D, 0x04, 0x00, 0x04, 0x57, 0x6D, 0x57, 0x6D, 0x05, 0x00, 0x06,
  0x6C, 0x6D, 0x6C, 0x6D, 0x06, 0x00, 0x06, 0x8A, 0x6D, 0x8A, 0x6D, 0x02,
  0x00, 0x04, 0xAE, 0x6D, 0xAE, 0x6D, 0x03, 0x00, 0x03, 0xB6, 0x6D, 0xB6,
  0x6D, 0x03, 0x00, 0x04, 0xBF, 0x6D, 0xBF, 0x6D, 0x04, 0x00, 0x04, 0xCB,
  0x6D, 0xCB, 0x6D, 0x01, 0x00, 0x03, 0xDB, 0x6D, 0xDB, 0x6D, 0x02, 0x00,
  0x03, 0xDE, 0x6D, 0xDE, 0x6D, 0x02, 0x00, 0x03, 0xE4, 0x6D, 0xE4, 0x6D,
  0x03, 0x00, 0x02, 0xEA, 0x6D, 0xEA, 0x6D, 0x01, 0x01, 0x01, 0x58, 0x6E,
  0x72, 0x6E, 0x02, 0x01, 0x01, 0x5A, 0x6E, 0x74, 0x6E, 0x02, 0x01, 0x02,
  0x5E, 0x6E, 0x78, 0x6E, 0x03, 0x01, 0x02, 0x66, 0x6E, 0x80, 0x6E, 0xFF,
  0xFF, 0xFE, 0xFF, 0x5E, 0xDF, 0xBF, 0x7F, 0xFB, 0x30, 0xF7, 0x7E, 0xFD,
  0xF4, 0x60, 0xAB, 0xFF, 0x79, 0xDF, 0xC0, 0xF7, 0xDE, 0xF3, 0x30, 0x00,
  0xD2, 0xFD, 0xAF, 0xC0, 0x00, 0xF8, 0x71, 0xF8, 0x00, 0x00, 0xFF, 0xFE,
  0x00, 0x00, 0x00, 0xAF, 0xFF, 0xFF, 0xFF, 0xEF, 0x78, 0xCC, 0x9F, 0x7D,
  0xFE, 0xFE, 0xF7, 0x6D, 0x90, 0xBE, 0xFF, 0xFB, 0xFF, 0xEE, 0x71, 0xE0,
  0x9F, 0x7F, 0x7E, 0xFE, 0xF5, 0x66, 0x00, 0xCE, 0xFF, 0xFF, 0xFF, 0xEE,
  0xF8, 0x00, 0xDF, 0xFD, 0xFD, 0xFB, 0xEC, 0xC0, 0x00, 0xAF, 0xBF, 0x7F,
  0xFE, 0xDE, 0xC0, 0x00, 0xDE, 0xFF, 0xFF, 0xFF, 0xED, 0x80, 0x00, 0xAF,
  0xFF, 0xFF, 0xFF, 0xEF, 0x7E, 0x7B, 0x9F, 0x7D, 0xFE, 0xFE, 0xF7, 0x6C,
  0x71, 0xBE, 0xFF, 0xFB, 0xFF, 0xEE, 0x7E, 0x69, 0x9F, 0x7F, 0x7E, 0xFE,
  0xF5, 0x7A, 0x71, 0xCE, 0xFF, 0xFF, 0xFF, 0xEE, 0xF0, 0x61, 0xDF, 0xFD,
  0xFD, 0xFB, 0xEC, 0xDC, 0xEA, 0xAF, 0xBF, 0x7F, 0xFE, 0xDE, 0xFA, 0xD2,
  0xDE, 0xFF, 0xFF, 0xFF, 0xED, 0xD4, 0xE2, 0xFF, 0xFF, 0xFF, 0xFF, 0xFF,
  0xFF, 0xFF, 0xFF, 0x9F, 0xBF, 0xEE, 0xBA, 0xB5, 0x0F, 0x33, 0x69, 0x9D,
  0xDE, 0xFF, 0x7C, 0xFA, 0x1E, 0x6B, 0xD1, 0xCB, 0xFF, 0xFF, 0xFA, 0xD0,
  0x74, 0xF3, 0x62, 0xC5, 0xDB, 0x7E, 0xF5, 0xF8, 0xFA, 0xC6, 0xBA, 0xA3,
  0xBF, 0xFD, 0xF9, 0xD1, 0xBC, 0xE7, 0x06, 0xBF, 0xFE, 0xF7, 0xF3, 0xE3,
  0x69, 0x3C, 0x3C, 0x9F, 0xFF, 0xFF, 0xCF, 0xFE, 0xB2, 0x71, 0xC0, 0xDF,
  0xF7, 0x6F, 0xCE, 0xCC, 0xD8, 0xA3, 0xFF, 0xE0, 0xFF, 0xE0, 0x00, 0xBF,
  0xDF, 0x7F, 0xDB, 0xBB, 0xFD, 0xFF, 0x96, 0xFF, 0xFF, 0xBF, 0x38, 0xAF,
  0x73, 0xFC, 0x60, 0x00, 0x00, 0x00, 0x00, 0x00, 0xDB, 0xFF, 0xFF, 0xD5,
  0xA6, 0xBB, 0xDF, 0xFE, 0xE5, 0x45, 0xBD, 0xFF, 0xBE, 0xED, 0xE5, 0x9B,
  0xDF, 0xFF, 0xDB, 0x85, 0xBD, 0xEF, 0x7D, 0xD2, 0xCE, 0xBD, 0xFF, 0xFF,
  0xD6, 0xDC, 0xFF, 0xFF, 0xFF, 0xFF, 0xFF, 0xFF, 0xBF, 0xFD, 0xBE, 0x74,
  0xE6, 0xF9, 0x9F, 0xFF, 0xFC, 0xA1, 0x5C, 0xD2, 0xD6, 0xF7, 0xB9, 0xD2,
  0x2A, 0xAA, 0xE3, 0xFF, 0x7D, 0x8F, 0xCD, 0x1C, 0xBF, 0xFF, 0xF3, 0xFB,
  0xA6, 0x60, 0xBB, 0x7D, 0xDF, 0x6E, 0xCE, 0xF8, 0xFF, 0x00, 0xB6, 0xFF,
  0x5C, 0xB7, 0x7C, 0xD8, 0xBE, 0xEE, 0xB0, 0xB6, 0xFF, 0xC5, 0xB7, 0x7E,
  0x95, 0xBB, 0x6D, 0xAD, 0xBB, 0xFF, 0xAA, 0xBF, 0xFE, 0xD3, 0x2A, 0x9D,
  0xFD, 0xA4, 0x7E, 0xCF, 0x6E, 0x8E, 0xE4, 0xBF, 0xFB, 0xFD, 0x48, 0xED,
  0xF6, 0xC0, 0xFF, 0xF4, 0xFA, 0xB8, 0xDF, 0xE0, 0xFF, 0xFD, 0xFA, 0xE5,
  0xDF, 0xDA, 0xEF, 0xDB, 0x50, 0xBD, 0xA6, 0xE0, 0xDE, 0x7E, 0xF7, 0xFF,
  0xFF, 0xFF, 0xF5, 0x8E, 0x36, 0xEF, 0x7F, 0x7F, 0xBE, 0xF9, 0x96, 0x7E,
  0x77, 0xFF, 0xDF, 0xFF, 0x7D, 0x8E, 0x5E, 0xAF, 0x7F, 0x7E, 0xFE, 0xF9,
  0x86, 0x0F, 0x77, 0xFF, 0xFF, 0xFF, 0x73, 0x57, 0x3B, 0x37, 0xDF, 0xBF,
  0xBF, 0xFB, 0x4B, 0x5F, 0x7B, 0x7F, 0xFE, 0xFD, 0xF5, 0x47, 0x2B, 0xB7,
  0xFF, 0xFF, 0xFF, 0x7B, 0x65, 0xAB, 0xFF, 0xFF, 0xDB, 0xA2, 0xA7, 0x7F,
  0xFB, 0xDD, 0xA7, 0xB7, 0x7D, 0xFF, 0xBD, 0xA1, 0xDB, 0xFF, 0xFB, 0xD9,
  0x73, 0x4B, 0xBE, 0xF7, 0xBD, 0x3B, 0x6B, 0xFF, 0xFF, 0xBD, 0xA3, 0xFF,
  0x6D, 0xA9, 0x7E, 0xED, 0xB5, 0xB6, 0xDD, 0x55, 0xFF, 0xDD, 0xBF, 0xFF,
  0xA7, 0x5F, 0x5B, 0xFB, 0x0F, 0xF0, 0x00, 0xD7, 0xFF, 0x00, 0x00, 0xBB,
  0x1F, 0xA0, 0x00, 0xFF, 0x3F, 0x40, 0x00, 0xDF, 0x03, 0xD4, 0xFF, 0x00,
  0x00, 0xFE, 0x07, 0xA8, 0xFF, 0x00, 0xF0, 0x0F, 0xF0, 0x0D, 0x0F, 0x70,
  0xF0, 0x0B, 0x01, 0xBA, 0xF0, 0x0F, 0x03, 0xF4, 0xF0, 0x0D, 0x00, 0xFD,
  0x3F, 0x40, 0xF0, 0x0F, 0x00, 0xEA, 0x7F, 0x80, 0x03, 0x93, 0x6E, 0x02,
  0xA9, 0x6E, 0x01, 0xBF, 0x6E, 0x24, 0x02, 0x1C, 0x02, 0x18, 0x09, 0x18,
  0x09, 0x14, 0x10, 0x14, 0x10, 0x14, 0x17, 0x10, 0x17, 0x10, 0x17, 0x10,
  0x17, 0xBF, 0x6E, 0x24, 0x1E, 0x1C, 0x1E, 0x18, 0x25, 0x18, 0x25, 0x14,
  0x2C, 0x14, 0x2C, 0x14, 0x33, 0x10, 0x33, 0x10, 0x33, 0x10, 0x33, 0x04,
  0x00, 0x10, 0x38, 0x70, 0x38, 0x70, 0x03, 0x00, 0x0C, 0x47, 0x71, 0x47,
  0x71, 0x02, 0x00, 0x08, 0xD5, 0x71, 0xD5, 0x71, 0x01, 0x00, 0x04, 0x0E,
  0x72, 0x0E, 0x72, 0x04, 0x00, 0x18, 0x78, 0x70, 0x78, 0x70, 0x03, 0x00,
  0x12, 0x6B, 0x71, 0x6B, 0x71, 0x02, 0x00, 0x0C, 0xE5, 0x71, 0xE5, 0x71,
  0x01, 0x00, 0x06, 0x12, 0x72, 0x12, 0x72, 0x03, 0xFE, 0x6E, 0x02, 0x32,
  0x6F, 0x01, 0x48, 0x6F, 0x24, 0x02, 0x1C, 0x02, 0x18, 0x09, 0x18, 0x09,
  0x14, 0x10, 0x14, 0x10, 0x14, 0x17, 0x10, 0x17, 0x10, 0x17, 0x10, 0x17,
  0x18, 0x20, 0x70, 0x18, 0x20, 0x70, 0x12, 0x35, 0x71, 0x12, 0x35, 0x71,
  0x0C, 0xC9, 0x71, 0x0C, 0xC9, 0x71, 0x07, 0x07, 0x72, 0x07, 0x07, 0x72,
  0x07, 0x07, 0x72, 0x07, 0x07, 0x72, 0x48, 0x6F, 0x24, 0x1E, 0x1C, 0x1E,
  0x18, 0x25, 0x18, 0x25, 0x14, 0x2C, 0x14, 0x2C, 0x14, 0x33, 0x10, 0x33,
  0x10, 0x33, 0x10, 0x33, 0x04, 0x00, 0x10, 0x80, 0x6F, 0x80, 0x6F, 0x03,
  0x00, 0x0C, 0xD8, 0x70, 0xD8, 0x70, 0x02, 0x00, 0x08, 0xA1, 0x71, 0xA1,
  0x71, 0x01, 0x00, 0x04, 0xFD, 0x71, 0xFD, 0x71, 0x04, 0x00, 0x18, 0xC0,
  0x6F, 0xC0, 0x6F, 0x03, 0x00, 0x12, 0xFC, 0x70, 0xFC, 0x70, 0x02, 0x00,
  0x0C, 0xB1, 0x71, 0xB1, 0x71, 0x01, 0x00, 0x06, 0x01, 0x72, 0x01, 0x72,
  0xFF, 0xFF, 0xFF, 0xFF, 0x80, 0x00, 0x00, 0x27, 0x87, 0x00, 0x1C, 0x21,
  0x98, 0xFF, 0xE3, 0x29, 0x94, 0x70, 0x47, 0x2D, 0x97, 0x39, 0x9F, 0x25,
  0x97, 0x8E, 0x3D, 0x25, 0x97, 0x64, 0xF9, 0x2D, 0x97, 0x11, 0xF1, 0x2D,
  0x97, 0x64, 0xF9, 0x2D, 0x97, 0x8E, 0x3D, 0x25, 0x97, 0x3D, 0x9F, 0x25,
  0x94, 0x78, 0x47, 0x2D, 0x98, 0xFF, 0xE3, 0x25, 0x80, 0x00, 0x00, 0x21,
  0xFF, 0xFF, 0xFF, 0xF9, 0xFF, 0xFF, 0xFF, 0xFF, 0x80, 0x00, 0x00, 0x27,
  0x87, 0x00, 0x1C, 0x23, 0x98, 0xFF, 0xE3, 0x2F, 0x94, 0x70, 0x47, 0x2F,
  0x97, 0x39, 0x9F, 0x2A, 0x97, 0x8E, 0x3D, 0x2F, 0x97, 0x64, 0xF9, 0x2D,
  0x97, 0x11, 0xF1, 0x28, 0x97, 0x64, 0xF9, 0x2F, 0x97, 0x8E, 0x3D, 0x2A,
  0x97, 0x3D, 0x9F, 0x28, 0x94, 0x78, 0x47, 0x28, 0x98, 0xFF, 0xE3, 0x2C,
  0x87, 0x00, 0x1C, 0x36, 0x80, 0x00, 0x00, 0x0D, 0x81, 0xFF, 0xFF, 0xC3,
  0x78, 0x1F, 0xF0, 0x20, 0x07, 0x81, 0xFF, 0xA0, 0x00, 0x78, 0x1F, 0xE1,
  0x00, 0x07, 0x81, 0xE1, 0x00, 0x00, 0x78, 0x21, 0x00, 0x00, 0x07, 0x80,
  0x00, 0x00, 0x00, 0x7F, 0xFF, 0xFF, 0xFF, 0xFF, 0xFF, 0xAA, 0xFF, 0x55,
  0x00, 0xFF, 0xAA, 0x00, 0x00, 0x00, 0x00, 0x00, 0xFF, 0x00, 0x00, 0xFF,
  0x00, 0xFF, 0x00, 0xFF, 0xFF, 0xFF, 0xFF, 0xFF, 0xE4, 0x00, 0x00, 0x01,
  0x84, 0x38, 0x00, 0xE1, 0x94, 0xC7, 0xFF, 0x19, 0xB4, 0xE2, 0x0E, 0x29,
  0xA4, 0xF9, 0x9C, 0xE9, 0xA4, 0xBC, 0x71, 0xE9, 0xB4, 0x9F, 0x26, 0xE9,
  0xB4, 0x8F, 0x88, 0xE9, 0xB4, 0x9F, 0x26, 0xE9, 0xA4, 0xBC, 0x71, 0xE9,
  0xA4, 0xF9, 0xBC, 0xE9, 0xB4, 0xE2, 0x1E, 0x29, 0xA4, 0xC7, 0xFF, 0x19,
  0x84, 0x00, 0x00, 0x01, 0x9F, 0xFF, 0xFF, 0xFF, 0xFF, 0xFF, 0xFF, 0xFF,
  0xE4, 0x00, 0x00, 0x01, 0xC4, 0x38, 0x00, 0xE1, 0xF4, 0xC7, 0xFF, 0x19,
  0xF4, 0xE2, 0x0E, 0x29, 0xB4, 0xF9, 0x9C, 0xE9, 0xF4, 0xBC, 0x71, 0xE9,
  0x54, 0x9F, 0x26, 0xE9, 0x14, 0x8F, 0x88, 0xE9, 0xF4, 0x9F, 0x26, 0xE9,
  0xB4, 0xBC, 0x71, 0xE9, 0x14, 0xF9, 0xBC, 0xE9, 0x14, 0xE2, 0x1E, 0x29,
  0x34, 0xC7, 0xFF, 0x19, 0x6C, 0x38, 0x00, 0xE1, 0xB0, 0x00, 0x00, 0x01,
  0xC3, 0xFF, 0xFF, 0x81, 0x04, 0x0F, 0xF8, 0x1E, 0x05, 0xFF, 0x81, 0xE0,
  0x87, 0xF8, 0x1E, 0x00, 0x87, 0x81, 0xE0, 0x00, 0x84, 0x1E, 0x00, 0x00,
  0x01, 0xE0, 0x00, 0x00, 0xFE, 0x00, 0x00, 0x00, 0xFF, 0xFF, 0xFF, 0x80,
  0x00, 0x13, 0xB3, 0xFC, 0xD1, 0xA9, 0x89, 0xD5, 0xAC, 0xF3, 0xD1, 0xAF,
  0x0F, 0x55, 0xAD, 0x9E, 0x55, 0xAF, 0x0F, 0x55, 0xAC, 0xF3, 0xD1, 0xB9,
  0xC9, 0xD5, 0xB3, 0xFC, 0xD1, 0xFF, 0xFF, 0xFD, 0xFF, 0xFF, 0xFF, 0x80,
  0x00, 0x13, 0xB3, 0xFC, 0xD7, 0xA9, 0x89, 0xD7, 0xAC, 0xF3, 0xD6, 0xAF,
  0x0F, 0x55, 0xAD, 0x9E, 0x54, 0xAF, 0x0F, 0x56, 0xAC, 0xF3, 0xD4, 0xA9,
  0xC9, 0xD4, 0xB3, 0xFC, 0xD4, 0x80, 0x00, 0x16, 0x87, 0xFF, 0xEB, 0x78,
  0xFE, 0x10, 0x0F, 0x0F, 0xF1, 0x00, 0xF0, 0xF1, 0x00, 0x0F, 0x10, 0x00,
  0x00, 0xFF, 0x00, 0x00, 0x00, 0xFF, 0xFF, 0xFF, 0xFF, 0xAA, 0x55, 0x00,
  0xAA, 0x00, 0x00, 0x00, 0x00, 0xFF, 0x00, 0xFF, 0xFF, 0x00, 0xFF, 0xFF,
  0xFF, 0xFF, 0xC8, 0x00, 0x01, 0x8B, 0x3F, 0xCD, 0xAB, 0x91, 0x95, 0x8B,
  0xCF, 0x35, 0xAA, 0xF0, 0xF5, 0xAA, 0x79, 0xB5, 0xAA, 0xF0, 0xF5, 0x8B,
  0xCF, 0x35, 0xAB, 0x93, 0x9D, 0x8B, 0x3F, 0xCD, 0xBF, 0xFF, 0xFF, 0xFF,
  0xFF, 0xFF, 0xC8, 0x00, 0x01, 0xEB, 0x3F, 0xCD, 0xEB, 0x91, 0x95, 0xAB,
  0xCF, 0x35, 0x6A, 0xF0, 0xF5, 0x2A, 0x79, 0xB5, 0xAA, 0xF0, 0xF5, 0x2B,
  0xCF, 0x35, 0x2B, 0x93, 0x95, 0x2B, 0x3F, 0xCD, 0x68, 0x00, 0x01, 0xD7,
  0xFF, 0xE1, 0x08, 0x7F, 0x1E, 0x8F, 0xF0, 0xF0, 0x8F, 0x0F, 0x00, 0x08,
  0xF0, 0x00, 0xFF, 0x00, 0x00, 0x80, 0x05, 0xAF, 0xD6, 0xB3, 0x34, 0xBC,
  0xF6, 0xBC, 0xF6, 0xB3, 0x34, 0xAF, 0xD6, 0xFF, 0xFF, 0x80, 0x05, 0xAF,
  0xD5, 0xB3, 0x35, 0xBC, 0xF5, 0xBC, 0xF4, 0xB3, 0x35, 0xAF, 0xD4, 0x9F,
  0xF2, 0x63, 0xCC, 0x1C, 0x3D, 0x03, 0xC4, 0x00, 0x3F, 0xFF, 0xFF, 0xFF,
  0x55, 0x00, 0x55, 0x00, 0x00, 0x00, 0xFF, 0x00, 0xFF, 0xA0, 0x01, 0x6B,
  0xF5, 0x2C, 0xCD, 0x6F, 0x3D, 0x6F, 0x3D, 0x2C, 0xCD, 0x6B, 0xF5, 0xFF,
  0xFF, 0xA0, 0x01, 0xAB, 0xF5, 0xAC, 0xCD, 0x6F, 0x3D, 0x2F, 0x3D, 0x6C,
  0xCD, 0x2B, 0xF5, 0x4F, 0xF9, 0x33, 0xC6, 0xBC, 0x38, 0x23, 0xC0, 0xFC,
  0x00, 0x98, 0xE6, 0x98, 0xFF, 0x98, 0xE6, 0x98, 0x9C, 0x62, 0x3F, 0x00,
  0xFF, 0xFF, 0x55, 0xAA, 0x00, 0xFF, 0x19, 0x67, 0x19, 0xFF, 0x19, 0x67,
  0x19, 0x39, 0x46, 0xFC, 0x00, 0x00, 0x00, 0x00, 0x00, 0x00, 0x00, 0x00,
  0x04, 0x00, 0x11, 0x4A, 0x72, 0x4A, 0x72, 0x04, 0x00, 0x11, 0x4A, 0x72,
  0x4A, 0x72, 0x03, 0x00, 0x0D, 0x8E, 0x72, 0x8E, 0x72, 0x02, 0x00, 0x09,
  0xB5, 0x72, 0xB5, 0x72, 0x02, 0x00, 0x09, 0xB5, 0x72, 0xB5, 0x72, 0x02,
  0x01, 0x07, 0xC7, 0x72, 0xE3, 0x72, 0x1F, 0xC0, 0x03, 0xF8, 0x1E, 0x43,
  0xC3, 0x48, 0x0D, 0x23, 0x46, 0x90, 0x0E, 0xA3, 0xC7, 0x50, 0x07, 0x53,
  0x4E, 0xA0, 0x06, 0x96, 0xAD, 0x20, 0x03, 0x4F, 0x3A, 0x40, 0x03, 0xAE,
  0xBD, 0x40, 0xFF, 0xFF, 0xFF, 0xFF, 0xFD, 0x7E, 0x7E, 0xBF, 0xF8, 0x7C,
  0x3E, 0x1F, 0xF8, 0x7C, 0x3E, 0x1F, 0xF8, 0x7C, 0x3E, 0x1F, 0xF8, 0x7C,
  0x3E, 0x1F, 0xA8, 0x54, 0x2A, 0x15, 0xFF, 0xFF, 0xFF, 0xFF, 0x00, 0x0F,
  0xF8, 0x00, 0x3F, 0x00, 0xFC, 0x3B, 0x1C, 0xD4, 0x1D, 0x95, 0xA8, 0x1A,
  0xB5, 0xC8, 0x0D, 0xAB, 0x90, 0x0E, 0x7F, 0xD0, 0xFF, 0xFF, 0xFF, 0xFB,
  0xF7, 0xAF, 0xF1, 0xE7, 0x8F, 0xF1, 0xE7, 0x8F, 0x91, 0x24, 0x89, 0xFF,
  0xFF, 0xFF, 0x00, 0x7E, 0x00, 0x78, 0x1E, 0x69, 0x9A, 0x35, 0xB4, 0x3D,
  0xBC, 0xFF, 0xFF, 0xE7, 0x39, 0xA5, 0x29, 0xFF, 0xFF, 0x03, 0xC0, 0x9F,
  0x60, 0x9F, 0x60, 0x89, 0x76, 0x1F, 0xE0, 0xC0, 0x3F, 0x3F, 0xC0, 0x00,
  0xFF, 0x0F, 0xF0, 0x00, 0x99, 0x0F, 0x90, 0x00, 0xFF, 0x0F, 0xF0, 0xF0,
  0x0F, 0xFF, 0x00, 0xF9, 0x06, 0xF9, 0x06, 0xF8, 0x07, 0x91, 0x6E, 0xFC,
  0x03, 0x03, 0xFC, 0xF0, 0x0F, 0x00, 0xFF, 0xF0, 0x09, 0x00, 0x99, 0xF0,
  0x0F, 0x00, 0xFF, 0xFF, 0x00, 0x0F, 0xF0, 0x02, 0x19, 0x73, 0x08, 0x2F,
  0x73, 0x02, 0x5B, 0x73, 0x02, 0x87, 0x73, 0x01, 0x02, 0x19, 0x73, 0x08,
  0x45, 0x73, 0x02, 0x71, 0x73, 0x02, 0x9D, 0x73, 0x01, 0xB3, 0x73, 0x1C,
  0x02, 0x14, 0x02, 0x10, 0x17, 0x10, 0x17, 0x0C, 0x2C, 0x0C, 0x2C, 0x0C,
  0x56, 0x08, 0x56, 0x08, 0x56, 0x08, 0x56, 0xB3, 0x73, 0x1C, 0x48, 0x14,
  0x48, 0x10, 0x1E, 0x10, 0x1E, 0x0C, 0x33, 0x0C, 0x33, 0x0C, 0x5D, 0x08,
  0x5D, 0x08, 0x5D, 0x08, 0x5D, 0xB3, 0x73, 0x24, 0x48, 0x1C, 0x48, 0x18,
  0x1E, 0x18, 0x1E, 0x0C, 0x33, 0x0C, 0x33, 0x14, 0x5D, 0x10, 0x5D, 0x10,
  0x5D, 0x10, 0x5D, 0xB3, 0x73, 0x1C, 0x09, 0x14, 0x09, 0x10, 0x4F, 0x10,
  0x4F, 0x0C, 0x3A, 0x0C, 0x3A, 0x0C, 0x5D, 0x08, 0x5D, 0x08, 0x5D, 0x08,
  0x5D, 0xB3, 0x73, 0x1C, 0x09, 0x14, 0x09, 0x10, 0x4F, 0x10, 0x4F, 0x0C,
  0x3A, 0x0C, 0x3A, 0x14, 0x5D, 0x10, 0x5D, 0x10, 0x5D, 0x10, 0x5D, 0xB3,
  0x73, 0x24, 0x10, 0x1C, 0x10, 0x10, 0x25, 0x10, 0x25, 0x0C, 0x41, 0x0C,
  0x41, 0x0C, 0x64, 0x08, 0x64, 0x08, 0x64, 0x08, 0x64, 0xB3, 0x73, 0x24,
  0x10, 0x1C, 0x10, 0x18, 0x25, 0x18, 0x25, 0x0C, 0x41, 0x0C, 0x41, 0x14,
  0x64, 0x10, 0x64, 0x10, 0x64, 0x10, 0x64, 0x03, 0x00, 0x04, 0x1C, 0x74,
  0x1C, 0x74, 0x03, 0x00, 0x0D, 0x28, 0x74, 0x28, 0x74, 0x01, 0x00, 0x07,
  0x4F, 0x74, 0x4F, 0x74, 0x02, 0x00, 0x03, 0x56, 0x74, 0x56, 0x74, 0x01,
  0x00, 0x02, 0x5C, 0x74, 0x5C, 0x74, 0x01, 0x00, 0x06, 0x5E, 0x74, 0x5E,
  0x74, 0x01, 0x00, 0x02, 0x64, 0x74, 0x64, 0x74, 0x01, 0x00, 0x02, 0x66,
  0x74, 0x66, 0x74, 0x01, 0x00, 0x05, 0x6C, 0x74, 0x6C, 0x74, 0x01, 0x00,
  0x02, 0x70, 0x74, 0x70, 0x74, 0x02, 0x01, 0x03, 0x72, 0x74, 0x72, 0x74,
  0x02, 0x01, 0x09, 0x7E, 0x74, 0x7E, 0x74, 0x02, 0x01, 0x02, 0xA2, 0x74,
  0xBA, 0x74, 0x01, 0x01, 0x02, 0xAA, 0x74, 0xC2, 0x74, 0x01, 0x01, 0x06,
  0xAE, 0x74, 0xC6, 0x74, 0x00, 0xFC, 0xC0, 0x0F, 0xFF, 0xFC, 0x3D, 0x7F,
  0xF0, 0x0C, 0x2F, 0x80, 0x2B, 0x5B, 0xE0, 0x17, 0x15, 0x70, 0x13, 0x30,
  0xB0, 0x17, 0x1A, 0x38, 0x23, 0x9E, 0x98, 0x37, 0x3F, 0x18, 0x63, 0x9A,
  0xAC, 0x37, 0x1C, 0x98, 0x67, 0x55, 0xBC, 0x27, 0x1C, 0x98, 0x36, 0x3F,
  0xB8, 0x57, 0x1E, 0x70, 0x2E, 0xAB, 0x20, 0x8E, 0x8F, 0xD6, 0x8E, 0x8C,
  0xDC, 0x7A, 0x7F, 0x60, 0xF7, 0xFC, 0x61, 0xC0, 0x27, 0x6B, 0xE7, 0x6B,
  0x27, 0x52, 0x16, 0x2C, 0x7B, 0xFE, 0x2C, 0x34, 0x66, 0x6B, 0x69, 0x6D,
  0x6D, 0x6E, 0x6C, 0x2C, 0x34, 0x18, 0xF8, 0x06, 0x02, 0x4D, 0xF4, 0x0A,
  0x01, 0x1E, 0xF8, 0x07, 0x03, 0x2C, 0x80, 0x6F, 0x3F, 0xC0, 0x00, 0xE6,
  0x1F, 0xA0, 0x00, 0xEC, 0x0F, 0x70, 0x00, 0xE6, 0x0F, 0x30, 0x00, 0xE3,
  0x07, 0x98, 0x00, 0xE3, 0x0F, 0xB0, 0x00, 0xAB, 0x07, 0x18, 0x00, 0xA7,
  0x0F, 0x30, 0x00, 0xAB, 0x9F, 0x60, 0x02, 0xFD, 0xFF, 0x00, 0x0F, 0xF0,
  0xFF, 0x00, 0x9F, 0x60, 0x9F, 0x60, 0x1F, 0xE0, 0x0F, 0xF0, 0x0F, 0xF0,
  0x1F, 0xE0, 0x9F, 0x60, 0x9F, 0x60, 0xF0, 0x0F, 0x2F, 0xD0, 0xF0, 0x0F,
  0xFF, 0x00, 0xF9, 0x06, 0xF9, 0x06, 0xF1, 0x0E, 0xF0, 0x0F, 0xF0, 0x0F,
  0xF1, 0x0E, 0xF9, 0x06, 0xF9, 0x06, 0x02, 0x4E, 0x7E, 0x04, 0x7A, 0x7E,
  0x05, 0xA6, 0x7E, 0x02, 0xEC, 0x74, 0x01, 0x02, 0x38, 0x7E, 0x04, 0x64,
  0x7E, 0x05, 0x90, 0x7E, 0x02, 0x02, 0x75, 0x01, 0x18, 0x75, 0x18, 0x02,
  0x10, 0x02, 0x08, 0x09, 0x08, 0x09, 0x0C, 0x10, 0x0C, 0x10, 0x08, 0x17,
  0x08, 0x17, 0x04, 0x1E, 0x04, 0x1E, 0x18, 0x75, 0x18, 0x02, 0x10, 0x02,
  0x10, 0x09, 0x10, 0x09, 0x0C, 0x10, 0x0C, 0x10, 0x08, 0x17, 0x08, 0x17,
  0x0C, 0x1E, 0x0C, 0x1E, 0x05, 0x00, 0x08, 0x3B, 0x75, 0x3B, 0x75, 0x04,
  0x00, 0x06, 0x63, 0x75, 0x63, 0x75, 0x03, 0x00, 0x04, 0x7B, 0x75, 0x87,
  0x75, 0x03, 0x01, 0x03, 0x93, 0x75, 0xA5, 0x75, 0x02, 0x01, 0x02, 0xB7,
  0x75, 0xC3, 0x75, 0x3E, 0x00, 0xEE, 0x00, 0x7C, 0x63, 0x01, 0xAB, 0x00,
  0xC6, 0x41, 0x07, 0x29, 0xC0, 0x82, 0x41, 0x3C, 0xC6, 0x78, 0x82, 0x6B,
  0xE3, 0x45, 0x8F, 0xD6, 0xFE, 0x1C, 0x6C, 0x70, 0xFF, 0x81, 0xE0, 0x38,
  0x0F, 0x01, 0x7E, 0x00, 0x00, 0x00, 0xFE, 0x0F, 0x01, 0xB0, 0x1E, 0x19,
  0x86, 0xAC, 0x33, 0x10, 0xB9, 0x93, 0xA1, 0x0B, 0xE6, 0x9C, 0xFA, 0x15,
  0x18, 0x63, 0x15, 0x0F, 0xE0, 0x00, 0xFE, 0x51, 0xF8, 0xA0, 0x8E, 0x97,
  0x10, 0xF0, 0x60, 0xF0, 0x70, 0x00, 0xE0, 0x05, 0x1F, 0x8A, 0x08, 0xE9,
  0x71, 0x0F, 0x06, 0x0F, 0x07, 0x00, 0x0E, 0xC6, 0x29, 0x0C, 0xF2, 0x7F,
  0x80, 0xC0, 0x0E, 0x04, 0xAA, 0x7F, 0x00, 0xC1, 0x38, 0xF0, 0x03, 0x7F,
  0x80, 0xFC, 0x02, 0x60, 0x9F, 0xC7, 0x28, 0xFC, 0x00, 0x00, 0xEA, 0x47,
  0xA0, 0xFC, 0x03, 0x1F, 0x80, 0x07, 0x38, 0xBD, 0x42, 0xEF, 0x10, 0x02,
  0xBD, 0x07, 0xE8, 0x1F, 0xE0, 0xC7, 0x38, 0xFB, 0x04, 0xDD, 0x22, 0xF0,
  0x0B, 0x20, 0xDD, 0xF1, 0x0E, 0xFC, 0x03, 0x02, 0x4E, 0x7E, 0x05, 0xA6,
  0x7E, 0x02, 0xF9, 0x75, 0x01, 0x02, 0x38, 0x7E, 0x05, 0x90, 0x7E, 0x02,
  0xE3, 0x75, 0x01, 0x0F, 0x76, 0x20, 0x02, 0x18, 0x02, 0x10, 0x09, 0x10,
  0x09, 0x0C, 0x10, 0x0C, 0x10, 0x10, 0x17, 0x10, 0x17, 0x0C, 0x1E, 0x0C,
  0x1E, 0x0F, 0x76, 0x20, 0x02, 0x18, 0x02, 0x10, 0x09, 0x10, 0x09, 0x0C,
  0x10, 0x0C, 0x10, 0x08, 0x17, 0x08, 0x17, 0x04, 0x1E, 0x04, 0x1E, 0x03,
  0x00, 0x0D, 0x32, 0x76, 0x32, 0x76, 0x03, 0x00, 0x0A, 0x59, 0x76, 0x59,
  0x76, 0x03, 0x00, 0x07, 0x77, 0x76, 0x8C, 0x76, 0x02, 0x01, 0x05, 0xA1,
  0x76, 0xB5, 0x76, 0x02, 0x01, 0x04, 0xC9, 0x76, 0xD9, 0x76, 0x0F, 0xE7,
  0xE0, 0x10, 0x16, 0x10, 0x1F, 0xE7, 0xF0, 0x0A, 0x44, 0xA0, 0x0A, 0x64,
  0xA0, 0x04, 0x64, 0x40, 0x7F, 0xF7, 0xFC, 0x80, 0x16, 0x82, 0xFF, 0xE7,
  0xFE, 0x5A, 0x44, 0xB4, 0x5A, 0x64, 0xB4, 0x24, 0x44, 0x48, 0x00, 0x7C,
  0x00, 0x03, 0xCF, 0x80, 0x04, 0x2C, 0x80, 0x05, 0xCE, 0x80, 0x03, 0x49,
  0x00, 0x00, 0x68, 0x00, 0x0F, 0xEF, 0xC0, 0x10, 0x2C, 0x20, 0x15, 0xCA,
  0xA0, 0x15, 0x4A, 0xA0, 0x0A, 0x79, 0x40, 0x03, 0xFC, 0x00, 0x04, 0x24,
  0x00, 0x05, 0xB4, 0x00, 0x07, 0xFE, 0x00, 0x08, 0x39, 0x00, 0x0B, 0xBD,
  0x00, 0x04, 0xE2, 0x00, 0x00, 0x3F, 0xC0, 0x00, 0x42, 0x40, 0x00, 0x5B,
  0x40, 0x00, 0x7F, 0xE0, 0x00, 0x83, 0x90, 0x00, 0xBB, 0xD0, 0x00, 0x4E,
  0x20, 0xFE, 0x01, 0x03, 0xDC, 0xFE, 0x01, 0x03, 0x54, 0xFF, 0x00, 0xCF,
  0x10, 0xFC, 0x03, 0x03, 0xDC, 0xFC, 0x02, 0x03, 0x88, 0xFF, 0x00, 0x80,
  0x77, 0xFF, 0x00, 0x80, 0x55, 0xFF, 0x00, 0xF3, 0x04, 0xFF, 0x00, 0x00,
  0xF7, 0xFF, 0x00, 0x00, 0xA2, 0xFC, 0x03, 0x1F, 0xE0, 0xFC, 0x03, 0x1F,
  0x20, 0xF8, 0x07, 0x0F, 0x70, 0xF8, 0x05, 0x0F, 0x30, 0xFF, 0x00, 0xC1,
  0x3E, 0xFF, 0x00, 0xC1, 0x32, 0xFF, 0x00, 0x80, 0x77, 0xFF, 0x00, 0x80,
  0x53, 0x00, 0x80, 0x77, 0xFF, 0x00, 0x80, 0x53, 0x00, 0x00, 0x00, 0x00,
  0x00, 0x00, 0x00, 0x00, 0x00, 0x00, 0x00, 0x00, 0x00, 0x00, 0x00, 0x00,
  0x00, 0x00, 0x00, 0x00, 0x00, 0x00, 0x00, 0x00, 0x00, 0x00, 0x00, 0x00,
  0x00, 0x00, 0x00, 0x00, 0x00, 0x00, 0x00, 0x00, 0x00, 0x00, 0x00, 0x00,
  0x00, 0x00, 0x00, 0x00, 0x00, 0x00, 0x00, 0x00, 0x00, 0x00, 0x00, 0x00,
  0x00, 0x00, 0x00, 0x00, 0x00, 0x00, 0x00, 0x00, 0x00, 0x00, 0x00, 0x00,
  0x00, 0x00, 0x00, 0x00, 0x00, 0x00, 0x00, 0x00, 0x00, 0x00, 0x00, 0x00,
  0x00, 0x00, 0x00, 0x00, 0x00, 0x00, 0x00, 0x00, 0x00, 0x00, 0x00, 0x00,
  0x00, 0x00, 0x00, 0x00, 0x00, 0x00, 0x00, 0x00, 0x00, 0x00, 0x00, 0x00,
  0x00, 0x00, 0x00, 0x00, 0x00, 0x00, 0x00, 0x00, 0x00, 0x00, 0x00, 0x00,
  0x00, 0x00, 0x00, 0x00, 0x00, 0x00, 0x00, 0x00, 0x00, 0x00, 0x00, 0x00,
  0x00, 0x00, 0x00, 0x00, 0x00, 0x00, 0x00, 0x00, 0x00, 0x00, 0x00, 0x00,
  0x00, 0x00, 0x00, 0x00, 0x00, 0x00, 0x00, 0x00, 0x00, 0x00, 0x00, 0x00,
  0x00, 0x00, 0x00, 0x00, 0x00, 0x00, 0x00, 0x00, 0x00, 0x00, 0x00, 0x00,
  0x00, 0x00, 0x00, 0x00, 0x00, 0x00, 0x00, 0x00, 0x00, 0x00, 0x00, 0x00,
  0x00, 0x00, 0x00, 0x00, 0x00, 0x00, 0x00, 0x00, 0x00, 0x00, 0x00, 0x00,
  0x00, 0x00, 0x00, 0x00, 0x00, 0x00, 0x00, 0x00, 0x00, 0x00, 0x00, 0x00,
  0x00, 0x00, 0x00, 0x00, 0x00, 0x00, 0x00, 0x00, 0x00, 0x00, 0x00, 0x00,
  0x00, 0x00, 0x00, 0x00, 0x00, 0x00, 0x00, 0x00, 0x00, 0x00, 0x00, 0x00,
  0x00, 0x00, 0x00, 0x00, 0x00, 0x00, 0x00, 0x00, 0x00, 0x00, 0x00, 0x00,
  0x00, 0x00, 0x00, 0x00, 0x00, 0x00, 0x00, 0x00, 0x00, 0x00, 0x00, 0x00,
  0x00, 0x00, 0x00, 0x00, 0x00, 0x00, 0x00, 0x00, 0x00, 0x00, 0x00, 0x00,
  0x00, 0x00, 0x00, 0x00, 0x00, 0x00, 0x00, 0x00, 0x00, 0x00, 0x00, 0x00,
  0x00, 0x00, 0x00, 0x00, 0x00, 0x00, 0x00, 0x00, 0x00, 0x00, 0x00, 0x00,
  0x00, 0x00, 0x00, 0x00, 0x00, 0x00, 0x00, 0x00, 0x00, 0x00, 0x00, 0x00,
  0x00, 0x00, 0x00, 0x00, 0x00, 0x00, 0x00, 0x00, 0x00, 0x00, 0x00, 0x00,
  0x00, 0x00, 0x00, 0x00, 0x00, 0x00, 0x00, 0x00, 0x00, 0x00, 0x00, 0x00,
  0x00, 0x00, 0x00, 0x00, 0x00, 0x00, 0x00, 0x00, 0x00, 0x00, 0x00, 0x00,
  0x00, 0x00, 0x00, 0x00, 0x00, 0x00, 0x00, 0x00, 0x00, 0x00, 0x00, 0x00,
  0x00, 0x00, 0x00, 0x00, 0x00, 0x00, 0x00, 0x00, 0x00, 0x00, 0x00, 0x00,
  0x00, 0x00, 0x00, 0x00, 0x00, 0x00, 0x00, 0x00, 0x00, 0x00, 0x00, 0x00,
  0x00, 0x00, 0x00, 0x00, 0x00, 0x00, 0x00, 0x00, 0x00, 0x00, 0x00, 0x00,
  0x00, 0x00, 0x00, 0x00, 0x00, 0x00, 0x00, 0x00, 0x00, 0x00, 0x00, 0x00,
  0x00, 0x00, 0x00, 0x00, 0x00, 0x00, 0x00, 0x00, 0x00, 0x00, 0x00, 0x00,
  0x00, 0x00, 0x00, 0x00, 0x00, 0x00, 0x00, 0x00, 0x00, 0x00, 0x00, 0x00,
  0x00, 0x00, 0x00, 0x00, 0x00, 0x00, 0x00, 0x00, 0x00, 0x00, 0x00, 0x00,
  0x00, 0x00, 0x00, 0x00, 0x00, 0x00, 0x00, 0x00, 0x00, 0x00, 0x00, 0x00,
  0x00, 0x00, 0x00, 0x00, 0x00, 0x00, 0x00, 0x00, 0x00, 0x00, 0x00, 0x00,
  0x00, 0x00, 0x00, 0x00, 0x00, 0x00, 0x00, 0x00, 0x00, 0x00, 0x00, 0x00,
  0x00, 0x00, 0x00, 0x00, 0x00, 0x00, 0x00, 0x00, 0x00, 0x00, 0x00, 0x00,
  0x00, 0x00, 0x00, 0x00, 0x00, 0x00, 0x00, 0x00, 0x00, 0x00, 0x00, 0x00,
  0x00, 0x00, 0x00, 0x00, 0x00, 0x00, 0x00, 0x00, 0x00, 0x00, 0x00, 0x00,
  0x00, 0x00, 0x00, 0x00, 0x00, 0x00, 0x00, 0x00, 0x00, 0x00, 0x00, 0x00,
  0x00, 0x00, 0x00, 0x00, 0x00, 0x00, 0x00, 0x00, 0x00, 0x00, 0x00, 0x00,
  0x00, 0x00, 0x00, 0x00, 0x00, 0x00, 0x00, 0x00, 0x00, 0x00, 0x00, 0x00,
  0x00, 0x00, 0x00, 0x00, 0x00, 0x00, 0x00, 0x00, 0x00, 0x00, 0x00, 0x00,
  0x00, 0x00, 0x00, 0x00, 0x00, 0x00, 0x00, 0x00, 0x00, 0x00, 0x00, 0x00,
  0x00, 0x00, 0x00, 0x00, 0x00, 0x00, 0x00, 0x00, 0x00, 0x00, 0x00, 0x00,
  0x00, 0x00, 0x00, 0x00, 0x00, 0x00, 0x00, 0x00, 0x00, 0x00, 0x00, 0x00,
  0x00, 0x00, 0x00, 0x00, 0x00, 0x00, 0x00, 0x00, 0x00, 0x00, 0x00, 0x00,
  0x00, 0x00, 0x00, 0x00, 0x00, 0x00, 0x00, 0x00, 0x00, 0x00, 0x00, 0x00,
  0x00, 0x00, 0x00, 0x00, 0x00, 0x00, 0x00, 0x00, 0x00, 0x00, 0x00, 0x00,
  0x00, 0x00, 0x00, 0x00, 0x00, 0x00, 0x00, 0x00, 0x00, 0x00, 0x00, 0x00,
  0x00, 0x00, 0x00, 0x00, 0x00, 0x00, 0x00, 0x00, 0x00, 0x00, 0x00, 0x00,
  0x00, 0x00, 0x00, 0x00, 0x00, 0x00, 0x00, 0x00, 0x00, 0x00, 0x00, 0x00,
  0x00, 0x00, 0x00, 0x00, 0x00, 0x00, 0x00, 0x00, 0x00, 0x00, 0x00, 0x00,
  0x00, 0x00, 0x00, 0x00, 0x00, 0x00, 0x00, 0x00, 0x00, 0x00, 0x00, 0x00,
  0x00, 0x00, 0x00, 0x00, 0x00, 0x00, 0x00, 0x00, 0x00, 0x00, 0x00, 0x00,
  0x00, 0x00, 0x00, 0x00, 0x00, 0x00, 0x00, 0x00, 0x00, 0x00, 0x00, 0x00,
  0x00, 0x00, 0x00, 0x00, 0x00, 0x00, 0x00, 0x00, 0x00, 0x00, 0x00, 0x00,
  0x00, 0x00, 0x00, 0x00, 0x00, 0x00, 0x00, 0x00, 0x00, 0x00, 0x00, 0x00,
  0x00, 0x00, 0x00, 0x00, 0x00, 0x00, 0x00, 0x00, 0x00, 0x00, 0x00, 0x00,
  0x00, 0x00, 0x00, 0x00, 0x00, 0x00, 0x00, 0x00, 0x00, 0x00, 0x00, 0x00,
  0x00, 0x00, 0x00, 0x00, 0x00, 0x00, 0x00, 0x00, 0x00, 0x00, 0x00, 0x00,
  0x00, 0x00, 0x00, 0x00, 0x00, 0x00, 0x00, 0x00, 0x00, 0x00, 0x00, 0x00,
  0x00, 0x00, 0x00, 0x00, 0x00, 0x00, 0x00, 0x00, 0x00, 0x00, 0x00, 0x00,
  0x00, 0x00, 0x00, 0x00, 0x00, 0x00, 0x00, 0x00, 0x00, 0x00, 0x00, 0x00,
  0x00, 0x00, 0x00, 0x00, 0x00, 0x00, 0x00, 0x00, 0x00, 0x00, 0x00, 0x00,
  0x00, 0x00, 0x00, 0x00, 0x00, 0x00, 0x00, 0x00, 0x00, 0x00, 0x00, 0x00,
  0x00, 0x00, 0x00, 0x00, 0x00, 0x00, 0x00, 0x00, 0x00, 0x00, 0x00, 0x00,
  0x00, 0x00, 0x00, 0x00, 0x00, 0x00, 0x00, 0x00, 0x00, 0x00, 0x00, 0x00,
  0x00, 0x00, 0x00, 0x00, 0x00, 0x00, 0x00, 0x00, 0x00, 0x00, 0x00, 0x00,
  0x00, 0x00, 0x00, 0x00, 0x00, 0x00, 0x00, 0x00, 0x00, 0x00, 0x00, 0x00,
  0x00, 0x00, 0x00, 0x00, 0x00, 0x00, 0x00, 0x00, 0x00, 0x00, 0x00, 0x00,
  0x00, 0x00, 0x00, 0x00, 0x00, 0x00, 0x00, 0x00, 0x00, 0x00, 0x00, 0x00,
  0x00, 0x00, 0x00, 0x00, 0x00, 0x00, 0x00, 0x00, 0x00, 0x00, 0x00, 0x00,
  0x00, 0x00, 0x00, 0x00, 0x00, 0x00, 0x00, 0x00, 0x00, 0x00, 0x00, 0x00,
  0x00, 0x00, 0x00, 0x00, 0x00, 0x00, 0x00, 0x00, 0x00, 0x00, 0x00, 0x00,
  0x00, 0x00, 0x00, 0x00, 0x00, 0x00, 0x00, 0x00, 0x00, 0x00, 0x00, 0x00,
  0x00, 0x00, 0x00, 0x00, 0x00, 0x00, 0x00, 0x00, 0x00, 0x00, 0x00, 0x00,
  0x00, 0x00, 0x00, 0x00, 0x00, 0x00, 0x00, 0x00, 0x00, 0x00, 0x00, 0x00,
  0x00, 0x00, 0x00, 0x00, 0x00, 0x00, 0x00, 0x00, 0x00, 0x00, 0x00, 0x00,
  0x00, 0x00, 0x00, 0x00, 0x00, 0x00, 0x00, 0x00, 0x00, 0x00, 0x00, 0x00,
  0x00, 0x00, 0x00, 0x00, 0x00, 0x00, 0x00, 0x00, 0x00, 0x00, 0x00, 0x00,
  0x00, 0x00, 0x00, 0x00, 0x00, 0x00, 0x00, 0x00, 0x00, 0x00, 0x00, 0x00,
  0x00, 0x00, 0x00, 0x00, 0x00, 0x00, 0x00, 0x00, 0x00, 0x00, 0x00, 0x00,
  0x00, 0x00, 0x00, 0x00, 0x00, 0x00, 0x00, 0x00, 0x00, 0x00, 0x00, 0x00,
  0x00, 0x00, 0x00, 0x00, 0x00, 0x00, 0x00, 0x00, 0x00, 0x00, 0x00, 0x00,
  0x00, 0x00, 0x00, 0x00, 0x00, 0x00, 0x00, 0x00, 0x00, 0x00, 0x00, 0x00,
  0x00, 0x00, 0x00, 0x00, 0x00, 0x00, 0x00, 0x00, 0x00, 0x00, 0x00, 0x00,
  0x00, 0x00, 0x00, 0x00, 0x00, 0x00, 0x00, 0x00, 0x00, 0x00, 0x00, 0x00,
  0x00, 0x00, 0x00, 0x00, 0x00, 0x00, 0x00, 0x00, 0x00, 0x00, 0x00, 0x00,
  0x00, 0x00, 0x00, 0x00, 0x00, 0x00, 0x00, 0x00, 0x00, 0x00, 0x00, 0x00,
  0x00, 0x00, 0x00, 0x00, 0x00, 0x00, 0x00, 0x00, 0x00, 0x00, 0x00, 0x00,
  0x00, 0x00, 0x00, 0x00, 0x00, 0x00, 0x00, 0x00, 0x00, 0x00, 0x00, 0x00,
  0x00, 0x00, 0x00, 0x00, 0x00, 0x00, 0x00, 0x00, 0x00, 0x00, 0x00, 0x00,
  0x00, 0x00, 0x00, 0x00, 0x00, 0x00, 0x00, 0x00, 0x00, 0x00, 0x00, 0x00,
  0x00, 0x00, 0x00, 0x00, 0x00, 0x00, 0x00, 0x00, 0x00, 0x00, 0x00, 0x00,
  0x00, 0x00, 0x00, 0x00, 0x00, 0x00, 0x00, 0x00, 0x00, 0x00, 0x00, 0x00,
  0x00, 0x00, 0x00, 0x00, 0x00, 0x00, 0x00, 0x00, 0x00, 0x00, 0x00, 0x00,
  0x00, 0x00, 0x00, 0x00, 0x00, 0x00, 0x00, 0x00, 0x00, 0x00, 0x00, 0x00,
  0x00, 0x00, 0x00, 0x00, 0x00, 0x00, 0x00, 0x00, 0x00, 0x00, 0x00, 0x00,
  0x00, 0x00, 0x00, 0x00, 0x00, 0x00, 0x00, 0x00, 0x00, 0x00, 0x00, 0x00,
  0x00, 0x00, 0x00, 0x00, 0x00, 0x00, 0x00, 0x00, 0x00, 0x00, 0x00, 0x00,
  0x00, 0x00, 0x00, 0x00, 0x00, 0x00, 0x00, 0x00, 0x00, 0x00, 0x00, 0x00,
  0x00, 0x00, 0x00, 0x00, 0x00, 0x00, 0x00, 0x00, 0x00, 0x00, 0x00, 0x00,
  0x00, 0x00, 0x00, 0x00, 0x00, 0x00, 0x00, 0x00, 0x00, 0x00, 0x00, 0x00,
  0x00, 0x00, 0x00, 0x00, 0x00, 0x00, 0x00, 0x00, 0x00, 0x00, 0x00, 0x00,
  0x00, 0x00, 0x00, 0x00, 0x00, 0x00, 0x00, 0x00
};

const u8 *stage_data_locations[MAX_STAGES] = {
    &stage1[0],
    &stage2[0],
    &stage3[0],
    &stage4[0],
    &stage5[0]
};

