// proto.c
//
// Chase H.Q. code model
//
// by dpt

// vim: ts=8 sts=2 sw=2 et

// Compile with:
// gcc `sdl2-config --cflags --libs` -Wall -Wextra -Wpedantic -o proto proto.c

// Notes
//
// As with The Great Escape C conversion we model the game as if it's still
// running on a ZX Spectrum, avoiding a full rewrite of the original code and
// leaving (some) Z80-specific microoptimisations in place. This means the
// code remains a useful basis for comparison and lowers the risk of
// translation errors. Although it's very tempting to rewrite all the code to
// be fully idiomatic C, if the code's made too different then it gets harder
// and harder to refer back to the disassembled game and spot our mistakes.
// The goal after all is to use this C conversion to expose problem points
// and feed those back into the disassembly's description.
//
// The level data (called "stage" data in this conversion to match the
// original game) is retained whole in the converted game, even including
// embedded addresses. This lets us 'page in' levels by just importing the
// original game data. This also means that any new or adjusted levels
// produced by means of this conversion will be compatible with the original
// game. It will be interesting to see, but unlikely, if the Sinclair User
// demo version of the game uses the same level format. The Amstrad CPC
// version will no doubt be considerably different but perhaps familiar.
//
// Generic code will be converted to use native pointers. This means that
// some word-sized values will need to be indirected through new tables. For
// example see the "chatter" code: the code that prints the messages
// on-screen as the game runs. It previously embedded addresses inline in
// chatter structures. These are replaced with single bytes that reference
// new tables of pointers.
//
// This code is presently one honkin' great source file, including bits I've
// pinched from TGE-in-C. I'll likely split it up in due course, keeping the
// logic and the data separate.
//

#include <assert.h>
#include <stdint.h>
#include <stdio.h>
#include <string.h>

#include "SDL.h"

/* ----------------------------------------------------------------------- */

/* Macros for building bitmaps in code (pinched from TGE-in-C) */

#define ________   (0)
#define _______X   (1)
#define ______X_   (2)
#define ______XX   (3)
#define _____X__   (4)
#define _____X_X   (5)
#define _____XX_   (6)
#define _____XXX   (7)
#define ____X___   (8)
#define ____X__X   (9)
#define ____X_X_  (10)
#define ____X_XX  (11)
#define ____XX__  (12)
#define ____XX_X  (13)
#define ____XXX_  (14)
#define ____XXXX  (15)
#define ___X____  (16)
#define ___X___X  (17)
#define ___X__X_  (18)
#define ___X__XX  (19)
#define ___X_X__  (20)
#define ___X_X_X  (21)
#define ___X_XX_  (22)
#define ___X_XXX  (23)
#define ___XX___  (24)
#define ___XX__X  (25)
#define ___XX_X_  (26)
#define ___XX_XX  (27)
#define ___XXX__  (28)
#define ___XXX_X  (29)
#define ___XXXX_  (30)
#define ___XXXXX  (31)
#define __X_____  (32)
#define __X____X  (33)
#define __X___X_  (34)
#define __X___XX  (35)
#define __X__X__  (36)
#define __X__X_X  (37)
#define __X__XX_  (38)
#define __X__XXX  (39)
#define __X_X___  (40)
#define __X_X__X  (41)
#define __X_X_X_  (42)
#define __X_X_XX  (43)
#define __X_XX__  (44)
#define __X_XX_X  (45)
#define __X_XXX_  (46)
#define __X_XXXX  (47)
#define __XX____  (48)
#define __XX___X  (49)
#define __XX__X_  (50)
#define __XX__XX  (51)
#define __XX_X__  (52)
#define __XX_X_X  (53)
#define __XX_XX_  (54)
#define __XX_XXX  (55)
#define __XXX___  (56)
#define __XXX__X  (57)
#define __XXX_X_  (58)
#define __XXX_XX  (59)
#define __XXXX__  (60)
#define __XXXX_X  (61)
#define __XXXXX_  (62)
#define __XXXXXX  (63)
#define _X______  (64)
#define _X_____X  (65)
#define _X____X_  (66)
#define _X____XX  (67)
#define _X___X__  (68)
#define _X___X_X  (69)
#define _X___XX_  (70)
#define _X___XXX  (71)
#define _X__X___  (72)
#define _X__X__X  (73)
#define _X__X_X_  (74)
#define _X__X_XX  (75)
#define _X__XX__  (76)
#define _X__XX_X  (77)
#define _X__XXX_  (78)
#define _X__XXXX  (79)
#define _X_X____  (80)
#define _X_X___X  (81)
#define _X_X__X_  (82)
#define _X_X__XX  (83)
#define _X_X_X__  (84)
#define _X_X_X_X  (85)
#define _X_X_XX_  (86)
#define _X_X_XXX  (87)
#define _X_XX___  (88)
#define _X_XX__X  (89)
#define _X_XX_X_  (90)
#define _X_XX_XX  (91)
#define _X_XXX__  (92)
#define _X_XXX_X  (93)
#define _X_XXXX_  (94)
#define _X_XXXXX  (95)
#define _XX_____  (96)
#define _XX____X  (97)
#define _XX___X_  (98)
#define _XX___XX  (99)
#define _XX__X__ (100)
#define _XX__X_X (101)
#define _XX__XX_ (102)
#define _XX__XXX (103)
#define _XX_X___ (104)
#define _XX_X__X (105)
#define _XX_X_X_ (106)
#define _XX_X_XX (107)
#define _XX_XX__ (108)
#define _XX_XX_X (109)
#define _XX_XXX_ (110)
#define _XX_XXXX (111)
#define _XXX____ (112)
#define _XXX___X (113)
#define _XXX__X_ (114)
#define _XXX__XX (115)
#define _XXX_X__ (116)
#define _XXX_X_X (117)
#define _XXX_XX_ (118)
#define _XXX_XXX (119)
#define _XXXX___ (120)
#define _XXXX__X (121)
#define _XXXX_X_ (122)
#define _XXXX_XX (123)
#define _XXXXX__ (124)
#define _XXXXX_X (125)
#define _XXXXXX_ (126)
#define _XXXXXXX (127)
#define X_______ (128)
#define X______X (129)
#define X_____X_ (130)
#define X_____XX (131)
#define X____X__ (132)
#define X____X_X (133)
#define X____XX_ (134)
#define X____XXX (135)
#define X___X___ (136)
#define X___X__X (137)
#define X___X_X_ (138)
#define X___X_XX (139)
#define X___XX__ (140)
#define X___XX_X (141)
#define X___XXX_ (142)
#define X___XXXX (143)
#define X__X____ (144)
#define X__X___X (145)
#define X__X__X_ (146)
#define X__X__XX (147)
#define X__X_X__ (148)
#define X__X_X_X (149)
#define X__X_XX_ (150)
#define X__X_XXX (151)
#define X__XX___ (152)
#define X__XX__X (153)
#define X__XX_X_ (154)
#define X__XX_XX (155)
#define X__XXX__ (156)
#define X__XXX_X (157)
#define X__XXXX_ (158)
#define X__XXXXX (159)
#define X_X_____ (160)
#define X_X____X (161)
#define X_X___X_ (162)
#define X_X___XX (163)
#define X_X__X__ (164)
#define X_X__X_X (165)
#define X_X__XX_ (166)
#define X_X__XXX (167)
#define X_X_X___ (168)
#define X_X_X__X (169)
#define X_X_X_X_ (170)
#define X_X_X_XX (171)
#define X_X_XX__ (172)
#define X_X_XX_X (173)
#define X_X_XXX_ (174)
#define X_X_XXXX (175)
#define X_XX____ (176)
#define X_XX___X (177)
#define X_XX__X_ (178)
#define X_XX__XX (179)
#define X_XX_X__ (180)
#define X_XX_X_X (181)
#define X_XX_XX_ (182)
#define X_XX_XXX (183)
#define X_XXX___ (184)
#define X_XXX__X (185)
#define X_XXX_X_ (186)
#define X_XXX_XX (187)
#define X_XXXX__ (188)
#define X_XXXX_X (189)
#define X_XXXXX_ (190)
#define X_XXXXXX (191)
#define XX______ (192)
#define XX_____X (193)
#define XX____X_ (194)
#define XX____XX (195)
#define XX___X__ (196)
#define XX___X_X (197)
#define XX___XX_ (198)
#define XX___XXX (199)
#define XX__X___ (200)
#define XX__X__X (201)
#define XX__X_X_ (202)
#define XX__X_XX (203)
#define XX__XX__ (204)
#define XX__XX_X (205)
#define XX__XXX_ (206)
#define XX__XXXX (207)
#define XX_X____ (208)
#define XX_X___X (209)
#define XX_X__X_ (210)
#define XX_X__XX (211)
#define XX_X_X__ (212)
#define XX_X_X_X (213)
#define XX_X_XX_ (214)
#define XX_X_XXX (215)
#define XX_XX___ (216)
#define XX_XX__X (217)
#define XX_XX_X_ (218)
#define XX_XX_XX (219)
#define XX_XXX__ (220)
#define XX_XXX_X (221)
#define XX_XXXX_ (222)
#define XX_XXXXX (223)
#define XXX_____ (224)
#define XXX____X (225)
#define XXX___X_ (226)
#define XXX___XX (227)
#define XXX__X__ (228)
#define XXX__X_X (229)
#define XXX__XX_ (230)
#define XXX__XXX (231)
#define XXX_X___ (232)
#define XXX_X__X (233)
#define XXX_X_X_ (234)
#define XXX_X_XX (235)
#define XXX_XX__ (236)
#define XXX_XX_X (237)
#define XXX_XXX_ (238)
#define XXX_XXXX (239)
#define XXXX____ (240)
#define XXXX___X (241)
#define XXXX__X_ (242)
#define XXXX__XX (243)
#define XXXX_X__ (244)
#define XXXX_X_X (245)
#define XXXX_XX_ (246)
#define XXXX_XXX (247)
#define XXXXX___ (248)
#define XXXXX__X (249)
#define XXXXX_X_ (250)
#define XXXXX_XX (251)
#define XXXXXX__ (252)
#define XXXXXX_X (253)
#define XXXXXXX_ (254)
#define XXXXXXXX (255)

/* ----------------------------------------------------------------------- */

/* Z80 instruction simulator macros. */

/**
 * Shift left arithmetic.
 */
#define SLA(r)        \
  do {                \
    carry = (r) >> 7; \
    (r) <<= 1;        \
  } while (0)

/**
 * Shift right logical.
 */
#define SRL(r)        \
  do {                \
    carry = (r) & 1;  \
    (r) >>= 1;        \
  } while (0)

/**
 * Rotate left.
 */
#define RL(r)                   \
  do {                          \
    int carry_out;              \
                                \
    carry_out = (r) >> 7;       \
    (r) = ((r) << 1) | (carry); \
    carry = carry_out;          \
  } while (0)

/**
 * Rotate right through carry.
 */
#define RR(r)                         \
  do {                                \
    int carry_out;                    \
                                      \
    carry_out = (r) & 1;              \
    (r) = ((r) >> 1) | (carry << 7);  \
    carry = carry_out;                \
  } while (0)

/**
 * Rotate right.
 */
#define RRC(r)                        \
  do {                                \
    carry = (r) & 1;                  \
    (r) = ((r) >> 1) | (carry << 7);  \
  } while (0)

#define RRD(A, HL)                        \
  do {                                    \
    tmp = *HL & 0x0F;                     \
    *HL = (*HL >> 4) | ((A & 0x0F) << 4); \
    HL++;                                 \
    A = (A & 0xF0) | tmp;                 \
  } while (0)

/// Minimal equivalent of Z80 BCD correct operation
/// Additional
static uint8_t DAA(uint8_t v, int *carry_out)
{
  int lo, hi;
  int carry = 0;

  lo = (v >> 0) & 0x0F;
  hi = (v >> 4) & 0x0F;
  if (lo >= 10) { lo -= 10; hi++; }
  if (hi >= 10) { hi -= 10; carry++; }

  *carry_out = carry;
  return (hi << 4) | (lo << 0);
}

/* ----------------------------------------------------------------------- */

// Pinched from Spectrum.h

#define SCREEN_WIDTH                    (256)
#define SCREEN_HEIGHT                   (192)

enum {
  attribute_BLACK_OVER_BLACK          = 0, // CHQ added
  attribute_BLUE_OVER_BLACK           = 1,
  attribute_RED_OVER_BLACK            = 2,
  attribute_PURPLE_OVER_BLACK         = 3,
  attribute_GREEN_OVER_BLACK          = 4,
  attribute_CYAN_OVER_BLACK           = 5,
  attribute_YELLOW_OVER_BLACK         = 6,
  attribute_WHITE_OVER_BLACK          = 7,
  attribute_BRIGHT_BLUE_OVER_BLACK    = 65,
  attribute_BRIGHT_RED_OVER_BLACK     = 66,
  attribute_BRIGHT_PURPLE_OVER_BLACK  = 67,
  attribute_BRIGHT_GREEN_OVER_BLACK   = 68,
  attribute_BRIGHT_CYAN_OVER_BLACK    = 69,
  attribute_BRIGHT_YELLOW_OVER_BLACK  = 70,
  attribute_BRIGHT_WHITE_OVER_BLACK   = 71
};

/* Memory map */

#define ROM_LENGTH                      0x4000
#define SCREEN_BITMAP_LENGTH            (SCREEN_WIDTH / 8 * SCREEN_HEIGHT)
#define SCREEN_ATTRIBUTES_LENGTH        (SCREEN_WIDTH / 8 * SCREEN_HEIGHT / 8)
#define SCREEN_LENGTH                   (SCREEN_BITMAP_LENGTH + SCREEN_ATTRIBUTES_LENGTH)

#define ROM_START_ADDRESS               ((uint16_t) 0x0000)
#define ROM_END_ADDRESS                 ((uint16_t) 0x3FFF)
#define SCREEN_START_ADDRESS            ((uint16_t) 0x4000)
#define SCREEN_END_ADDRESS              ((uint16_t) 0x57FF)
#define SCREEN_ATTRIBUTES_START_ADDRESS ((uint16_t) 0x5800)
#define SCREEN_ATTRIBUTES_END_ADDRESS   ((uint16_t) 0x5AFF)

/* ----------------------------------------------------------------------- */

#define SCREEN(addr) (&state->screen[(addr) - SCREEN_START_ADDRESS])
#define BACKBUF(addr) (&state->backbuffer[(addr) - BACKBUFFER_START_ADDRESS])

#define ATTRIBUTE_BRIGHT      (1<<6)

#define STREND                (1<<7) // string terminating top bit

#define QUITSTATE_IDLE        (0)
#define QUITSTATE_START       (1)
#define QUITSTATE_DONE        (2) // not sure

#define USERINPUT_RIGHT       (1<<0)
#define USERINPUT_LEFT        (1<<1)
#define USERINPUT_DOWN        (1<<2) // aka brake
#define USERINPUT_UP          (1<<3) // aka accelerate
#define USERINPUT_FIRE        (1<<4) // aka gear
#define USERINPUT_TURBO       (1<<5)
#define USERINPUT_PAUSE       (1<<6)
#define USERINPUT_QUIT        (1<<7)
#define USERINPUT_ALLOW_ALL   (0xFF)

#define EFFECT_SQUEAL         (1)
#define EFFECT_LANDING        (2)
#define EFFECT_CAR_HIT        (3)
#define EFFECT_SCENERY_HIT    (4)
#define EFFECT_HAZARD_HIT     (5)
#define EFFECT_WALL_HIT       (6)
#define EFFECT_CORNERING      (7)
#define EFFECT_BIP            (8)
#define EFFECT_BOW            (9)

// these state names need clarification
#define TIMEUPSTATE_INIT           (0)
#define TIMEUPSTATE_CHECK_TIME_UP  (1)
#define TIMEUPSTATE_CAR_STOPPED    (2)
#define TIMEUPSTATE_CHECK_RESTART  (3)
#define TIMEUPSTATE_WAITING        (4)

#define CHATTERSTATE_IDLE     (0)
#define CHATTERSTATE_START    (1)
#define CHATTERSTATE_RUN      (2)
#define CHATTERSTATE_STOP     (3)

typedef uint8_t chatterpriority_t;

#define STAGEDATA_BASE        (0x5C00)
#define STAGEDATA_END         (0x76EF) // inclusive
#define STAGEDATA_SIZE        (STAGEDATA_END + 1 - STAGEDATA_BASE)

/* ----------------------------------------------------------------------- */

static const uint8_t stage1[] = {
  0xFF, 0xFF, 0xFF, 0xFF, 0xFF, 0xFF, 0xFF, 0xFF, 0xFF, 0xFF, 0xF0, 0x25, 0x5D, 0x7F, 0x5F, 0xFF,
  0xFF, 0xAF, 0x0E, 0xA5, 0xB8, 0x08, 0x2B, 0xBA, 0x87, 0xD7, 0xF5, 0x55, 0xE3, 0x02, 0x57, 0x02,
  0x15, 0xFC, 0x02, 0xAB, 0xA8, 0x02, 0xB0, 0x80, 0x0B, 0x80, 0xBF, 0xEE, 0x01, 0x56, 0x38, 0x00,
  0x58, 0x00, 0x07, 0x51, 0x7C, 0xD6, 0x02, 0xAC, 0xE2, 0xA0, 0x0E, 0x08, 0x0A, 0xAF, 0xF0, 0x69,
  0x41, 0x51, 0x85, 0x58, 0x03, 0x82, 0x01, 0xDF, 0xC0, 0x34, 0x0A, 0x02, 0x2A, 0xFF, 0x00, 0xE0,
  0x80, 0xBA, 0xF8, 0x0E, 0x00, 0x68, 0x55, 0xFF, 0x80, 0x10, 0x53, 0xC4, 0x57, 0x80, 0x03, 0xD2,
  0xAF, 0xFF, 0xF0, 0x00, 0xFE, 0x00, 0x8A, 0xF8, 0x0E, 0xA5, 0x7F, 0xFF, 0xFA, 0x04, 0xFF, 0x40,
  0x01, 0x5D, 0x47, 0x08, 0xFF, 0x5D, 0xDD, 0x7F, 0xFF, 0xE0, 0x0A, 0x23, 0xE1, 0xC3, 0xFA, 0xAA,
  0xAA, 0xAF, 0x57, 0xF4, 0x01, 0x04, 0x74, 0x07, 0xF5, 0x55, 0x11, 0x55, 0xAA, 0xFE, 0x80, 0x00,
  0xAF, 0xBF, 0xAA, 0x00, 0x02, 0x2A, 0x57, 0x7F, 0xD0, 0x00, 0x15, 0xFD, 0x7F, 0xD4, 0x00, 0x45,
  0x4A, 0xFF, 0xFA, 0xA0, 0x2A, 0xAB, 0xF8, 0x02, 0xA8, 0x08, 0x95, 0xFF, 0xFC, 0x14, 0x11, 0x7F,
  0x80, 0x00, 0x04, 0x00, 0x01, 0x7F, 0xE0, 0x02, 0x00, 0x78, 0x00, 0x00, 0x02, 0x80, 0x0A, 0xFF,
  0x00, 0x01, 0x40, 0xC0, 0x00, 0x00, 0x00, 0x50, 0x01, 0xFE, 0x00, 0x00, 0x2B, 0x00, 0x00, 0x00,
  0x00, 0x08, 0x02, 0xB0, 0x00, 0x00, 0x00, 0x00, 0x00, 0x00, 0x00, 0x05, 0xA1, 0xE0, 0x00, 0x00,
  0x00, 0x00, 0x00, 0x00, 0x00, 0x00, 0x17, 0x00, 0x00, 0x00, 0x00, 0x00, 0x00, 0x00, 0x00, 0x00,
  0x2A, 0x64, 0x00, 0x00, 0x70, 0x70, 0x40, 0x5E, 0x42, 0x5E, 0x3F, 0x5E, 0x54, 0x5E, 0x81, 0x5E,
  0x7E, 0x5E, 0x93, 0x5E, 0x39, 0x5D, 0xED, 0x5D, 0x00, 0x00, 0x0C, 0x00, 0x46, 0x6A, 0x70, 0x6A,
  0x92, 0x64, 0x3E, 0x64, 0x68, 0x64, 0x3E, 0x64, 0x92, 0x64, 0x14, 0x50, 0x5A, 0xEA, 0x00, 0xC3,
  0x5E, 0xE3, 0x5E, 0x0E, 0x5F, 0x77, 0x5F, 0x29, 0x5F, 0x1C, 0x5F, 0xEA, 0x00, 0xD3, 0x61, 0x08,
  0x62, 0x5C, 0x62, 0x13, 0x63, 0x93, 0x62, 0x76, 0x62, 0x01, 0x45, 0x5D, 0x6D, 0x5D, 0x95, 0x5D,
  0xBF, 0x5D, 0xFE, 0xBD, 0x98, 0x54, 0x48, 0x49, 0x53, 0x20, 0x49, 0x53, 0x20, 0x4E, 0x41, 0x4E,
  0x43, 0x59, 0x20, 0x41, 0x54, 0x20, 0x43, 0x48, 0x41, 0x53, 0x45, 0x20, 0x48, 0x2E, 0x51, 0x2E,
  0x20, 0x57, 0x45, 0x27, 0x56, 0x45, 0x20, 0x47, 0x4F, 0x54, 0x20, 0x41, 0xCE, 0x45, 0x4D, 0x45,
  0x52, 0x47, 0x45, 0x4E, 0x43, 0x59, 0x20, 0x48, 0x45, 0x52, 0x45, 0x2E, 0x20, 0x52, 0x41, 0x4C,
  0x50, 0x48, 0x20, 0x54, 0x48, 0x45, 0x20, 0x49, 0x44, 0x41, 0x48, 0x4F, 0x20, 0x53, 0x4C, 0x41,
  0x53, 0x48, 0x45, 0x52, 0xAC, 0x49, 0x53, 0x20, 0x46, 0x4C, 0x45, 0x45, 0x49, 0x4E, 0x47, 0x20,
  0x54, 0x4F, 0x57, 0x41, 0x52, 0x44, 0x53, 0x20, 0x54, 0x48, 0x45, 0x20, 0x53, 0x55, 0x42, 0x55,
  0x52, 0x42, 0x53, 0x2E, 0x20, 0x54, 0x48, 0x45, 0x20, 0x54, 0x41, 0x52, 0x47, 0x45, 0xD4, 0x56,
  0x45, 0x48, 0x49, 0x43, 0x4C, 0x45, 0x20, 0x49, 0x53, 0x20, 0x41, 0x20, 0x57, 0x48, 0x49, 0x54,
  0x45, 0x20, 0x42, 0x52, 0x49, 0x54, 0x49, 0x53, 0x48, 0x20, 0x53, 0x50, 0x4F, 0x52, 0x54, 0x53,
  0x20, 0x43, 0x41, 0x52, 0x2E, 0x2E, 0x2E, 0x20, 0x4F, 0x56, 0x45, 0x52, 0xAE, 0x06, 0x06, 0x02,
  0x00, 0x02, 0xF8, 0x22, 0x59, 0x4F, 0x4B, 0x21, 0x20, 0x59, 0x4F, 0x55, 0x20, 0x41, 0x52, 0x45,
  0x20, 0x55, 0x4E, 0x44, 0x45, 0x52, 0x20, 0x41, 0x52, 0x52, 0x45, 0x53, 0x54, 0x20, 0x4F, 0xCE,
  0x06, 0x02, 0x00, 0x23, 0xF0, 0x43, 0x59, 0x53, 0x55, 0x53, 0x50, 0x49, 0x43, 0x49, 0x4F, 0x4E,
  0x20, 0x4F, 0x46, 0x20, 0x46, 0x49, 0x52, 0x53, 0x54, 0x20, 0x44, 0x45, 0x47, 0x52, 0x45, 0x45,
  0xA0, 0x2D, 0x02, 0x00, 0x2C, 0xF8, 0x6C, 0x59, 0x4D, 0x55, 0x52, 0x44, 0x45, 0xD2, 0x03, 0x00,
  0x10, 0x82, 0x6D, 0x20, 0xF2, 0x6D, 0x6F, 0x29, 0x50, 0xE9, 0xE1, 0x52, 0x92, 0x00, 0x00, 0x00,
  0x00, 0x00, 0x00, 0x00, 0x90, 0x5C, 0x28, 0x05, 0x7E, 0x71, 0x91, 0x5E, 0x24, 0x3C, 0xF6, 0x70,
  0x71, 0x91, 0x6E, 0x31, 0x50, 0x06, 0x71, 0x71, 0x91, 0x6E, 0x35, 0x50, 0xD1, 0x6E, 0x71, 0x91,
  0x6E, 0x35, 0x50, 0xDC, 0x6F, 0x71, 0x91, 0x64, 0x18, 0x46, 0x0C, 0x6B, 0xE1, 0x92, 0x64, 0x18,
  0x46, 0xF6, 0x6A, 0xE1, 0x92, 0x7E, 0xBC, 0x50, 0xE9, 0xE1, 0x4D, 0x92, 0x00, 0x00, 0x00, 0x00,
  0x00, 0x00, 0x00, 0x60, 0x90, 0x28, 0x05, 0x7E, 0x6C, 0x91, 0x8C, 0xC4, 0x3C, 0xF6, 0x70, 0x6C,
  0x91, 0x7C, 0xD0, 0x50, 0x06, 0x71, 0x6C, 0x91, 0x84, 0xB6, 0x50, 0xDE, 0x6E, 0x6C, 0x91, 0x84,
  0xB6, 0x50, 0xE6, 0x6F, 0x6C, 0x91, 0x81, 0xB6, 0x46, 0x0C, 0x6B, 0x78, 0x92, 0x81, 0xC8, 0x46,
  0xF6, 0x6A, 0x78, 0x92, 0xF0, 0xF0, 0xF9, 0xE9, 0xF1, 0x51, 0xF0, 0xF0, 0xF0, 0xF0, 0xF0, 0xEA,
  0xF9, 0x19, 0xF1, 0xF1, 0x11, 0xF0, 0x90, 0xF9, 0x59, 0xF2, 0xA2, 0xB1, 0xF0, 0xA0, 0x00, 0x02,
  0xD2, 0x5F, 0x88, 0x60, 0xF8, 0xF8, 0xF8, 0xF8, 0xF8, 0x78, 0x17, 0xD5, 0x17, 0x18, 0x19, 0xFB,
  0x9B, 0x39, 0x28, 0x25, 0x83, 0x8D, 0x2B, 0x28, 0x37, 0x75, 0x83, 0x25, 0x27, 0x68, 0x29, 0xEB,
  0xF9, 0xF8, 0xF8, 0xF8, 0xF8, 0xF8, 0xF8, 0xF8, 0x68, 0x00, 0x02, 0xE6, 0x5F, 0xA3, 0x60, 0x1E,
  0x81, 0x02, 0xAD, 0xFE, 0x00, 0x22, 0x00, 0x00, 0x02, 0x03, 0x60, 0xE5, 0x60, 0x93, 0x00, 0x0E,
  0x0C, 0x00, 0x0C, 0x01, 0x00, 0x02, 0x09, 0x60, 0xEF, 0x60, 0x15, 0x10, 0x15, 0x30, 0x15, 0x30,
  0x15, 0x30, 0x15, 0x50, 0x15, 0x10, 0x15, 0x30, 0x15, 0x70, 0x14, 0x30, 0x14, 0x50, 0x14, 0x10,
  0x14, 0x10, 0x14, 0xB0, 0x14, 0x70, 0x15, 0x30, 0x15, 0x30, 0x14, 0x30, 0x14, 0x30, 0x14, 0x50,
  0x14, 0x50, 0x14, 0x50, 0x14, 0x30, 0x14, 0x30, 0x14, 0x30, 0x15, 0x10, 0x15, 0x50, 0x16, 0x30,
  0x16, 0x30, 0x16, 0x30, 0x16, 0x30, 0x16, 0x30, 0x16, 0x30, 0x16, 0x30, 0x16, 0x30, 0x16, 0x30,
  0x16, 0x10, 0x00, 0x02, 0x11, 0x60, 0x09, 0x61, 0x14, 0x30, 0x14, 0x30, 0x14, 0x10, 0x14, 0x90,
  0x14, 0x10, 0x14, 0x10, 0x14, 0x30, 0x14, 0x30, 0x14, 0x70, 0x14, 0x30, 0x14, 0x10, 0x14, 0x10,
  0x14, 0x70, 0x15, 0x30, 0x15, 0x10, 0x14, 0x30, 0x14, 0x10, 0x14, 0x10, 0x14, 0x10, 0x14, 0x10,
  0x15, 0x10, 0x15, 0x30, 0x14, 0x30, 0x14, 0x30, 0x14, 0x70, 0x14, 0x10, 0x14, 0x10, 0x14, 0x10,
  0x14, 0x50, 0x14, 0x10, 0x14, 0x50, 0x14, 0x50, 0x16, 0x30, 0x16, 0x30, 0x16, 0x30, 0x16, 0x30,
  0x16, 0x30, 0x16, 0x30, 0x16, 0x30, 0x16, 0x30, 0x16, 0x30, 0x16, 0x10, 0x00, 0x02, 0x52, 0x60,
  0x43, 0x61, 0xF0, 0xF0, 0xF0, 0x60, 0xC1, 0xF2, 0x22, 0xF3, 0xF3, 0xC2, 0xE1, 0xF0, 0xF0, 0xF0,
  0xF0, 0xE0, 0x00, 0x00, 0x73, 0x61, 0xD8, 0x47, 0x45, 0x63, 0xB1, 0x23, 0x35, 0x27, 0xF8, 0xF8,
  0xF8, 0xF8, 0xF8, 0xF8, 0x78, 0x39, 0x4B, 0x6D, 0x7F, 0x7D, 0x5B, 0x39, 0xF8, 0xF8, 0x38, 0x00,
  0x00, 0x89, 0x61, 0xD2, 0x00, 0x00, 0x00, 0xA5, 0x61, 0x0A, 0x00, 0x0D, 0x5F, 0x00, 0x00, 0xB9,
  0x61, 0x40, 0x14, 0x10, 0x14, 0x10, 0x14, 0x30, 0x14, 0x10, 0x14, 0x30, 0x14, 0x10, 0x14, 0x10,
  0x14, 0x30, 0x17, 0x10, 0x17, 0x10, 0x17, 0x30, 0x17, 0x10, 0x17, 0x10, 0x17, 0x30, 0x17, 0x30,
  0x17, 0x30, 0x17, 0x30, 0x17, 0x10, 0x17, 0x10, 0x17, 0x10, 0x17, 0x10, 0x17, 0x70, 0x17, 0x30,
  0x17, 0xF0, 0x16, 0x10, 0x16, 0x10, 0x16, 0x30, 0x16, 0x10, 0x16, 0x10, 0x16, 0x20, 0x00, 0x00,
  0xBE, 0x61, 0xF0, 0xF0, 0x10, 0x17, 0x10, 0x17, 0x10, 0x17, 0xA0, 0x17, 0x30, 0x17, 0x30, 0x17,
  0x10, 0x17, 0x30, 0x17, 0x30, 0x17, 0x30, 0x17, 0x70, 0x16, 0x10, 0x16, 0x10, 0x16, 0x10, 0x16,
  0x10, 0x16, 0x10, 0x16, 0x10, 0x16, 0x10, 0x16, 0x10, 0x16, 0x10, 0x16, 0x30, 0x16, 0x10, 0x16,
  0x10, 0x16, 0x10, 0x16, 0x00, 0x00, 0xC9, 0x61, 0xF0, 0x80, 0xF9, 0x29, 0xFA, 0xFA, 0xBA, 0x69,
  0xF0, 0x50, 0x71, 0xB2, 0x41, 0x49, 0xFA, 0x4A, 0xFB, 0x8A, 0x92, 0x73, 0x21, 0xF0, 0x20, 0x00,
  0x00, 0x73, 0x61, 0xF8, 0x58, 0x55, 0x18, 0x5B, 0x18, 0x55, 0x18, 0x5B, 0x18, 0x55, 0x18, 0x5B,
  0x18, 0x55, 0x18, 0x5B, 0x18, 0x55, 0x18, 0x5B, 0x18, 0x55, 0x18, 0x5B, 0x18, 0x55, 0x18, 0x5B,
  0x18, 0x55, 0x18, 0x5B, 0x18, 0x55, 0x18, 0x5B, 0x18, 0x55, 0x18, 0x5B, 0x18, 0x55, 0x18, 0x5B,
  0x18, 0x55, 0x18, 0x5B, 0x18, 0x55, 0x18, 0x5B, 0x18, 0x55, 0x18, 0x5B, 0x18, 0x55, 0x18, 0x5B,
  0xB8, 0x00, 0x00, 0x89, 0x61, 0x14, 0x00, 0xB2, 0xC1, 0x0C, 0x00, 0x00, 0x00, 0xA5, 0x61, 0x0A,
  0x00, 0x09, 0x01, 0x00, 0x06, 0x29, 0x00, 0x09, 0x04, 0x00, 0x06, 0x2A, 0x00, 0x09, 0x02, 0x00,
  0x03, 0x01, 0x00, 0x0D, 0x04, 0x00, 0x00, 0xB9, 0x61, 0xA0, 0x13, 0x70, 0x17, 0x10, 0x17, 0x10,
  0x17, 0x10, 0x17, 0x10, 0x17, 0x10, 0x17, 0x50, 0x17, 0x10, 0x17, 0x50, 0x17, 0x30, 0x17, 0x10,
  0x17, 0x10, 0x17, 0x10, 0x17, 0x30, 0x17, 0x10, 0x17, 0x30, 0x17, 0x10, 0x17, 0x70, 0x17, 0x10,
  0x17, 0x10, 0x17, 0x10, 0x17, 0xD0, 0x17, 0x10, 0x17, 0x10, 0x17, 0x50, 0x16, 0x10, 0x16, 0x00,
  0x00, 0xBE, 0x61, 0x16, 0x30, 0x16, 0x30, 0x16, 0x10, 0x13, 0xB0, 0x17, 0x10, 0x17, 0x10, 0x17,
  0x10, 0x17, 0x90, 0x17, 0x10, 0x17, 0x70, 0x17, 0xF0, 0x17, 0x10, 0x17, 0x10, 0x17, 0x10, 0x17,
  0x10, 0x17, 0x10, 0x17, 0x10, 0x17, 0x10, 0x17, 0x10, 0x17, 0x10, 0x17, 0xD0, 0x17, 0x80, 0x00,
  0x00, 0xC9, 0x61, 0xF0, 0xF0, 0x50, 0xCA, 0x11, 0xA2, 0x61, 0x80, 0xF9, 0x19, 0xF1, 0xA1, 0xF2,
  0xF1, 0xB1, 0xF0, 0xF0, 0x60, 0x00, 0x00, 0xD4, 0x61, 0xFD, 0x3B, 0x48, 0xF1, 0x13, 0xF8, 0xD8,
  0xF5, 0x55, 0x63, 0x81, 0x23, 0x25, 0x18, 0x29, 0x4B, 0x4D, 0xBF, 0xAD, 0xBB, 0x29, 0xF8, 0xF8,
  0xB8, 0x00, 0x00, 0x09, 0x62, 0x2C, 0x00, 0x02, 0xBD, 0x0C, 0x81, 0x66, 0x45, 0x02, 0x59, 0x12,
  0x81, 0x02, 0xAD, 0x08, 0x00, 0x00, 0x00, 0x5D, 0x62, 0x5F, 0x00, 0x00, 0x77, 0x62, 0xF0, 0xF0,
  0xF1, 0xF1, 0xF1, 0x61, 0xE0, 0x00, 0x00, 0x94, 0x62, 0xF0, 0xF0, 0xF1, 0xF1, 0xF1, 0x61, 0xE0,
  0x00, 0x00, 0x14, 0x63, 0x30, 0xF9, 0x89, 0xF1, 0x51, 0x90, 0xB9, 0xF1, 0x51, 0xB2, 0x10, 0xF2,
  0x82, 0x91, 0x99, 0xFA, 0x7A, 0x10, 0xFA, 0x3A, 0xC9, 0xF0, 0x20, 0x5A, 0x2B, 0x2A, 0x29, 0x21,
  0x22, 0xA3, 0x52, 0xA1, 0xF0, 0xF0, 0xF0, 0xF0, 0xF0, 0xF0, 0xF0, 0xF0, 0xF0, 0xF0, 0x30, 0xF1,
  0x41, 0xC2, 0x61, 0x59, 0x60, 0x00, 0x00, 0xD4, 0x61, 0xF8, 0xF8, 0xF8, 0xA8, 0x45, 0xA3, 0xCD,
  0x4B, 0xF8, 0xF8, 0xF8, 0x68, 0x47, 0x55, 0xF3, 0x33, 0xF1, 0x1B, 0x6F, 0xFD, 0x7D, 0xFB, 0xFB,
  0xFB, 0x49, 0x38, 0x57, 0x45, 0x13, 0x11, 0xC3, 0x21, 0x6F, 0x3D, 0x2B, 0x19, 0x28, 0x17, 0x25,
  0x33, 0x51, 0x23, 0x15, 0x17, 0x18, 0x19, 0x2B, 0x3D, 0x5B, 0x29, 0xE8, 0x17, 0x15, 0x23, 0x25,
  0x17, 0x19, 0x2B, 0x2D, 0x1B, 0x19, 0xA8, 0x19, 0x1B, 0x2D, 0x1B, 0x19, 0x18, 0x17, 0x15, 0x23,
  0x15, 0x17, 0xF8, 0xF8, 0xF8, 0xF8, 0x78, 0x2B, 0x38, 0x00, 0x00, 0x09, 0x62, 0xFE, 0x00, 0x24,
  0x00, 0x22, 0x8E, 0x02, 0x9E, 0x1E, 0x00, 0x0A, 0x81, 0x02, 0xAD, 0x16, 0x00, 0x06, 0x8E, 0x02,
  0x9E, 0x34, 0x00, 0x00, 0x00, 0x5D, 0x62, 0x2A, 0x00, 0x07, 0x02, 0x00, 0x03, 0x04, 0x00, 0x07,
  0x02, 0x00, 0x03, 0x1B, 0x00, 0x08, 0x02, 0x00, 0x03, 0x63, 0x00, 0x08, 0x01, 0x00, 0x03, 0x2E,
  0x00, 0x00, 0x77, 0x62, 0x30, 0x16, 0x10, 0x16, 0x10, 0x16, 0x60, 0x19, 0x10, 0x19, 0x10, 0x19,
  0x50, 0x17, 0x10, 0x17, 0x10, 0x17, 0x10, 0x17, 0x30, 0x17, 0x10, 0x17, 0x30, 0x19, 0x10, 0x19,
  0x10, 0x19, 0x10, 0x19, 0x90, 0x19, 0x10, 0x19, 0x10, 0x19, 0x30, 0x17, 0x10, 0x18, 0x10, 0x18,
  0x30, 0x17, 0x10, 0x17, 0x70, 0x18, 0x10, 0x18, 0xF0, 0x16, 0x10, 0x16, 0x10, 0x16, 0x30, 0x19,
  0x10, 0x19, 0x10, 0x19, 0x30, 0x16, 0x10, 0x16, 0x10, 0x16, 0xB0, 0x14, 0x30, 0x14, 0x30, 0x14,
  0x10, 0x15, 0x10, 0x15, 0x50, 0x14, 0x10, 0x14, 0x50, 0x14, 0x10, 0x14, 0x50, 0x15, 0x10, 0x15,
  0x10, 0x15, 0x30, 0x14, 0x30, 0x14, 0x30, 0x14, 0x10, 0x14, 0x30, 0x16, 0x10, 0x16, 0x10, 0x16,
  0x30, 0x16, 0x90, 0x19, 0x10, 0x19, 0x10, 0x19, 0x10, 0x19, 0x10, 0x19, 0x70, 0x16, 0x10, 0x16,
  0x00, 0x00, 0x94, 0x62, 0x20, 0x18, 0x10, 0x18, 0x10, 0x18, 0x10, 0x18, 0x30, 0x17, 0x10, 0x17,
  0x10, 0x17, 0x70, 0x17, 0x10, 0x17, 0x10, 0x17, 0x10, 0x17, 0x10, 0x17, 0x50, 0x19, 0x10, 0x19,
  0x10, 0x19, 0x10, 0x19, 0x10, 0x19, 0x10, 0x19, 0xF0, 0x17, 0x30, 0x17, 0x30, 0x18, 0x10, 0x18,
  0x10, 0x18, 0x10, 0x18, 0x70, 0x16, 0x10, 0x16, 0x10, 0x16, 0x10, 0x16, 0x30, 0x16, 0x30, 0x16,
  0x90, 0x19, 0x10, 0x19, 0x10, 0x19, 0x10, 0x19, 0xF0, 0x60, 0x15, 0x10, 0x15, 0x10, 0x15, 0x50,
  0x15, 0x30, 0x15, 0x30, 0x14, 0x30, 0x14, 0x50, 0x14, 0x30, 0x14, 0x30, 0x14, 0xB0, 0x14, 0x10,
  0x14, 0x10, 0x14, 0x90, 0x19, 0x10, 0x19, 0x10, 0x19, 0x10, 0x19, 0x10, 0x19, 0x30, 0x19, 0x10,
  0x19, 0x50, 0x16, 0x10, 0x16, 0x20, 0x00, 0x00, 0x14, 0x63, 0xFF, 0xFF, 0xFF, 0xFF, 0x9F, 0x9E,
  0x38, 0x1D, 0x9F, 0xE3, 0xE0, 0x0D, 0xBE, 0x3E, 0x20, 0x0F, 0xBF, 0xE0, 0x00, 0x0F, 0xBA, 0x00,
  0x20, 0x0F, 0xBE, 0x2A, 0x10, 0x2F, 0xF6, 0x41, 0x11, 0x47, 0xFC, 0x00, 0x50, 0x07, 0xF8, 0x3E,
  0x04, 0x3F, 0xEC, 0xCF, 0x09, 0xCF, 0xFF, 0xFF, 0xDB, 0xFF, 0xEF, 0xFF, 0xFF, 0xFF, 0xDE, 0xFF,
  0xFF, 0xFF, 0xFD, 0xFF, 0xE7, 0xFF, 0xEA, 0xFF, 0xE7, 0xFF, 0xC1, 0xDD, 0x43, 0x7D, 0xCA, 0xAA,
  0xC2, 0xAB, 0xAB, 0xD5, 0xA3, 0x57, 0xAA, 0x7F, 0xC0, 0xFD, 0xA3, 0x01, 0x22, 0x01, 0xA6, 0x83,
  0x01, 0x05, 0x97, 0x07, 0xE3, 0x09, 0x97, 0x87, 0xFC, 0x95, 0x8F, 0x4D, 0xF0, 0x09, 0x87, 0xE8,
  0x41, 0x11, 0x87, 0xD0, 0xFF, 0x09, 0x86, 0xE9, 0xF8, 0x19, 0x87, 0x50, 0x00, 0xA9, 0x87, 0xAB,
  0x07, 0x11, 0x8F, 0xD1, 0xFC, 0x31, 0x8D, 0xA8, 0xF0, 0x51, 0x9E, 0xD0, 0x00, 0x31, 0xBD, 0xFA,
  0x11, 0x6D, 0xCA, 0xFD, 0x3A, 0xE3, 0x88, 0x7F, 0xFF, 0xA5, 0x98, 0xBF, 0xFF, 0x23, 0x98, 0x57,
  0xFF, 0x25, 0xD8, 0x0A, 0xEB, 0xAB, 0xFF, 0xFF, 0xFF, 0xFF, 0x78, 0x70, 0x30, 0x30, 0x78, 0x70,
  0x70, 0x30, 0x78, 0x70, 0x70, 0x30, 0x78, 0x70, 0x30, 0x30, 0x70, 0x70, 0x30, 0x28, 0x06, 0x00,
  0x1E, 0xBC, 0x64, 0xBC, 0x64, 0x05, 0x00, 0x16, 0x70, 0x65, 0x70, 0x65, 0x03, 0x00, 0x0F, 0xDE,
  0x65, 0xDE, 0x65, 0x03, 0x00, 0x0F, 0xDE, 0x65, 0xDE, 0x65, 0x03, 0x01, 0x08, 0x1A, 0x69, 0x1A,
  0x69, 0x03, 0x01, 0x08, 0x1A, 0x69, 0x4A, 0x69, 0x06, 0x00, 0x27, 0x0B, 0x66, 0x0B, 0x66, 0x05,
  0x00, 0x1D, 0xF5, 0x66, 0xF5, 0x66, 0x03, 0x00, 0x14, 0x86, 0x67, 0x86, 0x67, 0x03, 0x00, 0x14,
  0x86, 0x67, 0x86, 0x67, 0x02, 0x01, 0x0C, 0x7A, 0x69, 0xAA, 0x69, 0x02, 0x01, 0x0C, 0x7A, 0x69,
  0xAA, 0x69, 0x06, 0x00, 0x1F, 0xC2, 0x67, 0xC2, 0x67, 0x05, 0x00, 0x16, 0x7C, 0x68, 0x7C, 0x68,
  0x03, 0x00, 0x10, 0xEA, 0x68, 0xEA, 0x68, 0x03, 0x00, 0x10, 0xEA, 0x68, 0xEA, 0x68, 0x03, 0x01,
  0x09, 0xDA, 0x69, 0x10, 0x6A, 0x03, 0x01, 0x09, 0xDA, 0x69, 0x10, 0x6A, 0x07, 0xFF, 0xFF, 0xFF,
  0xFF, 0xF0, 0x3F, 0xFF, 0xFF, 0xFF, 0xFF, 0xFE, 0x7F, 0xFF, 0xFF, 0xFF, 0xFF, 0xFF, 0x7E, 0x5F,
  0xFF, 0xFF, 0xFD, 0x3F, 0x79, 0xFF, 0xFF, 0xFF, 0xFF, 0xCF, 0x3B, 0xFF, 0xFF, 0xFF, 0xFF, 0xEE,
  0x1E, 0xAB, 0xAA, 0xAA, 0xEA, 0xBC, 0x14, 0x07, 0xFF, 0xFF, 0xF0, 0x14, 0x22, 0xBF, 0x6F, 0xFE,
  0xDE, 0xA2, 0x2F, 0xFE, 0x4E, 0xAC, 0x9F, 0xFA, 0x3F, 0xFF, 0xFD, 0x57, 0xFF, 0xFE, 0x3F, 0xF7,
  0xA4, 0x0A, 0xFF, 0xFE, 0x37, 0x2A, 0x80, 0x00, 0xBF, 0xFE, 0x2A, 0x57, 0x00, 0x00, 0x61, 0xFE,
  0x22, 0xFF, 0x55, 0x55, 0x5E, 0x7E, 0x25, 0xC3, 0xAA, 0xAA, 0xA1, 0x9A, 0x57, 0x29, 0xFF, 0xFF,
  0xCA, 0x6D, 0x6C, 0x01, 0x2A, 0xAA, 0x40, 0x1B, 0x74, 0x01, 0x35, 0x56, 0x40, 0x1F, 0x77, 0x55,
  0xFF, 0xFF, 0xD5, 0x7F, 0x39, 0xC3, 0x80, 0x00, 0xE1, 0xDE, 0x08, 0x7F, 0xEA, 0xAB, 0xFF, 0x08,
  0x0D, 0x03, 0xFF, 0xFF, 0xE0, 0x58, 0x03, 0xB1, 0x55, 0x55, 0x46, 0xE0, 0x38, 0xFF, 0xE0, 0x03,
  0xFF, 0x8E, 0x4C, 0x75, 0x7F, 0xFF, 0x57, 0x19, 0x5F, 0xFF, 0xFF, 0xFF, 0xFF, 0xFD, 0x48, 0x00,
  0x00, 0x00, 0x00, 0x09, 0x67, 0xFF, 0xFF, 0xFF, 0xFF, 0xF3, 0x1C, 0x00, 0x00, 0x00, 0x00, 0x1C,
  0x07, 0xFF, 0xFF, 0xFF, 0xE0, 0x3F, 0xFF, 0xFF, 0xFF, 0xF8, 0x3F, 0xFF, 0xFF, 0xFF, 0xFC, 0x32,
  0xFF, 0xFF, 0xFE, 0x9C, 0x37, 0xFF, 0xFF, 0xFF, 0xD8, 0x18, 0x1F, 0xFF, 0xF0, 0x30, 0x25, 0x7B,
  0x7F, 0x6D, 0x48, 0x2F, 0xF2, 0x66, 0x4F, 0xE8, 0x3F, 0x5F, 0xC3, 0xFF, 0xF8, 0x36, 0x25, 0x01,
  0x5F, 0xF8, 0x28, 0x78, 0x00, 0x3F, 0xF8, 0x21, 0x8D, 0x55, 0x63, 0xA8, 0x16, 0x2F, 0xFF, 0xE8,
  0xD4, 0x34, 0x09, 0x55, 0x20, 0x7C, 0x37, 0x1F, 0xFF, 0xF1, 0xFC, 0x08, 0xFE, 0xAA, 0xFE, 0x10,
  0x06, 0x0F, 0xFF, 0xF0, 0x60, 0x03, 0x6F, 0x49, 0x76, 0xC0, 0x24, 0xDB, 0xFF, 0xDB, 0x24, 0x2F,
  0xFF, 0xFF, 0xFF, 0xF4, 0x37, 0xFF, 0xFF, 0xFF, 0xEC, 0x18, 0x00, 0x00, 0x00, 0x30, 0x7F, 0xFF,
  0xFE, 0xE7, 0xFF, 0xE7, 0xDF, 0xFF, 0xFB, 0x63, 0xFF, 0xC6, 0xDF, 0x5A, 0xFA, 0xFF, 0xE7, 0xFF,
  0xCF, 0x00, 0x7F, 0x99, 0xFF, 0x9F, 0xA1, 0x00, 0x87, 0xBB, 0xFF, 0xDF, 0x66, 0xFF, 0x76, 0x11,
  0xA5, 0xB8, 0xEA, 0xFF, 0xF7, 0xBF, 0xFF, 0xFD, 0x60, 0x00, 0x06, 0x0F, 0xFF, 0xFF, 0xFF, 0xFF,
  0xF0, 0x1F, 0xFF, 0xFF, 0xFF, 0xFF, 0xF8, 0x7F, 0xFF, 0xFF, 0xFF, 0xFF, 0xFE, 0x7C, 0xAF, 0xFF,
  0xFF, 0xF5, 0x3E, 0x79, 0x7F, 0xFF, 0xFF, 0xFE, 0x9E, 0x7B, 0xFF, 0xC0, 0x01, 0xFF, 0xDE, 0x3B,
  0xFF, 0xC0, 0x01, 0xFF, 0xDC, 0x3B, 0xF8, 0xE0, 0x03, 0x8F, 0xDC, 0x1B, 0xF5, 0xD5, 0x55, 0xD7,
  0xD8, 0x0F, 0xFF, 0xFF, 0xFF, 0xFF, 0xF0, 0x1F, 0xFF, 0xFF, 0xFF, 0xFF, 0xF8, 0x10, 0x00, 0x00,
  0x00, 0x00, 0x08, 0x2A, 0xBF, 0xFF, 0xFF, 0xFD, 0x54, 0x35, 0x45, 0x55, 0x55, 0x52, 0xAC, 0x2E,
  0x00, 0x00, 0x00, 0x00, 0x74, 0x3C, 0x00, 0x00, 0x00, 0x00, 0x3C, 0x46, 0x00, 0x00, 0x00, 0x00,
  0x62, 0x44, 0x00, 0x00, 0x00, 0x00, 0x22, 0x46, 0x00, 0x00, 0x00, 0x00, 0x62, 0x3E, 0xAA, 0xAA,
  0xAA, 0xAA, 0xBE, 0x47, 0xFF, 0xFF, 0xFF, 0xFF, 0xE2, 0x40, 0x00, 0x00, 0x00, 0x00, 0x02, 0x40,
  0x00, 0x00, 0x00, 0x00, 0x02, 0x3F, 0xFF, 0xFF, 0xFF, 0xFF, 0xFC, 0x1E, 0x6A, 0xAB, 0xAA, 0xAA,
  0x78, 0x03, 0xBF, 0xFF, 0xFF, 0xFD, 0xC0, 0x03, 0xC0, 0xC1, 0x83, 0x03, 0xC0, 0x06, 0x3F, 0x3E,
  0x7C, 0xFC, 0x60, 0x0B, 0xAB, 0x2A, 0x54, 0xD5, 0xD0, 0x09, 0x5F, 0x3E, 0x7C, 0xFA, 0x90, 0x11,
  0x5F, 0x3E, 0x7C, 0xFA, 0x88, 0x11, 0x5F, 0x3E, 0x7C, 0xFA, 0x88, 0x11, 0x2F, 0x3E, 0x7C, 0xF4,
  0x88, 0x11, 0xAF, 0x3E, 0x7C, 0xF5, 0x88, 0x0A, 0x6F, 0x3E, 0x7C, 0xF6, 0x50, 0x07, 0x97, 0x3E,
  0x7C, 0xE9, 0xE0, 0x00, 0x70, 0x00, 0x00, 0x0E, 0x00, 0x00, 0x08, 0x00, 0x00, 0x10, 0x00, 0x00,
  0x07, 0xFF, 0xFF, 0xE0, 0x00, 0x07, 0xFF, 0xFF, 0xFF, 0xE0, 0x0F, 0xFF, 0xFF, 0xFF, 0xF0, 0x1F,
  0xFF, 0xFF, 0xFF, 0xFC, 0x1D, 0x7F, 0xFF, 0xFE, 0xBC, 0x1B, 0xFF, 0x00, 0x7F, 0xDC, 0x1B, 0xF3,
  0x00, 0x67, 0xD8, 0x0B, 0xEF, 0xA2, 0xFB, 0xD0, 0x07, 0xFF, 0xFF, 0xFF, 0xE0, 0x08, 0x00, 0x00,
  0x00, 0x10, 0x16, 0xBF, 0xFF, 0xFD, 0x68, 0x15, 0x40, 0x00, 0x02, 0xA8, 0x1C, 0x00, 0x00, 0x00,
  0x38, 0x22, 0x00, 0x00, 0x00, 0x44, 0x22, 0x00, 0x00, 0x00, 0x44, 0x3E, 0xAA, 0xA5, 0x55, 0x3C,
  0x20, 0x00, 0x00, 0x00, 0x04, 0x20, 0x00, 0x00, 0x00, 0x04, 0x1F, 0xFF, 0xFF, 0xFF, 0xF8, 0x03,
  0xBF, 0xFF, 0xFD, 0xC0, 0x03, 0xC2, 0x18, 0x43, 0xC0, 0x07, 0x95, 0xA5, 0xA9, 0xE0, 0x05, 0x3D,
  0xE7, 0xBC, 0xA0, 0x09, 0x3D, 0xE7, 0xBC, 0x90, 0x09, 0x5D, 0xE7, 0xBA, 0x90, 0x09, 0xDD, 0xE7,
  0xBB, 0x90, 0x03, 0xAD, 0xE7, 0xB5, 0xC0, 0x00, 0x60, 0x00, 0x06, 0x00, 0x00, 0x10, 0x00, 0x08,
  0x00, 0x00, 0x0F, 0xFF, 0xF0, 0x00, 0x7F, 0xFF, 0xFE, 0xEF, 0xFF, 0xF7, 0xDF, 0x81, 0xFB, 0x5E,
  0xC3, 0x7A, 0x3F, 0xFF, 0xFC, 0x40, 0x00, 0x02, 0x7F, 0xFF, 0xFF, 0xA8, 0x00, 0x15, 0xA0, 0x00,
  0x05, 0x6A, 0xAA, 0xAE, 0x80, 0x00, 0x01, 0x7F, 0xFF, 0xFE, 0x1C, 0x00, 0x18, 0x11, 0xB6, 0xC4,
  0x2D, 0xB6, 0xDA, 0x29, 0xB6, 0xCA, 0x29, 0xB6, 0xCA, 0x1E, 0xB6, 0xBC, 0x01, 0x00, 0x40, 0x00,
  0xFF, 0x80, 0x00, 0x3F, 0xFF, 0xFF, 0xF0, 0x00, 0x0F, 0xFF, 0xFF, 0xFF, 0xFF, 0xE0, 0x7F, 0xFF,
  0xFF, 0xFF, 0xFF, 0xFC, 0x7C, 0xAF, 0xFF, 0xFF, 0xEA, 0x7C, 0xFB, 0xFF, 0xFF, 0xFF, 0xFF, 0xBE,
  0xFB, 0xFF, 0xFF, 0xFF, 0xFF, 0xBE, 0xFF, 0xFF, 0xFF, 0xFF, 0xFF, 0xFE, 0x6A, 0xAA, 0xAA, 0xAA,
  0xAA, 0xAE, 0x7F, 0xFF, 0xFF, 0xFF, 0xFF, 0xFC, 0x40, 0x00, 0x00, 0x00, 0x00, 0x04, 0x40, 0x00,
  0x00, 0x00, 0x00, 0x04, 0x3F, 0xFF, 0xFF, 0xFF, 0xFF, 0xF8, 0x20, 0x00, 0x00, 0x00, 0x00, 0x08,
  0x7F, 0xFF, 0xFF, 0xFF, 0xFF, 0xFC, 0x4F, 0x7F, 0xFF, 0xFF, 0xFD, 0xE4, 0x4F, 0x55, 0x40, 0x05,
  0x55, 0xE4, 0x4F, 0x2A, 0xC0, 0x06, 0xAA, 0xE4, 0x3E, 0x55, 0x40, 0x05, 0x54, 0xFC, 0x3F, 0xFF,
  0xFF, 0xFF, 0xFF, 0xF8, 0x2C, 0x00, 0x00, 0x00, 0x00, 0x68, 0x17, 0xFF, 0xFF, 0xFF, 0xFF, 0xD0,
  0x2C, 0xFF, 0xFF, 0xFF, 0xFE, 0x68, 0x46, 0x00, 0x00, 0x00, 0x00, 0xC4, 0x43, 0xFF, 0xFF, 0xFF,
  0xFF, 0x84, 0x3F, 0xA0, 0x00, 0x1F, 0x0B, 0xF8, 0x01, 0xD0, 0x00, 0x3F, 0x17, 0x00, 0x00, 0xC8,
  0x00, 0x3F, 0x26, 0x00, 0x00, 0x66, 0x00, 0x1E, 0xCC, 0x00, 0x00, 0x11, 0xFF, 0xFF, 0x18, 0x00,
  0x00, 0x0C, 0x00, 0x00, 0x60, 0x00, 0x00, 0x03, 0xFF, 0xFF, 0x80, 0x00, 0x00, 0x7F, 0xFF, 0xF8,
  0x00, 0x07, 0xFF, 0xFF, 0xFF, 0xE0, 0x3C, 0xBF, 0xFF, 0xFA, 0x78, 0x7B, 0xFF, 0xFF, 0xFF, 0xBC,
  0x7F, 0xFF, 0xFF, 0xFF, 0xFC, 0x35, 0x55, 0x55, 0x55, 0x5C, 0x3F, 0xFF, 0xFF, 0xFF, 0xF8, 0x20,
  0x00, 0x00, 0x00, 0x08, 0x15, 0x55, 0x55, 0x55, 0x50, 0x3F, 0xFF, 0xFF, 0xFF, 0xF8, 0x26, 0xFF,
  0xFF, 0xFE, 0xC8, 0x26, 0x54, 0x00, 0xD4, 0xC8, 0x1E, 0xAC, 0x00, 0xAA, 0xF8, 0x1D, 0x55, 0x55,
  0x55, 0x70, 0x0F, 0xFF, 0xFF, 0xFF, 0xE0, 0x14, 0xFF, 0xFF, 0xFE, 0x50, 0x27, 0x80, 0x00, 0x03,
  0xC8, 0x1F, 0x40, 0x03, 0xC5, 0xF0, 0x01, 0xA0, 0x07, 0xCB, 0x00, 0x00, 0xD8, 0x03, 0xB6, 0x00,
  0x00, 0x27, 0xFF, 0xC8, 0x00, 0x00, 0x1F, 0xFF, 0xF0, 0x00, 0x07, 0xFF, 0xE0, 0x7F, 0xFF, 0xFE,
  0xE7, 0xFF, 0xE7, 0xDF, 0xFF, 0xFB, 0x6A, 0xB5, 0x56, 0x80, 0x00, 0x01, 0x6F, 0xFF, 0xF6, 0xBA,
  0x81, 0x5D, 0xB5, 0x5A, 0xAD, 0x7F, 0xFF, 0xFE, 0x6F, 0xFF, 0xFA, 0x50, 0x00, 0x05, 0x3A, 0x03,
  0x2E, 0x0D, 0x07, 0x58, 0x06, 0x7F, 0x30, 0x01, 0xFF, 0xC0, 0x00, 0xFF, 0x01, 0xFE, 0xFF, 0x00,
  0x80, 0x7F, 0x03, 0xFC, 0xFF, 0x00, 0x00, 0xDD, 0x01, 0x5E, 0xFF, 0x00, 0x00, 0xB7, 0x01, 0xEE,
  0xFF, 0x00, 0x00, 0xA6, 0x01, 0xA6, 0xFF, 0x00, 0x80, 0x5F, 0x03, 0xFC, 0xFF, 0x00, 0x40, 0xBA,
  0x05, 0xBA, 0xFF, 0x00, 0x00, 0xFF, 0x01, 0xFE, 0xFF, 0x00, 0xF0, 0x0F, 0x00, 0xFF, 0x1F, 0xE0,
  0xF8, 0x07, 0x00, 0xFF, 0x3F, 0xC0, 0xF0, 0x0D, 0x00, 0xD5, 0x1F, 0xE0, 0xF0, 0x0B, 0x00, 0x7E,
  0x1F, 0xE0, 0xF0, 0x0A, 0x00, 0x6A, 0x1F, 0x60, 0xF8, 0x05, 0x00, 0xFF, 0x3F, 0xC0, 0xF4, 0x0B,
  0x00, 0xAB, 0x5F, 0xA0, 0xF0, 0x0F, 0x00, 0xFF, 0x1F, 0xE0, 0x00, 0xFF, 0x07, 0xF8, 0x00, 0xDF,
  0x07, 0xD8, 0x00, 0xF8, 0x07, 0xF8, 0x00, 0xAA, 0x07, 0xA8, 0x00, 0x80, 0x07, 0x08, 0x00, 0x80,
  0x07, 0x08, 0x00, 0xEA, 0x07, 0xB8, 0x80, 0x55, 0x0F, 0x50, 0x00, 0x95, 0x07, 0x48, 0x00, 0xD5,
  0x07, 0x58, 0x80, 0x60, 0x0F, 0x30, 0xE0, 0x1F, 0x3F, 0xC0, 0xE0, 0x1F, 0x00, 0xFF, 0xE0, 0x1B,
  0x00, 0xFB, 0xE0, 0x1F, 0x00, 0x1F, 0xE0, 0x15, 0x00, 0x55, 0xE0, 0x10, 0x00, 0x01, 0xE0, 0x10,
  0x00, 0x01, 0xE0, 0x1D, 0x00, 0x57, 0xF0, 0x0A, 0x01, 0xAA, 0xE0, 0x12, 0x00, 0xA9, 0xE0, 0x1A,
  0x00, 0xAB, 0xF0, 0x0C, 0x01, 0x06, 0xFC, 0x03, 0x07, 0xF8, 0x80, 0x7F, 0x01, 0xFE, 0xFF, 0x00,
  0x00, 0xEF, 0x00, 0xF7, 0xFF, 0x00, 0x00, 0xD5, 0x00, 0x53, 0xFF, 0x00, 0x80, 0x4A, 0x01, 0xA2,
  0xFF, 0x00, 0x80, 0x77, 0x01, 0xDE, 0xFF, 0x00, 0x80, 0x60, 0x01, 0x06, 0xFF, 0x00, 0x80, 0x5F,
  0x01, 0xFA, 0xFF, 0x00, 0xC7, 0x28, 0xA3, 0x54, 0xFF, 0x00, 0xF0, 0x0F, 0x0F, 0xF0, 0xFF, 0x00,
  0xF8, 0x07, 0x00, 0xFF, 0x1F, 0xE0, 0xF0, 0x0E, 0x00, 0xFF, 0x0F, 0x70, 0xF0, 0x0D, 0x00, 0x55,
  0x0F, 0x30, 0xF8, 0x04, 0x00, 0xAA, 0x1F, 0x20, 0xF8, 0x07, 0x00, 0x7D, 0x1F, 0xE0, 0xF8, 0x06,
  0x00, 0x00, 0x1F, 0x60, 0xF8, 0x05, 0x00, 0xFF, 0x1F, 0xA0, 0xFC, 0x02, 0x7A, 0x85, 0x3F, 0x40,
  0xFF, 0x00, 0x00, 0xFF, 0xFF, 0x00, 0x02, 0x01, 0x05, 0x9A, 0x6A, 0x9A, 0x6A, 0x02, 0x01, 0x04,
  0xAE, 0x6A, 0xBE, 0x6A, 0x02, 0x01, 0x03, 0xCE, 0x6A, 0xDA, 0x6A, 0x01, 0x01, 0x02, 0xE6, 0x6A,
  0xEA, 0x6A, 0x01, 0x01, 0x02, 0xE6, 0x6A, 0xEA, 0x6A, 0x01, 0x01, 0x01, 0xEE, 0x6A, 0xF0, 0x6A,
  0x01, 0x01, 0x01, 0xF2, 0x6A, 0xF4, 0x6A, 0x01, 0x01, 0x01, 0xF2, 0x6A, 0xF4, 0x6A, 0x01, 0x01,
  0x01, 0xF2, 0x6A, 0xF4, 0x6A, 0x01, 0x01, 0x01, 0xF2, 0x6A, 0xF4, 0x6A, 0x01, 0x01, 0x01, 0xF2,
  0x6A, 0xF4, 0x6A, 0x01, 0x01, 0x01, 0xF2, 0x6A, 0xF4, 0x6A, 0x00, 0xFF, 0x1F, 0xE0, 0x00, 0x82,
  0x0F, 0xF0, 0x00, 0x81, 0x1F, 0x60, 0x80, 0x63, 0x3F, 0xC0, 0xE0, 0x1F, 0xFF, 0x00, 0x00, 0xFF,
  0xFF, 0x00, 0x00, 0x87, 0x7F, 0x80, 0x80, 0x43, 0xFF, 0x00, 0xC1, 0x36, 0xFF, 0x00, 0xF0, 0x0F,
  0x0F, 0xF0, 0xF0, 0x08, 0x07, 0x78, 0xF8, 0x04, 0x0F, 0x30, 0xFC, 0x03, 0x1F, 0x60, 0x07, 0xF8,
  0xFF, 0x00, 0x03, 0x94, 0xFF, 0x00, 0x87, 0x58, 0xFF, 0x00, 0xF0, 0x0F, 0x7F, 0x80, 0xF0, 0x09,
  0x3F, 0x40, 0xF8, 0x05, 0x7F, 0x80, 0x0F, 0xF0, 0x1F, 0xA0, 0xF0, 0x0F, 0xF1, 0x0A, 0x3F, 0xC0,
  0xF3, 0x0C, 0x1F, 0x40, 0xF1, 0x04, 0x22, 0x6B, 0x24, 0x00, 0x1C, 0x00, 0x18, 0x07, 0x18, 0x07,
  0x14, 0x0E, 0x14, 0x0E, 0x14, 0x15, 0x10, 0x15, 0x10, 0x1C, 0x10, 0x1C, 0x22, 0x6B, 0x24, 0x23,
  0x1C, 0x23, 0x18, 0x2A, 0x18, 0x2A, 0x14, 0x31, 0x14, 0x31, 0x14, 0x38, 0x10, 0x38, 0x10, 0x3F,
  0x10, 0x3F, 0x04, 0x00, 0x28, 0x68, 0x6B, 0x68, 0x6B, 0x03, 0x00, 0x1E, 0x08, 0x6C, 0x08, 0x6C,
  0x02, 0x00, 0x14, 0x62, 0x6C, 0x62, 0x6C, 0x02, 0x01, 0x10, 0x8A, 0x6C, 0x8A, 0x6C, 0x02, 0x01,
  0x0D, 0xCA, 0x6C, 0xFE, 0x6C, 0x04, 0x02, 0x28, 0x68, 0x6B, 0x68, 0x6B, 0x03, 0x02, 0x1E, 0x08,
  0x6C, 0x08, 0x6C, 0x02, 0x02, 0x14, 0x62, 0x6C, 0x62, 0x6C, 0x02, 0x03, 0x10, 0x8A, 0x6C, 0x8A,
  0x6C, 0x02, 0x03, 0x0D, 0xCA, 0x6C, 0xFE, 0x6C, 0x0F, 0xFF, 0xFF, 0xF0, 0x7F, 0xFF, 0xFF, 0xFE,
  0xFF, 0xFF, 0xFF, 0xFF, 0xFF, 0xFF, 0xFF, 0xFF, 0x61, 0xFF, 0xFF, 0xAE, 0x25, 0x00, 0x00, 0xD4,
  0x2B, 0x00, 0x00, 0xAC, 0x3F, 0x00, 0x00, 0xFC, 0xFF, 0xFF, 0xFF, 0xFF, 0xFF, 0xFF, 0xFF, 0xFF,
  0xFF, 0xFF, 0xFF, 0xFF, 0xE0, 0x01, 0x55, 0x57, 0xE0, 0x00, 0x02, 0xAF, 0xE0, 0x1C, 0x00, 0x17,
  0xE0, 0x1C, 0x00, 0x0F, 0xE0, 0x1C, 0x00, 0x17, 0xE0, 0x1C, 0x00, 0x0F, 0xE0, 0x1C, 0x00, 0x17,
  0xE0, 0x1C, 0x00, 0x0F, 0xE0, 0x1C, 0x00, 0x17, 0xE0, 0x1C, 0x00, 0x0F, 0xE0, 0x1C, 0x00, 0x07,
  0xE0, 0x1C, 0x00, 0x0F, 0xA0, 0x1C, 0x00, 0x07, 0xE0, 0x0E, 0x00, 0x0F, 0xE0, 0x0E, 0x00, 0x07,
  0xA0, 0x0E, 0x00, 0x07, 0xE0, 0x07, 0x00, 0x07, 0xA0, 0x07, 0x30, 0x07, 0xA8, 0x03, 0xF0, 0x07,
  0xE0, 0x01, 0xF0, 0x07, 0xA8, 0x03, 0xF8, 0x07, 0xA0, 0x07, 0xF8, 0x07, 0xA8, 0x00, 0xFC, 0x07,
  0xE0, 0x00, 0x0E, 0x07, 0xAA, 0xA0, 0x00, 0x07, 0xA0, 0x00, 0x00, 0x07, 0xBF, 0xFF, 0xFF, 0xFF,
  0x84, 0x4B, 0x7F, 0xFF, 0xFF, 0xFF, 0xFF, 0xFF, 0x3F, 0xFF, 0xFC, 0xFF, 0xFF, 0xFF, 0xFF, 0xFF,
  0xFF, 0x67, 0xFF, 0xF6, 0x2C, 0x00, 0x2C, 0x3C, 0x00, 0x34, 0xFF, 0xFF, 0xFF, 0xFF, 0xFF, 0xFF,
  0xC0, 0x0A, 0xAB, 0xC0, 0x00, 0x57, 0xC0, 0xC0, 0x0B, 0xC0, 0xC0, 0x07, 0xC0, 0xC0, 0x0B, 0xC0,
  0xC0, 0x07, 0xC0, 0xC0, 0x0B, 0xC0, 0xC0, 0x07, 0xC0, 0xC0, 0x03, 0xC0, 0xE0, 0x07, 0xC0, 0x60,
  0x03, 0xC0, 0x60, 0x03, 0xC0, 0x70, 0x03, 0xC0, 0x32, 0x03, 0xD0, 0x1E, 0x03, 0xC0, 0x1F, 0x03,
  0x90, 0x3F, 0x03, 0xC0, 0x07, 0x83, 0x95, 0x01, 0xC3, 0xC0, 0x00, 0x03, 0xAB, 0x7F, 0xFF, 0xFF,
  0xFF, 0xFF, 0x7F, 0xFE, 0xFF, 0xFF, 0x4F, 0xFA, 0x50, 0x0E, 0xFF, 0xFF, 0x81, 0x55, 0x80, 0x03,
  0x82, 0x01, 0x82, 0x03, 0x82, 0x01, 0x82, 0x03, 0x82, 0x01, 0x81, 0x03, 0x81, 0x01, 0x80, 0xE1,
  0xC1, 0xE1, 0x80, 0xE1, 0xC0, 0x31, 0xA8, 0x01, 0xFF, 0xFF, 0x80, 0x7F, 0x0F, 0xF0, 0x00, 0xFF,
  0x07, 0xF8, 0x00, 0xBF, 0x07, 0xF8, 0x00, 0xFF, 0x07, 0xF8, 0x00, 0x82, 0x07, 0xA8, 0x00, 0x88,
  0x07, 0x18, 0x00, 0x88, 0x07, 0x08, 0x00, 0x88, 0x07, 0x18, 0x00, 0x88, 0x07, 0x08, 0x00, 0x84,
  0x07, 0x18, 0x00, 0xC4, 0x07, 0x08, 0x00, 0x83, 0x07, 0x08, 0x00, 0x87, 0x07, 0x88, 0x00, 0xC1,
  0x07, 0x88, 0x00, 0xA4, 0x07, 0x08, 0x00, 0xFF, 0x07, 0xF8, 0x80, 0x7F, 0x7F, 0x80, 0x00, 0xFF,
  0x3F, 0xC0, 0x00, 0xFF, 0x3F, 0xC0, 0x00, 0xFF, 0x3F, 0xC0, 0x00, 0x8A, 0x3F, 0xC0, 0x00, 0x90,
  0x3F, 0x40, 0x00, 0x90, 0x3F, 0xC0, 0x00, 0x90, 0x3F, 0x40, 0x00, 0x88, 0x3F, 0xC0, 0x00, 0x8C,
  0x3F, 0x40, 0x00, 0x86, 0x3F, 0x40, 0x00, 0x80, 0x3F, 0x40, 0x00, 0xFF, 0x3F, 0xC0, 0xF8, 0x07,
  0x07, 0xF8, 0xF0, 0x0F, 0x03, 0xFC, 0xF0, 0x0F, 0x03, 0xFC, 0xF0, 0x0F, 0x03, 0xFC, 0xF0, 0x08,
  0x03, 0xAC, 0xF0, 0x09, 0x03, 0x04, 0xF0, 0x09, 0x03, 0x0C, 0xF0, 0x09, 0x03, 0x04, 0xF0, 0x08,
  0x03, 0x8C, 0xF0, 0x08, 0x03, 0xC4, 0xF0, 0x08, 0x03, 0x64, 0xF0, 0x08, 0x03, 0x04, 0xF0, 0x0F,
  0x03, 0xFC, 0x00, 0xFF, 0xFF, 0x00, 0x00, 0xFF, 0xFF, 0x00, 0x00, 0xFF, 0xFF, 0x00, 0x00, 0x95,
  0xFF, 0x00, 0x00, 0x93, 0xFF, 0x00, 0x00, 0x91, 0xFF, 0x00, 0x00, 0x9B, 0xFF, 0x00, 0x00, 0x89,
  0xFF, 0x00, 0x00, 0x81, 0xFF, 0x00, 0x00, 0xFF, 0xFF, 0x00, 0xF0, 0x0F, 0x0F, 0xF0, 0xF0, 0x0F,
  0x0F, 0xF0, 0xF0, 0x0F, 0x0F, 0xF0, 0xF0, 0x09, 0x0F, 0x50, 0xF0, 0x09, 0x0F, 0x30, 0xF0, 0x09,
  0x0F, 0x10, 0xF0, 0x09, 0x0F, 0xB0, 0xF0, 0x08, 0x0F, 0x90, 0xF0, 0x08, 0x0F, 0x10, 0xF0, 0x0F,
  0x0F, 0xF0, 0x02, 0x00, 0x10, 0xAC, 0x6D, 0xAC, 0x6D, 0x02, 0x00, 0x0B, 0xCC, 0x6D, 0xCC, 0x6D,
  0x01, 0x00, 0x09, 0xE2, 0x6D, 0xE2, 0x6D, 0x01, 0x00, 0x09, 0xE2, 0x6D, 0xE2, 0x6D, 0x01, 0x00,
  0x07, 0xEB, 0x6D, 0xEB, 0x6D, 0x01, 0x00, 0x07, 0xEB, 0x6D, 0xEB, 0x6D, 0x18, 0x58, 0x0F, 0xF0,
  0x1F, 0xF8, 0x3F, 0xFC, 0x3F, 0xDC, 0x7F, 0xFE, 0x5B, 0xBA, 0x34, 0xDC, 0x2A, 0xAE, 0x55, 0xAA,
  0x36, 0xAC, 0x1A, 0x2C, 0x1B, 0x68, 0x37, 0xD8, 0x04, 0x90, 0x00, 0xB0, 0x09, 0x30, 0x07, 0xE0,
  0x0F, 0xF0, 0x0F, 0xB8, 0x0E, 0xF8, 0x1E, 0xA8, 0x15, 0x50, 0x06, 0xB0, 0x03, 0xA0, 0x0D, 0x60,
  0x00, 0xA0, 0x3E, 0x7F, 0xFF, 0xE7, 0xEB, 0x52, 0x76, 0x2A, 0x24, 0x3C, 0x7E, 0x76, 0x66, 0x2C,
  0x34, 0x18, 0x04, 0x00, 0x11, 0x1C, 0x6E, 0x1C, 0x6E, 0x04, 0x00, 0x11, 0x1C, 0x6E, 0x1C, 0x6E,
  0x03, 0x00, 0x0D, 0x60, 0x6E, 0x60, 0x6E, 0x02, 0x00, 0x09, 0x87, 0x6E, 0x87, 0x6E, 0x02, 0x00,
  0x09, 0x87, 0x6E, 0x87, 0x6E, 0x02, 0x01, 0x07, 0x99, 0x6E, 0xB5, 0x6E, 0x1F, 0xC0, 0x03, 0xF8,
  0x1E, 0x43, 0xC3, 0x48, 0x0D, 0x23, 0x46, 0x90, 0x0E, 0xA3, 0xC7, 0x50, 0x07, 0x53, 0x4E, 0xA0,
  0x06, 0x96, 0xAD, 0x20, 0x03, 0x4F, 0x3A, 0x40, 0x03, 0xAE, 0xBD, 0x40, 0xFF, 0xFF, 0xFF, 0xFF,
  0xFD, 0x7E, 0x7E, 0xBF, 0xF8, 0x7C, 0x3E, 0x1F, 0xF8, 0x7C, 0x3E, 0x1F, 0xF8, 0x7C, 0x3E, 0x1F,
  0xF8, 0x7C, 0x3E, 0x1F, 0xA8, 0x54, 0x2A, 0x15, 0xFF, 0xFF, 0xFF, 0xFF, 0x00, 0x0F, 0xF8, 0x00,
  0x3F, 0x00, 0xFC, 0x3B, 0x1C, 0xD4, 0x1D, 0x95, 0xA8, 0x1A, 0xB5, 0xC8, 0x0D, 0xAB, 0x90, 0x0E,
  0x7F, 0xD0, 0xFF, 0xFF, 0xFF, 0xFB, 0xF7, 0xAF, 0xF1, 0xE7, 0x8F, 0xF1, 0xE7, 0x8F, 0x91, 0x24,
  0x89, 0xFF, 0xFF, 0xFF, 0x00, 0x7E, 0x00, 0x78, 0x1E, 0x69, 0x9A, 0x35, 0xB4, 0x3D, 0xBC, 0xFF,
  0xFF, 0xE7, 0x39, 0xA5, 0x29, 0xFF, 0xFF, 0x03, 0xC0, 0x9F, 0x60, 0x9F, 0x60, 0x89, 0x76, 0x1F,
  0xE0, 0xC0, 0x3F, 0x3F, 0xC0, 0x00, 0xFF, 0x0F, 0xF0, 0x00, 0x99, 0x0F, 0x90, 0x00, 0xFF, 0x0F,
  0xF0, 0xF0, 0x0F, 0xFF, 0x00, 0xF9, 0x06, 0xF9, 0x06, 0xF8, 0x07, 0x91, 0x6E, 0xFC, 0x03, 0x03,
  0xFC, 0xF0, 0x0F, 0x00, 0xFF, 0xF0, 0x09, 0x00, 0x99, 0xF0, 0x0F, 0x00, 0xFF, 0xFF, 0x00, 0x0F,
  0xF0, 0x02, 0x4E, 0x7E, 0x04, 0x7A, 0x7E, 0x05, 0xA6, 0x7E, 0x02, 0xEB, 0x6E, 0x01, 0x02, 0x38,
  0x7E, 0x04, 0x64, 0x7E, 0x05, 0x90, 0x7E, 0x02, 0x01, 0x6F, 0x01, 0x17, 0x6F, 0x10, 0x02, 0x08,
  0x02, 0x08, 0x09, 0x08, 0x09, 0x04, 0x10, 0x04, 0x10, 0x08, 0x17, 0x08, 0x17, 0x04, 0x1E, 0x04,
  0x1E, 0x3A, 0x6F, 0x18, 0x02, 0x10, 0x02, 0x10, 0x09, 0x10, 0x09, 0x0C, 0x10, 0x0C, 0x10, 0x10,
  0x17, 0x10, 0x17, 0x0C, 0x1E, 0x0C, 0x1E, 0x04, 0x00, 0x08, 0x5D, 0x6F, 0x5D, 0x6F, 0x03, 0x00,
  0x05, 0x7D, 0x6F, 0x7D, 0x6F, 0x03, 0x00, 0x04, 0x8C, 0x6F, 0x98, 0x6F, 0x02, 0x01, 0x04, 0xA4,
  0x6F, 0xB4, 0x6F, 0x02, 0x01, 0x03, 0xC4, 0x6F, 0xD0, 0x6F, 0x04, 0x02, 0x08, 0x5D, 0x6F, 0x5D,
  0x6F, 0x03, 0x02, 0x05, 0x7D, 0x6F, 0x7D, 0x6F, 0x03, 0x02, 0x04, 0x8C, 0x6F, 0x98, 0x6F, 0x02,
  0x03, 0x04, 0xA4, 0x6F, 0xB4, 0x6F, 0x02, 0x03, 0x03, 0xC4, 0x6F, 0xD0, 0x6F, 0x00, 0x00, 0x00,
  0xE4, 0x1F, 0xFE, 0x01, 0xA4, 0x20, 0x01, 0x07, 0x24, 0x20, 0x01, 0x3C, 0xC4, 0x6A, 0xAB, 0xE3,
  0x44, 0xBF, 0xFE, 0x1C, 0x6C, 0xC0, 0x01, 0xE0, 0x38, 0x3F, 0xFE, 0x00, 0x00, 0x7F, 0xC1, 0xA8,
  0x80, 0x26, 0x48, 0x80, 0x79, 0xC8, 0xAA, 0x86, 0x48, 0x7F, 0xF8, 0x30, 0x03, 0xF1, 0x60, 0x04,
  0x0E, 0xA0, 0x0A, 0x05, 0x60, 0x07, 0xFE, 0x00, 0x00, 0x3F, 0x16, 0x00, 0x40, 0xEA, 0x00, 0xA0,
  0x56, 0x00, 0x7F, 0xE0, 0xFF, 0x00, 0x8F, 0x70, 0x02, 0xDD, 0x0F, 0xB0, 0x00, 0x86, 0x4F, 0xB0,
  0x87, 0x78, 0xFF, 0x00, 0xFF, 0x00, 0xE3, 0x1C, 0xC0, 0x37, 0x83, 0x6C, 0xC0, 0x21, 0x13, 0xAC,
  0xE1, 0x1E, 0xFF, 0x00, 0xFE, 0x01, 0x7F, 0x80, 0x00, 0x8F, 0x7F, 0x80, 0x0F, 0xF0, 0xFF, 0x00,
  0xFF, 0x00, 0xE7, 0x18, 0xF0, 0x08, 0x07, 0xF8, 0xF0, 0x0F, 0xFF, 0x00, 0x02, 0x4E, 0x7E, 0x05,
  0xA6, 0x7E, 0x02, 0x06, 0x70, 0x01, 0x02, 0x38, 0x7E, 0x05, 0x90, 0x7E, 0x02, 0xF0, 0x6F, 0x01,
  0x1C, 0x70, 0x20, 0x02, 0x18, 0x02, 0x10, 0x09, 0x10, 0x09, 0x0C, 0x10, 0x0C, 0x10, 0x10, 0x17,
  0x10, 0x17, 0x0C, 0x1E, 0x0C, 0x1E, 0x1C, 0x70, 0x20, 0x02, 0x18, 0x02, 0x10, 0x09, 0x10, 0x09,
  0x0C, 0x10, 0x0C, 0x10, 0x08, 0x17, 0x08, 0x17, 0x04, 0x1E, 0x04, 0x1E, 0x03, 0x00, 0x0D, 0x3F,
  0x70, 0x3F, 0x70, 0x03, 0x00, 0x0A, 0x66, 0x70, 0x66, 0x70, 0x03, 0x00, 0x07, 0x84, 0x70, 0x99,
  0x70, 0x02, 0x01, 0x05, 0xAE, 0x70, 0xC2, 0x70, 0x02, 0x01, 0x04, 0xD6, 0x70, 0xE6, 0x70, 0x0F,
  0xE7, 0xE0, 0x10, 0x16, 0x10, 0x1F, 0xE7, 0xF0, 0x0A, 0x44, 0xA0, 0x0A, 0x64, 0xA0, 0x04, 0x64,
  0x40, 0x7F, 0xF7, 0xFC, 0x80, 0x16, 0x82, 0xFF, 0xE7, 0xFE, 0x5A, 0x44, 0xB4, 0x5A, 0x64, 0xB4,
  0x24, 0x44, 0x48, 0x00, 0x7C, 0x00, 0x03, 0xCF, 0x80, 0x04, 0x2C, 0x80, 0x05, 0xCE, 0x80, 0x03,
  0x49, 0x00, 0x00, 0x68, 0x00, 0x0F, 0xEF, 0xC0, 0x10, 0x2C, 0x20, 0x15, 0xCA, 0xA0, 0x15, 0x4A,
  0xA0, 0x0A, 0x79, 0x40, 0x03, 0xFC, 0x00, 0x04, 0x24, 0x00, 0x05, 0xB4, 0x00, 0x07, 0xFE, 0x00,
  0x08, 0x39, 0x00, 0x0B, 0xBD, 0x00, 0x04, 0xE2, 0x00, 0x00, 0x3F, 0xC0, 0x00, 0x42, 0x40, 0x00,
  0x5B, 0x40, 0x00, 0x7F, 0xE0, 0x00, 0x83, 0x90, 0x00, 0xBB, 0xD0, 0x00, 0x4E, 0x20, 0xFE, 0x01,
  0x03, 0xDC, 0xFE, 0x01, 0x03, 0x54, 0xFF, 0x00, 0xCF, 0x10, 0xFC, 0x03, 0x03, 0xDC, 0xFC, 0x02,
  0x03, 0x88, 0xFF, 0x00, 0x80, 0x77, 0xFF, 0x00, 0x80, 0x55, 0xFF, 0x00, 0xF3, 0x04, 0xFF, 0x00,
  0x00, 0xF7, 0xFF, 0x00, 0x00, 0xA2, 0xFC, 0x03, 0x1F, 0xE0, 0xFC, 0x03, 0x1F, 0x20, 0xF8, 0x07,
  0x0F, 0x70, 0xF8, 0x05, 0x0F, 0x30, 0xFF, 0x00, 0xC1, 0x3E, 0xFF, 0x00, 0xC1, 0x32, 0xFF, 0x00,
  0x80, 0x77, 0xFF, 0x00, 0x80, 0x53, 0x02, 0x10, 0x71, 0x06, 0x26, 0x71, 0x02, 0x3C, 0x71, 0x05,
  0x52, 0x71, 0x02, 0x68, 0x71, 0x01, 0x02, 0x3C, 0x71, 0x06, 0x52, 0x71, 0x02, 0x68, 0x71, 0x01,
  0x7E, 0x71, 0x1C, 0x17, 0x14, 0x17, 0x10, 0x2C, 0x10, 0x2C, 0x0C, 0x41, 0x0C, 0x41, 0x0C, 0x5D,
  0x08, 0x5D, 0x08, 0xAA, 0x08, 0xAA, 0x7E, 0x71, 0x34, 0x10, 0x2C, 0x10, 0x20, 0x87, 0x20, 0x87,
  0x14, 0x8E, 0x14, 0x8E, 0x14, 0x56, 0x10, 0x56, 0x08, 0xA3, 0x08, 0xA3, 0x7E, 0x71, 0x1C, 0x09,
  0x14, 0x09, 0x10, 0x25, 0x10, 0x25, 0x0C, 0x3A, 0x0C, 0x3A, 0x0C, 0x4F, 0x08, 0x4F, 0x08, 0x9C,
  0x08, 0x9C, 0x7E, 0x71, 0x1C, 0x02, 0x14, 0x02, 0x10, 0x1E, 0x10, 0x1E, 0x0C, 0x33, 0x0C, 0x33,
  0x0C, 0x48, 0x08, 0x48, 0x08, 0x95, 0x08, 0x95, 0x7E, 0x71, 0x1C, 0x64, 0x14, 0x64, 0x10, 0x6B,
  0x10, 0x6B, 0x0C, 0x72, 0x0C, 0x72, 0x0C, 0x79, 0x08, 0x79, 0x08, 0x80, 0x08, 0x80, 0x08, 0x00,
  0x10, 0x2D, 0x72, 0x2D, 0x72, 0x08, 0x00, 0x05, 0xAD, 0x72, 0xAD, 0x72, 0x02, 0x00, 0x08, 0xD5,
  0x72, 0xD5, 0x72, 0x08, 0x00, 0x05, 0xE5, 0x72, 0xE5, 0x72, 0x06, 0x00, 0x0C, 0x0D, 0x73, 0x0D,
  0x73, 0x06, 0x00, 0x04, 0x55, 0x73, 0x55, 0x73, 0x06, 0x00, 0x04, 0x6D, 0x73, 0x6D, 0x73, 0x04,
  0x00, 0x08, 0x85, 0x73, 0x85, 0x73, 0x04, 0x00, 0x03, 0xA5, 0x73, 0xA5, 0x73, 0x04, 0x00, 0x02,
  0xB1, 0x73, 0xB1, 0x73, 0x03, 0x00, 0x07, 0xB9, 0x73, 0xB9, 0x73, 0x03, 0x00, 0x02, 0xCE, 0x73,
  0xCE, 0x73, 0x01, 0x00, 0x04, 0xD4, 0x73, 0xD4, 0x73, 0x03, 0x00, 0x02, 0xD8, 0x73, 0xD8, 0x73,
  0x08, 0x01, 0x0D, 0xDE, 0x73, 0xDE, 0x73, 0x06, 0x01, 0x0A, 0xAE, 0x74, 0xAE, 0x74, 0x04, 0x01,
  0x05, 0x26, 0x75, 0x26, 0x75, 0x03, 0x01, 0x04, 0x4E, 0x75, 0x4E, 0x75, 0x03, 0x01, 0x03, 0x66,
  0x75, 0x78, 0x75, 0x02, 0x01, 0x06, 0x8A, 0x75, 0x8A, 0x75, 0x02, 0x01, 0x04, 0xA2, 0x75, 0xA2,
  0x75, 0x03, 0x01, 0x05, 0xB2, 0x75, 0xF4, 0x75, 0x03, 0x01, 0x02, 0xD0, 0x75, 0x12, 0x76, 0x03,
  0x01, 0x03, 0xDC, 0x75, 0x1E, 0x76, 0x03, 0x01, 0x01, 0xEE, 0x75, 0x30, 0x76, 0x7E, 0xBF, 0xFF,
  0xEB, 0xCB, 0x5E, 0xAF, 0xFC, 0xF7, 0xEF, 0x5D, 0xD5, 0x86, 0xAB, 0x5F, 0xB8, 0x6E, 0xD6, 0xAF,
  0x63, 0xEF, 0x5F, 0xF7, 0xDE, 0xFD, 0x8F, 0xDF, 0xD7, 0xD7, 0xFA, 0xDD, 0xFE, 0xFF, 0xD5, 0xFD,
  0xFD, 0xFD, 0xED, 0xFA, 0xF7, 0xEF, 0xAF, 0x6A, 0xAF, 0xDF, 0x52, 0xED, 0xBE, 0x7E, 0xFE, 0x3D,
  0x7B, 0x6A, 0xE1, 0x7A, 0xF6, 0x37, 0xDD, 0x5A, 0x35, 0xDF, 0xD2, 0xF5, 0xDC, 0x1E, 0xBE, 0xAD,
  0x7B, 0xAF, 0x75, 0xDF, 0xFE, 0x3B, 0x5D, 0x7F, 0xFF, 0x1B, 0xDF, 0xBE, 0xF6, 0x1E, 0x2E, 0xFE,
  0xD7, 0xB5, 0x7F, 0xF7, 0xAC, 0x0A, 0xBB, 0xED, 0x2D, 0xD8, 0xAD, 0x6F, 0xFC, 0x0F, 0x5C, 0xBE,
  0x96, 0xF4, 0x5A, 0xF7, 0x6C, 0x1F, 0xBA, 0x3A, 0x2F, 0xBA, 0xB9, 0x7F, 0xF6, 0x1E, 0xF4, 0x5F,
  0x5D, 0x5F, 0xF4, 0xD6, 0xFE, 0x0F, 0xFA, 0xB5, 0xFF, 0xB7, 0xFB, 0xAB, 0xDC, 0x00, 0x09, 0x25,
  0xEA, 0xA1, 0x44, 0x89, 0x00, 0x03, 0xBD, 0x67, 0xF7, 0x68, 0x91, 0x5A, 0xA0, 0x0A, 0xF6, 0xDA,
  0xFF, 0xBE, 0x6F, 0x77, 0x90, 0x4F, 0xFF, 0xFF, 0xBD, 0xFF, 0x1F, 0xFE, 0xF4, 0x5E, 0xD7, 0xBE,
  0xEF, 0xF7, 0xFB, 0xBB, 0xDE, 0xA5, 0x59, 0xCD, 0x25, 0x64, 0xA9, 0x54, 0x26, 0xB2, 0x8A, 0xD4,
  0xA6, 0xA4, 0xA9, 0xD5, 0x25, 0x00, 0x3F, 0xFF, 0xFF, 0xFF, 0xFF, 0xFF, 0x80, 0x3F, 0xFF, 0xFF,
  0xDF, 0xF3, 0xFF, 0xFF, 0xF8, 0xFF, 0xFF, 0xF9, 0xCE, 0xA5, 0xBF, 0xFF, 0xFF, 0x03, 0xFF, 0xFC,
  0xE3, 0x4A, 0x7F, 0xFF, 0xE0, 0x00, 0x1F, 0xFF, 0x12, 0x80, 0xFF, 0xF0, 0x00, 0x7B, 0xFF, 0xF7,
  0xDC, 0xED, 0xFC, 0xEE, 0xD3, 0x61, 0x8B, 0x73, 0xEC, 0xD7, 0x3B, 0xEB, 0xAF, 0xEB, 0x7E, 0xFE,
  0x9F, 0x75, 0xF7, 0x5F, 0xBB, 0xDF, 0x75, 0xBF, 0xBC, 0xAD, 0x7E, 0x6D, 0xD3, 0x9B, 0xBE, 0xCE,
  0x6C, 0x3B, 0xED, 0x5D, 0xDF, 0xBA, 0xFE, 0x7E, 0xD7, 0xF7, 0x3E, 0xFF, 0xBA, 0x1B, 0xFF, 0x5D,
  0xB3, 0x55, 0xFC, 0x1F, 0xCF, 0xAE, 0xE4, 0xEE, 0xD4, 0x37, 0x67, 0x1D, 0xFB, 0xD7, 0xFA, 0x1F,
  0xEE, 0x7F, 0xEF, 0xFD, 0xEC, 0x02, 0x54, 0x74, 0x84, 0x21, 0x40, 0x0F, 0xDC, 0xFB, 0x72, 0x93,
  0xB0, 0x1B, 0xBB, 0xBF, 0xF9, 0x76, 0xF8, 0x3E, 0xFF, 0xBB, 0xEF, 0xBF, 0xEE, 0x01, 0xFF, 0xFF,
  0xFF, 0xFF, 0xE0, 0x7F, 0xFF, 0xEF, 0xEF, 0xFF, 0xFC, 0x0F, 0xFF, 0x12, 0x19, 0xFF, 0xF0, 0x00,
  0x3F, 0xE1, 0x07, 0xFE, 0x00, 0xFF, 0x2C, 0x97, 0xF7, 0xEB, 0xB9, 0xBF, 0xBE, 0xFF, 0x7E, 0xF5,
  0xEF, 0x5A, 0x37, 0xB9, 0xDA, 0xF3, 0x7E, 0x7B, 0xED, 0x3E, 0xED, 0x2F, 0x7E, 0x77, 0x66, 0xFE,
  0xFD, 0x3F, 0xDF, 0xBB, 0x6E, 0x52, 0x4D, 0xD8, 0xA0, 0x3D, 0xBF, 0xF6, 0xD8, 0x79, 0xFF, 0xDF,
  0xFB, 0x7F, 0xFB, 0xEF, 0xFE, 0x1F, 0xED, 0x57, 0xFC, 0x7E, 0xF9, 0xDE, 0xEB, 0xDB, 0x77, 0x7F,
  0xBE, 0x7D, 0xED, 0xDB, 0xCF, 0xDB, 0x7E, 0xAD, 0x4F, 0x34, 0xFF, 0x76, 0x5B, 0xDB, 0x16, 0xD3,
  0x2C, 0x7F, 0xAE, 0xFA, 0x56, 0x6A, 0x4A, 0x62, 0xFF, 0xBD, 0xFF, 0x3F, 0x52, 0xFE, 0xF0, 0x0D,
  0x00, 0x8F, 0x00, 0xDF, 0x00, 0xD7, 0x00, 0xD7, 0x00, 0xFA, 0x00, 0xDD, 0x07, 0xF8, 0xF0, 0x0F,
  0x00, 0xD5, 0x00, 0xFD, 0x00, 0xFD, 0x00, 0xFD, 0x00, 0xED, 0x00, 0xFA, 0x0F, 0xF0, 0xF8, 0x07,
  0x00, 0xAF, 0x00, 0x6A, 0x00, 0xAF, 0x00, 0xDF, 0x00, 0x52, 0x00, 0xED, 0x1F, 0xA0, 0xFF, 0x00,
  0x00, 0xFE, 0x00, 0x3D, 0x00, 0x7B, 0x00, 0x6A, 0x00, 0xE1, 0x00, 0x7A, 0x3F, 0xC0, 0xFF, 0x00,
  0xE0, 0x1D, 0x00, 0x5A, 0x00, 0x35, 0x00, 0xDF, 0x00, 0xD2, 0x00, 0xF7, 0x7F, 0x80, 0xFF, 0x00,
  0xF0, 0x0E, 0x00, 0xAD, 0x00, 0x7B, 0x00, 0xAF, 0x00, 0x75, 0x03, 0xDC, 0xFF, 0x00, 0xFF, 0x00,
  0xF0, 0x0D, 0x00, 0x7F, 0x00, 0xFF, 0x00, 0x1B, 0x00, 0xDF, 0x03, 0xBC, 0xFF, 0x00, 0xFF, 0x00,
  0xF8, 0x06, 0x00, 0xF6, 0x00, 0xD7, 0x00, 0xB5, 0x00, 0x7F, 0x0F, 0x50, 0xFF, 0x00, 0xFF, 0x00,
  0xFC, 0x03, 0x00, 0xAD, 0x00, 0x2D, 0x00, 0xD8, 0x00, 0xAC, 0x1F, 0xE0, 0xFF, 0x00, 0xFF, 0x00,
  0xFF, 0x00, 0x00, 0xFE, 0x00, 0x96, 0x00, 0xF4, 0x00, 0x5F, 0x7F, 0x80, 0xFF, 0x00, 0xFF, 0x00,
  0xFF, 0x00, 0xFC, 0x02, 0x00, 0x2F, 0x40, 0xBA, 0x07, 0xB8, 0xFF, 0x00, 0xFF, 0x00, 0xFF, 0x00,
  0xFF, 0x00, 0xFE, 0x01, 0x03, 0x5C, 0xF0, 0x0F, 0x0F, 0xF0, 0xFF, 0x00, 0xFF, 0x00, 0xFF, 0x00,
  0xFF, 0x00, 0xFF, 0x00, 0x07, 0xF8, 0xFC, 0x03, 0x1F, 0xE0, 0xFF, 0x00, 0xFF, 0x00, 0xE0, 0x1F,
  0x00, 0x29, 0x00, 0xF3, 0x00, 0x2F, 0x00, 0xEB, 0x03, 0x7C, 0xE0, 0x1A, 0x00, 0x9F, 0x00, 0x6D,
  0x00, 0xF7, 0x00, 0x5F, 0x07, 0xA8, 0xF0, 0x0F, 0x00, 0x75, 0x00, 0xBF, 0x00, 0xBD, 0x00, 0x2D,
  0x0F, 0x70, 0xFC, 0x03, 0x00, 0xD3, 0x00, 0x9B, 0x00, 0x9E, 0x00, 0x5E, 0x1F, 0xE0, 0xFF, 0x00,
  0x00, 0xED, 0x00, 0x5D, 0x00, 0xD5, 0x00, 0xBF, 0xFF, 0x00, 0xFF, 0x00, 0x80, 0x57, 0x00, 0xFF,
  0x00, 0x3B, 0x00, 0xF7, 0xFF, 0x00, 0xFF, 0x00, 0xC0, 0x3D, 0x00, 0xD7, 0x00, 0xBF, 0x03, 0x4C,
  0xFF, 0x00, 0xFF, 0x00, 0xF0, 0x0F, 0x00, 0x8A, 0x00, 0xE4, 0x07, 0xF8, 0xFF, 0x00, 0xFF, 0x00,
  0xFF, 0x00, 0x00, 0xD7, 0x00, 0xF9, 0x3F, 0xC0, 0xFF, 0x00, 0xFF, 0x00, 0xFF, 0x00, 0xC3, 0x3C,
  0xF0, 0x0F, 0xFF, 0x00, 0xFF, 0x00, 0xF8, 0x05, 0x00, 0x7D, 0x00, 0xF5, 0x0F, 0xB0, 0xF8, 0x06,
  0x00, 0xAF, 0x00, 0xBF, 0x3F, 0xC0, 0xFC, 0x03, 0x00, 0xF5, 0x00, 0xD1, 0x7F, 0x80, 0xFF, 0x00,
  0xC0, 0x2B, 0x01, 0xE6, 0xFF, 0x00, 0xFF, 0x00, 0xE3, 0x1C, 0xC7, 0x38, 0xFF, 0x00, 0xC0, 0x3F,
  0x00, 0x77, 0x01, 0xFA, 0xF0, 0x0A, 0x00, 0xFD, 0x03, 0x6C, 0xF8, 0x07, 0x00, 0xAC, 0x0F, 0xF0,
  0xFE, 0x01, 0x08, 0xF7, 0x7F, 0x80, 0xE0, 0x1B, 0x00, 0x77, 0xFF, 0x00, 0xF0, 0x0F, 0x01, 0xDE,
  0xFF, 0x00, 0xFC, 0x03, 0xC7, 0x38, 0xFF, 0x00, 0xFE, 0x01, 0x00, 0xB7, 0x0F, 0x70, 0xFF, 0x00,
  0x00, 0xFD, 0x1F, 0xE0, 0xFF, 0x00, 0xCC, 0x33, 0x7F, 0x80, 0xE0, 0x11, 0x07, 0x38, 0xE0, 0x15,
  0x07, 0x48, 0xE0, 0x1A, 0x0F, 0x50, 0xC0, 0x2A, 0x0F, 0x90, 0xC0, 0x28, 0x07, 0xA8, 0xC0, 0x29,
  0x07, 0x48, 0xF0, 0x0D, 0x0F, 0x50, 0xF0, 0x0D, 0x0F, 0x10, 0xF0, 0x08, 0x0F, 0x50, 0xF0, 0x0D,
  0x0F, 0x50, 0x80, 0x6F, 0x00, 0xBF, 0x1F, 0x60, 0x00, 0xDA, 0x00, 0xED, 0x3F, 0xC0, 0x00, 0xFD,
  0x00, 0xBF, 0x1F, 0xE0, 0x80, 0x5F, 0x00, 0xF6, 0x1F, 0xE0, 0x80, 0x77, 0x00, 0x6F, 0x3F, 0xC0,
  0xD6, 0x29, 0x0D, 0xD2, 0x7F, 0x80, 0x80, 0x5E, 0x00, 0xF7, 0x3F, 0x40, 0xFF, 0x00, 0x0F, 0x90,
  0xFF, 0x00, 0xFE, 0x01, 0x0F, 0xB0, 0xFF, 0x00, 0xFE, 0x01, 0x0F, 0x50, 0xFF, 0x00, 0x00, 0xFE,
  0x00, 0x6F, 0x0F, 0xF0, 0xF8, 0x06, 0x00, 0xFB, 0x01, 0xF6, 0xF0, 0x0D, 0x00, 0xAE, 0x03, 0xDC,
  0xF0, 0x0F, 0x00, 0xDB, 0x01, 0xFE, 0xF8, 0x05, 0x00, 0xFF, 0x01, 0x6E, 0xF8, 0x07, 0x00, 0x76,
  0x03, 0xFC, 0xFD, 0x02, 0x60, 0x9D, 0xD7, 0x28, 0xF8, 0x05, 0x00, 0xEF, 0x03, 0x74, 0xFF, 0x00,
  0xF0, 0x09, 0xFF, 0x00, 0xFF, 0x00, 0xE0, 0x1B, 0xFF, 0x00, 0xFF, 0x00, 0xE0, 0x15, 0xFF, 0x00,
  0xF0, 0x0F, 0x00, 0xE6, 0x00, 0xFF, 0x00, 0x00, 0x00, 0x00, 0x00, 0x00, 0x00, 0x00, 0x00, 0x00,
  0x00, 0x00, 0x00, 0x00, 0x00, 0x00, 0x00, 0x00, 0x00, 0x00, 0x00, 0x00, 0x00, 0x00, 0x00, 0x00,
  0x00, 0x00, 0x00, 0x00, 0x00, 0x00, 0x00, 0x00, 0x00, 0x00, 0x00, 0x00, 0x00, 0x00, 0x00, 0x00,
  0x00, 0x00, 0x00, 0x00, 0x00, 0x00, 0x00, 0x00, 0x00, 0x00, 0x00, 0x00, 0x00, 0x00, 0x00, 0x00,
  0x00, 0x00, 0x00, 0x00, 0x00, 0x00, 0x00, 0x00, 0x00, 0x00, 0x00, 0x00, 0x00, 0x00, 0x00, 0x00,
  0x00, 0x00, 0x00, 0x00, 0x00, 0x00, 0x00, 0x00, 0x00, 0x00, 0x00, 0x00, 0x00, 0x00, 0x00, 0x00,
  0x00, 0x00, 0x00, 0x00, 0x00, 0x00, 0x00, 0x00, 0x00, 0x00, 0x00, 0x00, 0x00, 0x00, 0x00, 0x00,
  0x00, 0x00, 0x00, 0x00, 0x00, 0x00, 0x00, 0x00, 0x00, 0x00, 0x00, 0x00, 0x00, 0x00, 0x00, 0x00,
  0x00, 0x00, 0x00, 0x00, 0x00, 0x00, 0x00, 0x00, 0x00, 0x00, 0x00, 0x00, 0x00, 0x00, 0x00, 0x00,
  0x00, 0x00, 0x00, 0x00, 0x00, 0x00, 0x00, 0x00, 0x00, 0x00, 0x00, 0x00, 0x00, 0x00, 0x00, 0x00,
  0x00, 0x00, 0x00, 0x00, 0x00, 0x00, 0x00, 0x00, 0x00, 0x00, 0x00, 0x00, 0x00, 0x00, 0x00, 0x00,
  0x00, 0x00, 0x00, 0x00, 0x00, 0x00, 0x00, 0x00, 0x00, 0x00, 0x00, 0x00, 0x00, 0x00, 0x00, 0x00,
  0x00, 0x00, 0x00, 0x00, 0x00, 0x00, 0x00, 0x00, 0x00, 0x00, 0x00, 0x00, 0x00, 0x00, 0x00, 0x00,
  0x00, 0x00, 0x00, 0x00, 0x00, 0x00, 0x00, 0x00, 0x00, 0x00, 0x00, 0x00, 0x00, 0x00, 0x00, 0x00,
  0x00, 0x00, 0x00, 0x00, 0x00, 0x00, 0x00, 0x00, 0x00, 0x00, 0x00, 0x00, 0x00, 0x00, 0x00, 0x00,
  0x00, 0x00, 0x00, 0x00, 0x00, 0x00, 0x00, 0x00, 0x00, 0x00, 0x00, 0x00, 0x00, 0x00, 0x00, 0x00,
  0x00, 0x00, 0x00, 0x00, 0x00, 0x00, 0x00, 0x00, 0x00, 0x00, 0x00, 0x00, 0x00, 0x00, 0x00, 0x00,
  0x00, 0x00, 0x00, 0x00, 0x00, 0x00, 0x00, 0x00, 0x00, 0x00, 0x00, 0x00, 0x00, 0x00, 0x00, 0x00,
  0x00, 0x00, 0x00, 0x00, 0x00, 0x00, 0x00, 0x00, 0x00, 0x00, 0x00, 0x00, 0x00, 0x00, 0x00, 0x00,
  0x00, 0x00, 0x00, 0x00, 0x00, 0x00, 0x00, 0x00, 0x00, 0x00, 0x00, 0x00, 0x00, 0x00, 0x00, 0x00,
  0x00, 0x00, 0x00, 0x00, 0x00, 0x00, 0x00, 0x00, 0x00, 0x00, 0x00, 0x00, 0x00, 0x00, 0x00, 0x00,
  0x00, 0x00, 0x00, 0x00, 0x00, 0x00, 0x00, 0x00, 0x00, 0x00, 0x00, 0x00, 0x00, 0x00, 0x00, 0x00,
  0x00, 0x00, 0x00, 0x00, 0x00, 0x00, 0x00, 0x00, 0x00, 0x00, 0x00, 0x00, 0x00, 0x00, 0x00, 0x00,
  0x00, 0x00, 0x00, 0x00, 0x00, 0x00, 0x00, 0x00, 0x00, 0x00, 0x00, 0x00, 0x00, 0x00, 0x00, 0x00,
  0x00, 0x00, 0x00, 0x00, 0x00, 0x00, 0x00, 0x00, 0x00, 0x00, 0x00, 0x00, 0x00, 0x00, 0x00, 0x00,
  0x00, 0x00, 0x00, 0x00, 0x00, 0x00, 0x00, 0x00, 0x00, 0x00, 0x00, 0x00, 0x00, 0x00, 0x00, 0x00,
  0x00, 0x00, 0x00, 0x00, 0x00, 0x00, 0x00, 0x00, 0x00, 0x00, 0x00, 0x00, 0x00, 0x00, 0x00, 0x00,
  0x00, 0x00, 0x00, 0x00, 0x00, 0x00, 0x00, 0x00, 0x00, 0x00, 0x00, 0x00, 0x00, 0x00, 0x00, 0x00,
  0x00, 0x00, 0x00, 0x00, 0x00, 0x00, 0x00, 0x00, 0x00, 0x00, 0x00, 0x00, 0x00, 0x00, 0x00, 0x00,
  0x00, 0x00, 0x00, 0x00, 0x00, 0x00, 0x00, 0x00, 0x00, 0x00, 0x00, 0x00, 0x00, 0x00, 0x00, 0x00,
  0x00, 0x00, 0x00, 0x00, 0x00, 0x00, 0x00, 0x00, 0x00, 0x00, 0x00, 0x00, 0x00, 0x00, 0x00, 0x00,
  0x00, 0x00, 0x00, 0x00, 0x00, 0x00, 0x00, 0x00, 0x00, 0x00, 0x00, 0x00, 0x00, 0x00, 0x00, 0x00,
  0x00, 0x00, 0x00, 0x00, 0x00, 0x00, 0x00, 0x00, 0x00, 0x00, 0x00, 0x00, 0x00, 0x00, 0x00, 0x00,
  0x00, 0x00, 0x00, 0x00, 0x00, 0x00, 0x00, 0x00, 0x00, 0x00, 0x00, 0x00, 0x00, 0x00, 0x00, 0x00,
  0x00, 0x00, 0x00, 0x00, 0x00, 0x00, 0x00, 0x00, 0x00, 0x00, 0x00, 0x00, 0x00, 0x00, 0x00, 0x00,
  0x00, 0x00, 0x00, 0x00, 0x00, 0x00, 0x00, 0x00, 0x00, 0x00, 0x00, 0x00, 0x00, 0x00, 0x00, 0x00,
  0x00, 0x00, 0x00, 0x00, 0x00, 0x00, 0x00, 0x00, 0x00, 0x00, 0x00, 0x00, 0x00, 0x00, 0x00, 0x00,
  0x00, 0x00, 0x00, 0x00, 0x00, 0x00, 0x00, 0x00, 0x00, 0x00, 0x00, 0x00, 0x00, 0x00, 0x00, 0x00,
  0x00, 0x00, 0x00, 0x00, 0x00, 0x00, 0x00, 0x00, 0x00, 0x00, 0x00, 0x00, 0x00, 0x00, 0x00, 0x00,
  0x00, 0x00, 0x00, 0x00, 0x00, 0x00, 0x00, 0x00, 0x00, 0x00, 0x00, 0x00, 0x00, 0x00, 0x00, 0x00,
  0x00, 0x00, 0x00, 0x00, 0x00, 0x00, 0x00, 0x00, 0x00, 0x00, 0x00, 0x00, 0x00, 0x00, 0x00, 0x00,
  0x00, 0x00, 0x00, 0x00, 0x00, 0x00, 0x00, 0x00, 0x00, 0x00, 0x00, 0x00, 0x00, 0x00, 0x00, 0x00,
  0x00, 0x00, 0x00, 0x00, 0x00, 0x00, 0x00, 0x00, 0x00, 0x00, 0x00, 0x00, 0x00, 0x00, 0x00, 0x00,
  0x00, 0x00, 0x00, 0x00, 0x00, 0x00, 0x00, 0x00, 0x00, 0x00, 0x00, 0x00, 0x00, 0x00, 0x00, 0x00,
  0x00, 0x00, 0x00, 0x00, 0x00, 0x00, 0x00, 0x00, 0x00, 0x00, 0x00, 0x00, 0x00, 0x00, 0x00, 0x00,
  0x00, 0x00, 0x00, 0x00, 0x00, 0x00, 0x00, 0x00, 0x00, 0x00, 0x00, 0x00, 0x00, 0x00, 0x00, 0x00,
  0x00, 0x00, 0x00, 0x00, 0x00, 0x00, 0x00, 0x00, 0x00, 0x00, 0x00, 0x00, 0x00, 0x00, 0x00, 0x00,
  0x00, 0x00, 0x00, 0x00, 0x00, 0x00, 0x00, 0x00, 0x00, 0x00, 0x00, 0x00, 0x00, 0x00, 0x00, 0x00,
  0x00, 0x00, 0x00, 0x00, 0x00, 0x00, 0x00, 0x00, 0x00, 0x00, 0x00, 0x00, 0x00, 0x00, 0x00, 0x00,
  0x00, 0x00, 0x00, 0x00, 0x00, 0x00, 0x00, 0x00, 0x00, 0x00, 0x00, 0x00, 0x00, 0x00, 0x00, 0x00,
  0x00, 0x00, 0x00, 0x00, 0x00, 0x00, 0x00, 0x00, 0x00, 0x00, 0x00, 0x00, 0x00, 0x00, 0x00, 0x00,
  0x00, 0x00, 0x00, 0x00, 0x00, 0x00, 0x00, 0x00, 0x00, 0x00, 0x00, 0x00, 0x00, 0x00, 0x00, 0x00,
  0x00, 0x00, 0x00, 0x00, 0x00, 0x00, 0x00, 0x00, 0x00, 0x00, 0x00, 0x00, 0x00, 0x00, 0x00, 0x00,
  0x00, 0x00, 0x00, 0x00, 0x00, 0x00, 0x00, 0x00, 0x00, 0x00, 0x00, 0x00, 0x00, 0x00, 0x00, 0x00,
  0x00, 0x00, 0x00, 0x00, 0x00, 0x00, 0x00, 0x00, 0x00, 0x00, 0x00, 0x00, 0x00, 0x00, 0x00, 0x00,
  0x00, 0x00, 0x00, 0x00, 0x00, 0x00, 0x00, 0x00, 0x00, 0x00, 0x00, 0x00, 0x00, 0x00, 0x00, 0x00,
  0x00, 0x00, 0x00, 0x00, 0x00, 0x00, 0x00, 0x00, 0x00, 0x00, 0x00, 0x00, 0x00, 0x00, 0x00, 0x00,
  0x00, 0x00, 0x00, 0x00, 0x00, 0x00, 0x00, 0x00, 0x00, 0x00, 0x00, 0x00, 0x00, 0x00, 0x00, 0x00,
  0x00, 0x00, 0x00, 0x00, 0x00, 0x00, 0x00, 0x00, 0x00, 0x00, 0x00, 0x00, 0x00, 0x00, 0x00, 0x00,
  0x00, 0x00, 0x00, 0x00, 0x00, 0x00, 0x00, 0x00, 0x00, 0x00, 0x00, 0x00, 0x00, 0x00, 0x00, 0x00,
  0x00, 0x00, 0x00, 0x00, 0x00, 0x00, 0x00, 0x00, 0x00, 0x00, 0x00, 0x00, 0x00, 0x00, 0x00, 0x00,
  0x00, 0x00, 0x00, 0x00, 0x00, 0x00, 0x00, 0x00, 0x00, 0x00, 0x00, 0x00, 0x00, 0x00, 0x00, 0x00,
  0x00, 0x00, 0x00, 0x00, 0x00, 0x00, 0x00, 0x00, 0x00, 0x00, 0x00, 0x00, 0x00, 0x00, 0x00, 0x00,
  0x00, 0x00, 0x00, 0x00, 0x00, 0x00, 0x00, 0x00, 0x00, 0x00, 0x00, 0x00, 0x00, 0x00, 0x00, 0x00,
  0x00, 0x00, 0x00, 0x00, 0x00, 0x00, 0x00, 0x00, 0x00, 0x00, 0x00, 0x00, 0x00, 0x00, 0x00, 0x00,
  0x00, 0x00, 0x00, 0x00, 0x00, 0x00, 0x00, 0x00, 0x00, 0x00, 0x00, 0x00, 0x00, 0x00, 0x00, 0x00,
  0x00, 0x00, 0x00, 0x00, 0x00, 0x00, 0x00, 0x00, 0x00, 0x00, 0x00, 0x00, 0x00, 0x00, 0x00, 0x00,
  0x00, 0x00, 0x00, 0x00, 0x00, 0x00, 0x00, 0x00, 0x00, 0x00, 0x00, 0x00, 0x00, 0x00, 0x00, 0x00,
  0x00, 0x00, 0x00, 0x00, 0x00, 0x00, 0x00, 0x00, 0x00, 0x00, 0x00, 0x00, 0x00, 0x00, 0x00, 0x00,
  0x00, 0x00, 0x00, 0x00, 0x00, 0x00, 0x00, 0x00, 0x00, 0x00, 0x00, 0x00, 0x00, 0x00, 0x00, 0x00,
  0x00, 0x00, 0x00, 0x00, 0x00, 0x00, 0x00, 0x00, 0x00, 0x00, 0x00, 0x00, 0x00, 0x00, 0x00, 0x00,
  0x00, 0x00, 0x00, 0x00, 0x00, 0x00, 0x00, 0x00, 0x00, 0x00, 0x00, 0x00, 0x00, 0x00, 0x00, 0x00,
  0x00, 0x00, 0x00, 0x00, 0x00, 0x00, 0x00, 0x00, 0x00, 0x00, 0x00, 0x00, 0x00, 0x00, 0x00, 0x00,
  0x00, 0x00, 0x00, 0x00, 0x00, 0x00, 0x00, 0x00, 0x00, 0x00, 0x00, 0x00, 0x00, 0x00, 0x00, 0x00,
  0x00, 0x00, 0x00, 0x00, 0x00, 0x00, 0x00, 0x00, 0x00, 0x00, 0x00, 0x00, 0x00, 0x00, 0x00, 0x00,
  0x00, 0x00, 0x00, 0x00, 0x00, 0x00, 0x00, 0x00, 0x00, 0x00, 0x00, 0x00, 0x00, 0x00, 0x00, 0x00,
  0x00, 0x00, 0x00, 0x00, 0x00, 0x00, 0x00, 0x00, 0x00, 0x00, 0x00, 0x00, 0x00, 0x00, 0x00, 0x00,
  0x00, 0x00, 0x00, 0x00, 0x00, 0x00, 0x00, 0x00, 0x00, 0x00, 0x00, 0x00, 0x00, 0x00, 0x00, 0x00,
  0x00, 0x00, 0x00, 0x00, 0x00, 0x00, 0x00, 0x00, 0x00, 0x00, 0x00, 0x00, 0x00, 0x00, 0x00, 0x00,
  0x00, 0x00, 0x00, 0x00, 0x00, 0x00, 0x00, 0x00, 0x00, 0x00, 0x00, 0x00, 0x00, 0x00, 0x00, 0x00,
  0x00, 0x00, 0x00, 0x00, 0x00, 0x00, 0x00, 0x00, 0x00, 0x00, 0x00, 0x00, 0x00, 0x00, 0x00, 0x00,
  0x00, 0x00, 0x00, 0x00, 0x00, 0x00, 0x00, 0x00, 0x00, 0x00, 0x00, 0x00, 0x00, 0x00, 0x00, 0x00,
  0x00, 0x00, 0x00, 0x00, 0x00, 0x00, 0x00, 0x00, 0x00, 0x00, 0x00, 0x00, 0x00, 0x00, 0x00, 0x00,
  0x00, 0x00, 0x00, 0x00, 0x00, 0x00, 0x00, 0x00, 0x00, 0x00, 0x00, 0x00, 0x00, 0x00, 0x00, 0x00,
  0x00, 0x00, 0x00, 0x00, 0x00, 0x00, 0x00, 0x00, 0x00, 0x00, 0x00, 0x00, 0x00, 0x00, 0x00, 0x00,
  0x00, 0x00, 0x00, 0x00, 0x00, 0x00, 0x00, 0x00, 0x00, 0x00, 0x00, 0x00, 0x00, 0x00, 0x00, 0x00,
  0x00, 0x00, 0x00, 0x00, 0x00, 0x00, 0x00, 0x00, 0x00, 0x00, 0x00, 0x00, 0x00, 0x00, 0x00, 0x00,
  0x00, 0x00, 0x00, 0x00, 0x00, 0x00, 0x00, 0x00, 0x00, 0x00, 0x00, 0x00, 0x00, 0x00, 0x00, 0x00,
  0x00, 0x00, 0x00, 0x00, 0x00, 0x00, 0x00, 0x00, 0x00, 0x00, 0x00, 0x00, 0x00, 0x00, 0x00, 0x00,
  0x00, 0x00, 0x00, 0x00, 0x00, 0x00, 0x00, 0x00, 0x00, 0x00, 0x00, 0x00, 0x00, 0x00, 0x00, 0x00,
  0x00, 0x00, 0x00, 0x00, 0x00, 0x00, 0x00, 0x00, 0x00, 0x00, 0x00, 0x00, 0x00, 0x00, 0x00, 0x00,
  0x00, 0x00, 0x00, 0x00, 0x00, 0x00, 0x00, 0x00, 0x00, 0x00, 0x00, 0x00, 0x00, 0x00, 0x00, 0x00,
  0x00, 0x00, 0x00, 0x00, 0x00, 0x00, 0x00, 0x00, 0x00, 0x00, 0x00, 0x00, 0x00, 0x00, 0x00, 0x00
};

/* ----------------------------------------------------------------------- */

typedef struct hazard_s {
  uint8_t  used;
  uint8_t  distance;
  uint8_t  horz_pos;
  uint8_t  TBD3;
  uint8_t  TBD4;
  uint8_t  horz_pos_on_road;
  uint8_t  TBD6;
  uint8_t  TBD7;
  uint8_t  TBD8;
  uint16_t lod_addr;
  uint16_t hit_handler;
  uint16_t speed;
  uint8_t  TBD15;
  uint8_t  TBD16;
  uint8_t  TBD17;
  uint8_t  TBD18;
  uint8_t  TBD19;
}
hazard_t;

// crap name
typedef struct stagevars_s {
  // $A16D
  uint8_t  var_a16d;
  // $A16E
  uint8_t  idle_timer;
  // $A16F
  uint8_t  user_input_mask;
  // $A170
  uint8_t  turbos;
  // $A171
  uint16_t horizon_level;
  // $A173
  uint8_t  perp_halt_counter;
  // $A174
  uint8_t  displayed_gear;
  // $A175
  uint8_t  score_digits[8];
  // $A17D
  uint8_t  time_sixteenths;
  // $A17E
  uint8_t  time_bcd;
  // $A17F
  uint8_t  time_digits[2];
  // $A181
  uint8_t  distance_digits[4];
  // $A185
  uint8_t  no_objects_counter;
  // $A186
  uint16_t horizon_attribute;
}
stagevars_t;

typedef struct chqstate_s {
  // $4000
  uint8_t  screen[SCREEN_LENGTH];

  // $5B00
  uint8_t  pre_shifted_backdrop[10 * 24]; // occupies 256 bytes in real game?

  // $8000
  uint8_t  test_mode;
  // $8001
  uint8_t  attract_cycle;
  // $8002
  char     score_bcd[4];
  // $8006
  uint8_t  retry_count;
  // $8007
  uint8_t  wanted_stage_number;

  // $5C00..$76EF
  uint8_t  stagedata[STAGEDATA_SIZE];

  // $8277
  uint8_t  SM_8277;
  // $828C
  uint8_t  SM_828c;

  // $8D77
  char     time_nn[7]; // initialised to "TIME 10"
  // $8D85
  char     credit_n[8]; // initialised to "CREDIT  "

  // $9618
  uint8_t  rng_seed[3];

  // $962E
  const char *next_character;
  // $9630
  const uint8_t *chatterblk_ptr; // current chatter block byte
  // $9632
  uint8_t  message_x;
  // $9633
  uint8_t  chatter_delay;
  // $9634
  uint8_t  noise_bytes[5];

  // $963C
  uint8_t  noise_counter;
  // $963D
  uint8_t  chatter_state;
  // $963E
  chatterpriority_t chatter_priority;

  // $9982
  uint8_t  SM_9982;

  // $9C85
  uint8_t  SM_9c85;
  // $9C86
  uint8_t  SM_9c86;

  // $9D51
  char     bonus_string[6];

  // $9D9B
  char    *SM_address_of_score_digits; // was self modified

  // $A0D5
  uint8_t  user_input;

  // $A139
  uint8_t  mode_128k;
  // $A13A
  uint8_t  current_stage_number; // init to 1
  // $A13B
  uint8_t  start_speech_cycle; // init to 4
  // $A13C
  uint8_t  overtake_bonus_bcd;
  // $A13D
  uint8_t  credits;

  // $A16D
  stagevars_t st;

  // $A188
  hazard_t hazards[6];

  // $A226
  uint8_t  correct_fork;
  // $A227
  uint8_t  floating_arrow;
  // $A228
  uint8_t  cherry_light;
  // $A229
  uint8_t  time_up_state;
  // $A22A
  uint8_t  car_y;
  // $A22B
  uint8_t  overtake_bonus_counter;
  // $A22C
  uint8_t  trigger_bonus_flag;
  // $A22D
  uint8_t  bonus_counter;
  // $A22E
  uint8_t  sighted_flag;
  // $A22F
  uint8_t  hand_flag;
  // $A230
  uint8_t  perp_caught_phase;
  // $A231
  uint8_t  transition_control;
  // $A232
  uint8_t  smash_level;
  // $A233
  uint8_t  smash_counter;
  // $A234
  uint8_t  counter_A;
  // $A235
  uint8_t  counter_B;
  // $A236
  uint8_t  counter_C;

  // $A23F
  uint8_t  fast_counter;
  // $A240
  uint8_t *road_buffer_offset;
  uint8_t *road_buffer_start; // additional
  uint8_t *road_buffer_end; // additional

  // $A249
  uint8_t  fork_taken;

  // $A24A
  uint16_t speed;
  // $A24C
  uint8_t  inclined;
  // $A24D
  uint8_t  cornering;
  // $A24E
  uint8_t  boost;
  // $A24F
  uint8_t  smoke;
  // $A250
  uint8_t  turn_speed;
  // $A251
  uint8_t  flip_car;
  // $A252
  uint8_t  gear_lockout;
  // $A253
  uint8_t  gear;
  // $A254
  uint8_t  allow_spawning;
  // $A255
  uint8_t  distance_bcd[2];

  // $A265
  uint8_t  fork_visible;
  // $A266
  uint8_t  fork_countdown;
  // $A267
  uint16_t fork_distance;
  // $A269
  uint8_t  fork_in_progress;
  // $A26A
  uint8_t  quit_state;
  // $A26B
  uint8_t  start_speech;
  // $A26C
  uint16_t road_pos;
  const uint8_t *road_curvature_ptr;
  const uint8_t *road_height_ptr;
  const uint8_t *road_lanes_ptr;
  const uint8_t *road_rightside_ptr;
  const uint8_t *road_leftside_ptr;
  const uint8_t *road_hazard_ptr;

  // $E300
  uint8_t  table_e300[32]; // note: first byte should be $60
  // $E320
  uint8_t  table_e320[2];
  // $E34F
  uint8_t  object_positions[21];
  // $E800
  uint16_t table_e800[128];
  // $E900
  uint16_t table_e900[128];
  // $EA00
  uint16_t table_ea00[128];
  // $EB00
  uint16_t table_eb00[128];
  // $EC00
  uint16_t table_ec00[128];
  // $ED00
  uint16_t table_ed00[128];
  // $EE00
  uint8_t  road_buffer[256];
} chqstate_t;

/* ----------------------------------------------------------------------- */

static void chasehq_reset_state(chqstate_t *state)
{
  memset(state, 0, sizeof(*state));

  state->wanted_stage_number = 1;

  state->SM_8277 = 0xF0; // attract mode blinker

  memcpy(state->time_nn, "TIME 1\xB0", 7);
  memcpy(state->credit_n, "CREDIT \xA0", 8);

  state->rng_seed[0] = 0x7B;
  state->rng_seed[1] = 0x2D;
  state->rng_seed[2] = 0xE9;

  state->road_buffer_offset = &state->road_buffer[0];
  state->road_buffer_start  = &state->road_buffer[0];
  state->road_buffer_end    = &state->road_buffer[256];
}

/* ----------------------------------------------------------------------- */

// read an arbitrary native word
static uint16_t wordat(const uint8_t *addr)
{
  return (addr[0] << 0) | (addr[1] << 8);
}

// given a Z80 address read a stagedata byte
static uint16_t stgbyte(chqstate_t *state, int address)
{
  int offset;
  assert(address >= STAGEDATA_BASE && address <= STAGEDATA_END);
  offset = address - STAGEDATA_BASE;
  return state->stagedata[offset];
}

// given a Z80 address read a stagedata word
static uint16_t stgword(chqstate_t *state, int address)
{
  int offset;
  assert(address >= STAGEDATA_BASE && address <= STAGEDATA_END);
  offset = address - STAGEDATA_BASE;
  return wordat(&state->stagedata[offset]);
}

// map a Z80 address to a stagedata pointer
static const uint8_t *stgmap(chqstate_t *state, int address)
{
  if (address == 0)
    return NULL;
  assert(address >= STAGEDATA_BASE && address <= STAGEDATA_END);
  return &state->stagedata[address - STAGEDATA_BASE];
}

// given a Z80 address read a stagedata word and map it to a native pointer into stagedata
static const uint8_t *stgwordtostgptr(chqstate_t *state, int address)
{
  return stgmap(state, stgword(state, address));
}

// given a native pointer read a word and map it to a native pointer into stagedata
static const uint8_t *ptrtostgptr(chqstate_t *state, const uint8_t *addr)
{
  return stgmap(state, wordat(addr));
}

/* ----------------------------------------------------------------------- */

static void attract_mode(chqstate_t *state);

static void main_loop(chqstate_t *state);

static void set_up_stage(chqstate_t *state, const uint8_t *stage_data);
static void sus_clear_lights(uint8_t *attrptr);

static void clear_playfield_attrs(chqstate_t *state);
static void clear_playfield(chqstate_t *state);

static void fully_smashed(chqstate_t *state);

static void transition(chqstate_t *state);

static void fill_attributes(chqstate_t *state);

static void draw_overlay_messages(chqstate_t *state);

static const uint8_t *print_message(chqstate_t    *state,
                                    uint8_t        Aflags,
                                    const uint8_t *HLmessages);

static void setup_overlay_messages(chqstate_t *state, const uint8_t *HL);

static uint8_t rng(chqstate_t *state);

static void start_chatter(chqstate_t       *state,
                          chatterpriority_t priority,
                          const uint8_t    *chatterblk);

static void drive_chatter(chqstate_t *state);

static void print_chatter(chqstate_t *state);
static void pc_chatter_message(chqstate_t *state, const uint8_t *HLchatter);
static void pc_clear_line(chqstate_t *state, uint8_t x);

static void noise_effect(chqstate_t *state, uint8_t counter);
static void noise_effect_9a5c(chqstate_t *state, uint8_t counter);
static void ne_plot_attrs(chqstate_t *state, uint8_t A);

static void plot_face(chqstate_t    *state,
                      const uint8_t *HLface,
                      uint16_t       DEscreen);

static void plot_mini_font_cursor_off(chqstate_t *state,
                                      uint8_t     x,
                                      char        character);
static void plot_mini_font_cursor_on(chqstate_t *state,
                                     uint8_t     x,
                                     char        character);
static void pmf_go(chqstate_t *state,
                   uint8_t     x,
                   char        character,
                   uint8_t     B,
                   uint8_t     C);

static void clear_message_line(chqstate_t *state);

static void tick(chqstate_t *state);

static void speed_score(chqstate_t *state);

static void add_bonus(chqstate_t *state,
                      uint8_t     A_lo,
                      uint8_t     E_md,
                      uint8_t     D_hi);
static int bonus_digit(uint8_t digit,
                       uint8_t *nonzeroflag,
                       char   **poutput);

static void increment_score(chqstate_t *state,
                            uint8_t     A_lo,
                            uint8_t     E_md,
                            uint8_t     D_hi);

static void calc_overtake_bonus(chqstate_t *state);

static void update_scoreboard(chqstate_t *state);

static void toggle_light_brightness(chqstate_t *state, uint8_t *HL);

static void plot_turbos_and_scores(chqstate_t *state);

static uint8_t *ledfont_plot(chqstate_t *state, uint8_t ord, uint8_t *screen);

static void draw_string_A(chqstate_t *state, uint8_t A, uint8_t *BC);
static void draw_string(chqstate_t *state);
static void draw_string_entry(chqstate_t *state,
                              uint8_t     Adash,
                              uint8_t    *DE,
                              uint8_t    *HL);

#define DRAWCHAR_TYPE_DUNNO           (0)
#define DRAWCHAR_TYPE_GENERIC         (1)
#define DRAWCHAR_TYPE_SINGLE          (2)
#define DRAWCHAR_TYPE_DOUBLE          (3)
#define DRAWCHAR_TYPE_SINGLE_INVERTED (4)
#define DRAWCHAR_TYPE_DOUBLE_INVERTED (5)

static void draw_char(chqstate_t *state,
                      uint8_t     Achar,
                      uint8_t    *DE,    // screen address
                      uint8_t     Adash, // draw type
                      uint8_t     Cdash, // attribute
                      uint8_t    *DEdash,
                      uint8_t    *HLdash);

static uint8_t keyscan(chqstate_t *state);

static void cycle_counters(chqstate_t *state);

static void layout_road(chqstate_t *state);

static void draw_screen(chqstate_t *state);

static void clear_playfield_set_attrs(chqstate_t *state);

static void read_map(chqstate_t *state);

static void prepare_tunnel(chqstate_t *state);

static void draw_tunnel(chqstate_t *state, uint8_t *IY);

static void draw_road_scene_change(chqstate_t *state, uint8_t *IX, uint8_t *IY);

static void draw_road(chqstate_t *state);

static void pre_shift_backdrop(chqstate_t *state);

static void forked_road_plotter(chqstate_t *state);

static void backdrop_fill_choice(chqstate_t *state);

static void build_curve_table(chqstate_t *state, int forked);
static void build_curve_table_sub_cca8(chqstate_t *state,
                                       uint8_t     Bdash_alwayszero,
                                       uint16_t   *HLtableend,
                                       uint16_t    DEroadpos);

typedef int8_t T; // works
static T multiply(T a, T c);

/* ----------------------------------------------------------------------- */

// Conv: The C version uses IDs for strings and blocks rather than inline addresses.

#define CHATTERCMD_RANDOM                   (0xFC) // Followed by three chatterblock indices
#define CHATTERCMD_PAUSE                    (0xFE) // Followed by a single chatterblock index
#define CHATTERCMD_STOP                     (0xFF)

/// Chatter characters
#define CHATTERCHR_PILOT                       (0)
#define CHATTERCHR_NANCY                       (1)
#define CHATTERCHR_RAYMOND                     (2)
#define CHATTERCHR_TONY                        (3)

/// Chatter string indices
#define CHATTERSTR_GIDDY_UP_BOY                (0)
#define CHATTERSTR_HOLD_ON_MAN                 (1)
#define CHATTERSTR_THIS_IS_NANCY               (2)
#define CHATTERSTR_THIS_IS_AIRBORNE            (3)
#define CHATTERSTR_TARGET_VEHICLE_TURNED       (4)
#define CHATTERSTR_RIGHT_AHEAD_OVER            (5)
#define CHATTERSTR_LEFT_AHEAD_OVER             (6)
#define CHATTERSTR_READ_LOUD_CLEAR             (7)
#define CHATTERSTR_ROGER                       (8)
#define CHATTERSTR_GOTCHA_NANCY                (9)
#define CHATTERSTR_WHAT_YOU_DOING             (10)
#define CHATTERSTR_GOING_OTHER_WAY            (11)
#define CHATTERSTR_MESSIN_AROUND              (12)
#define CHATTERSTR_TIME_RUN_OUT               (13)
#define CHATTERSTR_GET_MOVIN_MAN              (14)
#define CHATTERSTR_OH_NO                      (15)
#define CHATTERSTR_PLEASE                     (16)
#define CHATTERSTR_GREAT                      (17)
#define CHATTERSTR_OUCH                       (18)
#define CHATTERSTR_LETS_GO                    (19)
#define CHATTERSTR_YAOW                       (20)
#define CHATTERSTR_BEAR_DOWN                  (21)
#define CHATTERSTR_MORE_PUSH_MORE             (22)
#define CHATTERSTR_ONE_MORE_TIME              (23)
#define CHATTERSTR_OH_MAN                     (24)
#define CHATTERSTR_WHOA                       (25)
#define CHATTERSTR_HARDER                     (26)
#define CHATTERSTR_PICKED_WRONG_JOB           (27)
#define CHATTERSTR_CHECK_CLASSIFIED_ADS       (28)
#define CHATTERSTR_ONE_MORE_TRY               (29)
#define CHATTERSTR_MEDIOCRE_DRIVER            (30)
#define CHATTERSTR_SEE_YOU_LATER              (31)
#define CHATTERSTR__LIMIT                     (32)

/// Chatter block indices
#define CHATTERBLK_START_STAGE                 (0)
#define CHATTERBLK_TONY_GIDDY_UP               (1)
#define CHATTERBLK_TONY_HOLD_ON                (2)
#define CHATTERBLK_PILOT_TURN_LEFT             (3)
#define CHATTERBLK_PILOT_TURN_RIGHT            (4)
#define CHATTERBLK_HEROES_ACKNOWLEDGE          (5)
#define CHATTERBLK_TONY_LOUD_CLEAR             (6)
#define CHATTERBLK_RAYMOND_ROGER               (7)
#define CHATTERBLK_TONY_GOTCHA                 (8)
#define CHATTERBLK_RAYMOND_WRONG_WAY           (9)
#define CHATTERBLK_RAYMOND_SMASH              (10)
#define CHATTERBLK_RAYMOND_BEAR_DOWN          (10)
#define CHATTERBLK_RAYMOND_PUSH_IT            (12)
#define CHATTERBLK_RAYMOND_HARDER             (13)
#define CHATTERBLK_RAYMOND_OH_MAN             (14)
#define CHATTERBLK_RAYMOND_RANDOM_PLEAS       (15)
#define CHATTERBLK_RAYMOND_PLEASE             (16)
#define CHATTERBLK_RAYMOND_GET_MOVING         (17)
#define CHATTERBLK_NANCY_TIME_RUNNING_OUT     (18)
#define CHATTERBLK_RAYMOND_RANDOM_YELPS       (19)
#define CHATTERBLK_RAYMOND_OHNO               (20)
#define CHATTERBLK_RAYMOND_OUCH               (21)
#define CHATTERBLK_RAYMOND_YAOW               (22)
#define CHATTERBLK_TURBO                      (23)
#define CHATTERBLK_TONY_WHOA                  (24)
#define CHATTERBLK_TONY_GREAT                 (25)
#define CHATTERBLK_RAYMOND_ONE_MORE_TIME      (26)
#define CHATTERBLK_NANCY_BERATES              (27)
#define CHATTERBLK_NANCY_WRONG_JOB            (28)
#define CHATTERBLK_NANCY_ONE_MORE_TRY         (29)
#define CHATTERBLK_NANCY_MEDIOCRE_DRIVER      (30)
#define CHATTERBLK_TONY_LETS_GO               (31)
#define CHATTERBLK__LIMIT                     (32)

/* ----------------------------------------------------------------------- */

// [Graphics] Faces
//

#define FACEBITMAPBYTES (32*40/8)
#define FACEATTRBYTES   (4*5)
#define FACEBYTES       (FACEBITMAPBYTES + FACEATTRBYTES)
#define NFACES          (3)

// $7BE9
static const uint8_t bitmap_faces[FACEBYTES * NFACES] = {
  XXXXXXXX, XXXXXXXX, XXXXXXXX, XXXXXXXX,
  X__XX__X, X_______, ________, ____X_XX,
  X_XX___X, ________, ________, _____X_X,
  XX____XX, ________, ________, _____X_X,
  X___XXXX, ____XXXX, XX______, __XX_X_X,
  X_XX_XX_, ___X____, _XXX____, XX__XXXX,
  XXX_XXX_, ________, __XX___X, X____XXX,
  XXX_XXX_, ___X_XXX, X_X____X, X____X__,
  XX_XXXX_, ___XXX_X, XXX____X, XXXX_XXX,
  XX_XXX__, ____XXXX, __XX___X, X_XXXXX_,
  X_XXXX__, ______XX, X______X, XXX_XXX_,
  XXXXXXX_, ________, ________, XX___XX_,
  XXXXXX__, ________, ____X___, _____XXX,
  XXXXX_X_, ________, ________, _____XXX,
  XXXX_X_X, ________, __X__X__, _____X_X,
  XXX_X_X_, ________, __X_XXXX, X____X_X,
  XXXX_X_X, _X______, _X_XXXXX, _____X__,
  _XXXX_X_, X_X_____, _____XX_, _____X__,
  _X_____X, _X_X_X__, ______X_, _____X__,
  ___XX___, __X_X___, ________, _____X__,
  X__X____, _X_X____, ___XXX_X, X___XX__,
  XXXX____, __X_____, _XXXXXXX, X___XX__,
  XXXX____, _X_X____, XXX____X, XX__XXX_,
  XXXX____, __X_____, ________, ____X_X_,
  XXXX____, ________, _X______, X__XX_X_,
  XXXXX___, ________, __XXXXXX, ___XX_X_,
  XXXXX___, ________, ___XXXXX, ___XX_X_,
  XXXXXX__, ________, ________, __XXX_X_,
  _XXXX_X_, X_______, ________, __XXX_X_,
  _XXX_X_X, XXXX_X__, _____XX_, __XXX_X_,
  _XXXX_X_, XXXXX_XX, _X_XXXXX, _XXXX_XX,
  __XX___X, XXXXXXXX, XXXXXXXX, XXXXX_XX,
  __XXX___, _XXXXXXX, XXXXXX_X, XXXXX__X,
  __XX____, ___XXXXX, XXXXX_XX, XXXXXX_X,
  __X_X___, _____X_X, XXXX_XXX, XXXXXX_X,
  __XX____, ______X_, XXXXXXXX, XXX_XX_X,
  _XX_____, _______X, XXXX_XXX, XXX_XX_X,
  _X_X____, _X____X_, XXX_XXXX, XXX_XX_X,
  _XX____X, __X____X, XXXX_XXX, XXX_XX_X,
  XXXXXXXX, XXXXXXXX, XXXXXXXX, XXXXXXXX,

  0x78, 0x70, 0x30, 0x30,
  0x70, 0x70, 0x70, 0x30,
  0x70, 0x72, 0x70, 0x30,
  0x30, 0x70, 0x70, 0x30,
  0x30, 0x30, 0x28, 0x30,

  XXXXXXXX, XXXXXXXX, XXXXXXXX, XXXXXXXX,
  XXXXXXXX, XXXXXXXX, XXXXXXXX, XXXXX__X,
  XXXXXXXX, XXXXXXXX, XXXXXXXX, XXXXXX_X,
  XXXXXXXX, XXXXXXXX, XX_X_XXX, XXXXXX_X,
  XXXXXXXX, XXXXXXXX, XXXXX_X_, XXXXXXXX,
  XXXXXXXX, XXXXXXX_, _X_X_X_X, XXXXXX_X,
  XXXXXXXX, XX_X_X__, ______X_, XXXXXXXX,
  XXXXXXXX, X_X_X___, _____X_X, _XXXXXXX,
  XXXXXXXX, XX______, __X_X_X_, XXXXXXXX,
  XXXXXXXX, X_X__X__, _X_X_XXX, _XXXXXXX,
  XXXXXXXX, XX______, _______X, XXXXXXXX,
  XXXXXXXX, _XX__X__, _X_XXX_X, _XXXXXXX,
  XXXXXXXX, XXXX_X_X, XXXXXXX_, XXXXXXXX,
  XXXXXXXX, XXXX__X_, XXX____X, _XXXXXXX,
  XXXXXXX_, ___XX___, _XXXXX__, __XXXXXX,
  XXXXXX__, XXXXXX__, _X_XXXX_, _XXXXXXX,
  XXXXXXXX, XXXXXX__, _XX_____, ___XXX_X,
  XXXXXX_X, __XXX___, __X_X___, __XXXXXX,
  XXXXXX__, ___XX___, X_______, ___XXXXX,
  XXXXX___, __XXX___, ____X___, __XXXX_X,
  XXXXXX_X, _XXXXX__, _XXXX___, ___XXX_X,
  XXXXXXX_, X_XXXXXX, X___XX__, __XXX__X,
  XXXXXXXX, XXXXXXXX, ____XXX_, X_XXX__X,
  X_XXXXXX, XXXXXXX_, _____XXX, _XXXXX_X,
  X_XXXXXX, XXXXXX_X, ____XXXX, XXXXX__X,
  XX_XXXXX, XXXXXXXX, XXX___XX, _XXXX__X,
  X__XXXXX, XXXXX___, ______XX, XXXX___X,
  X_X_XXXX, XXXXXX__, ___XX_X_, XXXX___X,
  X__XXXXX, XXXXXXXX, XXX__X_X, XXX_X__X,
  X___XXXX, XXXXXXXX, X_X_X_X_, X______X,
  X___XXXX, XXXXXX__, _____X_X, XX_____X,
  X____XXX, XXXXX___, ____X_XX, X_XXX__X,
  X____XXX, XXXXX___, _____XXX, X_XXXXXX,
  X___XX_X, XXXXXX_X, _X_XXXX_, X_XXXXXX,
  X_XX_X_X, XXXXXXXX, XXXXXXX_, X__XXXXX,
  XX___X__, XXXXXXXX, XXXXXX_X, ___XXXXX,
  X____X__, _XXXXXXX, XXXXX__X, ___XXXXX,
  X_XX_X__, _XXXXXXX, XXX___X_, ___XXXXX,
  XX__XX__, __XXX_X_, X_____X_, __XXXXXX,
  XXXXXXXX, XXXXXXXX, XXXXXXXX, XXXXXXXX,

  0x68, 0x38, 0x78, 0x68,
  0x38, 0x38, 0x38, 0x38,
  0x38, 0x38, 0x38, 0x38,
  0x68, 0x38, 0x38, 0x68,
  0x68, 0x38, 0x38, 0x78,

  XXXXXXXX, XXXXXXXX, XXXXXXXX, XXXXXXXX,
  X_X_XXXX, XXXXXXXX, XXXXXXXX, XXXXXX_X,
  X_XXXXXX, XXXXXXXX, XXXXXXXX, XXXXXXXX,
  XXXXXXXX, XXXXXXXX, XXXXXXXX, XXXXXXXX,
  XXXXXXXX, XXXX_XX_, _X_XXXXX, XXXXXXXX,
  XXXXXXXX, XX__XX__, _X_XXX_X, XXXXXXXX,
  XXXXXXXX, XXXX_X__, _X_X__XX, _XXXXXXX,
  XXXXXXXX, XXXX_X__, _X_X__XX, _XXXXXXX,
  XXXXXXXX, XXXXXX__, ___X__XX, _XX_XXXX,
  XXXXXXXX, X_XX_X__, __X___X_, _XX_XXXX,
  XXXXXXXX, XX______, __X_____, ____XXXX,
  XXXXXXXX, XX_XXX__, ________, XXXX_XXX,
  XXXXXXXX, __XXXXXX, XX____XX, XXXXXXXX,
  XXXXXXXX, _X__XXXX, XX___XXX, X___XXXX,
  XXXXXXXX, _X____XX, X____XXX, ___X_XXX,
  XXXXXXXX, ____XXXX, XX___XXX, XXX_XXXX,
  XXXXXXX_, X_XXXX_X, XX____XX, XX_XXXXX,
  XXXXXXXX, _XX_____, _X____XX, ____XXXX,
  XXX_XXX_, X__X_X__, _XX_____, X_X__XXX,
  XXX_XXX_, ________, XX______, _____X_X,
  XXX__XXX, _______X, __X___X_, _______X,
  XXX__XX_, X_____XX, _______X, _____X_X,
  XXXX__XX, _____XXX, XXX___XX, _______X,
  XXXX_XXX, X____XXX, XXXXXX_X, X____X_X,
  XXXXXXXX, _X_X_XXX, XXX_X_X_, XXX_X__X,
  X_XXXXXX, X_X_XXX_, X_X__X_X, _XXX_X_X,
  X__XXXXX, XX_XXXXX, _______X, XXX_X__X,
  X_XXXXXX, XXX_XX__, XXXXXXX_, ___XX__X,
  X_XXXXXX, XX_XXXX_, ________, __X_X__X,
  X_XXXX_X, XXXX_XXX, ______XX, _X_X___X,
  X_XXXXX_, XX_XX_X_, __XXXXX_, __XX___X,
  X__XXX_X, XXXX_X__, ________, _X_X___X,
  X___XXX_, XXXXX_X_, ________, X_XX___X,
  X_XXXX_X, _XXXXX_X, _X_X_X_X, _XX_XX_X,
  XX__X_X_, X_XXXXX_, X_XXX_X_, XXX___XX,
  X___X___, _XXXXXXX, XXXXXXXX, X_X__X_X,
  X__XX___, X_XXXXXX, XXXXXXXX, __X___XX,
  X__XX___, _X_X_XXX, XXXXXXXX, __X__X_X,
  XX_XX___, ____X_X_, XXX_X_XX, X_X_X_XX,
  XXXXXXXX, XXXXXXXX, XXXXXXXX, XXXXXXXX,

  0x38, 0x70, 0x30, 0x30,
  0x38, 0x70, 0x70, 0x30,
  0x38, 0x70, 0x70, 0x30,
  0x38, 0x70, 0x70, 0x30,
  0x30, 0x70, 0x70, 0x28,
};

/* ----------------------------------------------------------------------- */

// $81DD
static const uint8_t chatterblk_start_stage[] = {
  CHATTERCMD_RANDOM,
  CHATTERBLK_TONY_GIDDY_UP,
  CHATTERBLK_TONY_HOLD_ON,
  CHATTERBLK_TONY_LETS_GO
};

// $81E4
static const uint8_t chatterblk_tony_giddy_up[] = {
  CHATTERCHR_TONY,
  CHATTERSTR_GIDDY_UP_BOY,
  CHATTERCMD_STOP
};

// $81E8
static const uint8_t chatterblk_tony_hold_on[] = {
  CHATTERCHR_TONY,
  CHATTERSTR_HOLD_ON_MAN,
  CHATTERCMD_STOP
};

static const char *chatter_strings[CHATTERSTR__LIMIT] = {
  // $81EC
  "GIDDY UP BOY!",
  "HOLD ON MAN",
  // $97B5
  "THIS IS NANCY AT CHASE H.Q.",
  "THIS IS SPECIAL INVESTIGATION AIRBORNE.",
  "THE TARGET VEHICLE HAS TURNED",
  "RIGHT UP AHEAD... OVER.",
  "LEFT UP AHEAD... OVER.",
  "WE READ LOUD AND CLEAR! OVER.",
  "ROGER!",
  "GOTCHA NANCY BABY!",
  "WHAT ARE YOU DOING MAN!!",
  "THE BAD GUYS ARE GOING THE OTHER WAY.",
  "IF YOU KEEP MESSIN' AROUND LIKE THAT",
  "YOUR TIME IS GOING TO RUN OUT... OVER.",
  "LET'S GET MOVIN' MAN!",
  "OH, NO!",
  "PLEASE!",
  "GREAT!",
  "OUCH!",
  "LET'S GO. MR. DRIVER.",
  "YAOOOOOW!",
  "BEAR DOWN.",
  "MORE, PUSH IT MORE!",
  "ONE MORE TIME.",
  "OH MAN.",
  "WHOAAAAA!",
  "HARDER!",
  "WE THINK YOU PICKED THE WRONG JOB.",
  "BETTER CHECK THE CLASSIFIED ADS.",
  "ONE MORE TRY FOR BEING A GOOD BOY!",
  "YOU'RE A MEDIOCRE DRIVER, BROTHER!",
  "SEE YOU LATER."
};

// $82A6
static const uint8_t attract_messages[] = {
  DRAWCHAR_TYPE_DOUBLE,
  attribute_BLACK_OVER_BLACK, // zero
  0x2C, 0xF0, // back buffer addr
  0x4C, 0x59, // attr addr
  'C', 'H', 'A', 'S', 'E', ' ', 'H', 'Q' | STREND,

  DRAWCHAR_TYPE_SINGLE,
  attribute_BLACK_OVER_BLACK, // zero
  0x47, 0xF8,
  0xA7, 0x59,
  'P', 'R', 'E', 'S', 'S', ' ', 'G', 'E', 'A', 'R', ' ', 'T', 'O',  'P', 'L', 'A', 'Y' | STREND
};

// $82CC
static const uint8_t credits_messages[] = {
  10, // frame delay
  8, // vertical gap?
  DRAWCHAR_TYPE_SINGLE,
  attribute_RED_OVER_BLACK, // 2
  0x86, 0xF0,
  0x06, 0x5A,
  'P', 'R', 'O', 'G', 'R', 'A', 'M', ' ', ' ', ' ', ' ', ' ', ' ', 'J', 'O', 'B', 'B', 'E', 'E', 'E' | STREND,
  8,
  DRAWCHAR_TYPE_SINGLE,
  attribute_RED_OVER_BLACK, // 2
  0xA6, 0xF0,
  0x46, 0x5A,
  'G', 'R', 'A', 'P', 'H', 'I', 'C', 'S', ' ', ' ', ' ', ' ', ' ', ' ', ' ', ' ', 'B', 'I', 'L', 'L' | STREND,
  0x28,
  DRAWCHAR_TYPE_SINGLE,
  attribute_RED_OVER_BLACK, // 2
  0xC6, 0xF0,
  0x86, 0x5A,
  'M', 'U', 'S', 'I', 'C', ' ', ' ', ' ', ' ', ' ', ' ', ' ', 'J', 'O', 'N', ' ', 'D', 'U', 'N', 'N' | STREND,
  3,
  0
};

// $8320
static const uint8_t copyright_messages[] = {
  10,
  8,
  DRAWCHAR_TYPE_SINGLE,
  attribute_RED_OVER_BLACK, // 2
  0x84, 0xF0,
  0x04, 0x5A,
  '(', 'C', ')', ' ', '1', '9', '8', '9', ' ', 'O', 'C', 'E', 'A', 'N', ' ', 'S', 'O', 'F', 'T', 'W', 'A', 'R', 'E' | STREND,
  8,
  DRAWCHAR_TYPE_SINGLE,
  attribute_RED_OVER_BLACK, // 2
  0xA3, 0xF0,
  0x43, 0x5A,
  '(', 'C', ')', ' ', '1', '9', '8', '8', ' ', 'T', 'A', 'I', 'T', 'O', ' ', 'C', 'O', 'R', 'P', 'O', 'R', 'A', 'T', 'I', 'O', 'N' | STREND,
  8,
  DRAWCHAR_TYPE_SINGLE,
  attribute_RED_OVER_BLACK, // 2
  0xC6, 0xF0,
  0x86, 0x5A,
  'A', 'L', 'L', ' ', 'R', 'I', 'G', 'H', 'T', 'S', ' ', 'R', 'E', 'S', 'E', 'R', 'V', 'E', 'D' | STREND,
  3,
  0
};


// $98A9
static const uint8_t chatterblk_pilot_turn_left[] = {
  CHATTERCHR_PILOT,
  CHATTERSTR_THIS_IS_AIRBORNE,
  CHATTERSTR_TARGET_VEHICLE_TURNED,
  CHATTERSTR_LEFT_AHEAD_OVER,
  CHATTERCMD_PAUSE,
  CHATTERBLK_TONY_LOUD_CLEAR
};

// $98B3
static const uint8_t chatterblk_pilot_turn_right[] = {
  CHATTERCHR_PILOT,
  CHATTERSTR_THIS_IS_AIRBORNE,
  CHATTERSTR_TARGET_VEHICLE_TURNED,
  CHATTERSTR_RIGHT_AHEAD_OVER,
  CHATTERCMD_PAUSE,
  CHATTERBLK_TONY_LOUD_CLEAR
};

// $98BD
static const uint8_t chatterblk_heroes_acknowledge[] = {
  CHATTERCMD_RANDOM,
  CHATTERBLK_TONY_LOUD_CLEAR,
  CHATTERBLK_RAYMOND_ROGER,
  CHATTERBLK_TONY_GOTCHA,
};

// $98C4
static const uint8_t chatterblk_tony_loud_clear[] = {
  CHATTERCHR_TONY,
  CHATTERSTR_READ_LOUD_CLEAR,
  CHATTERCMD_STOP
};

// $98C8
static const uint8_t chatterblk_raymond_roger[] = {
  CHATTERCHR_RAYMOND,
  CHATTERSTR_ROGER,
  CHATTERCMD_STOP
};

// $98CC
static const uint8_t chatterblk_tony_gotcha[] = {
  CHATTERCHR_TONY,
  CHATTERSTR_GOTCHA_NANCY,
  CHATTERCMD_STOP
};

// $98D0
static const uint8_t chatterblk_raymond_wrong_way[] = {
  CHATTERCHR_RAYMOND,
  CHATTERSTR_WHAT_YOU_DOING,
  CHATTERSTR_GOING_OTHER_WAY,
  CHATTERCMD_STOP
};

// $98D6
static const uint8_t chatterblk_raymond_smash[] = {
  CHATTERCMD_RANDOM,
  CHATTERBLK_RAYMOND_BEAR_DOWN,
  CHATTERBLK_RAYMOND_RANDOM_PLEAS,
  CHATTERBLK_RAYMOND_PUSH_IT
};

// $98DD
static const uint8_t chatterblk_raymond_bear_down[] = {
  CHATTERCHR_RAYMOND,
  CHATTERSTR_BEAR_DOWN,
  CHATTERCMD_STOP
};

// $98E1
static const uint8_t chatterblk_raymond_push_it[] = {
  CHATTERCHR_RAYMOND,
  CHATTERSTR_MORE_PUSH_MORE,
  CHATTERCMD_STOP
};

// $98E5
static const uint8_t chatterblk_raymond_harder[] = {
  CHATTERCHR_RAYMOND,
  CHATTERSTR_HARDER,
  CHATTERCMD_STOP
};

// $98E9
static const uint8_t chatterblk_raymond_oh_man[] = {
  CHATTERCHR_RAYMOND,
  CHATTERSTR_OH_MAN,
  CHATTERCMD_STOP
};

// $98ED
static const uint8_t chatterblk_raymond_random_pleas[] = {
  CHATTERCMD_RANDOM,
  CHATTERBLK_RAYMOND_OH_MAN,
  CHATTERBLK_RAYMOND_HARDER,
  CHATTERBLK_RAYMOND_PLEASE
};

// $98F4
static const uint8_t chatterblk_raymond_please[] = {
  CHATTERCHR_RAYMOND,
  CHATTERSTR_PLEASE,
  CHATTERCMD_STOP
};

// $98F8
static const uint8_t chatterblk_raymond_get_moving[] = {
  CHATTERCHR_RAYMOND,
  CHATTERSTR_GET_MOVIN_MAN,
  CHATTERCMD_STOP
};

// $98FC
static const uint8_t chatterblk_nancy_time_running_out[] = {
  CHATTERCHR_NANCY,
  CHATTERSTR_THIS_IS_NANCY,
  CHATTERSTR_MESSIN_AROUND,
  CHATTERSTR_TIME_RUN_OUT,
  CHATTERCMD_STOP
};

// $9904
static const uint8_t chatterblk_raymond_random_yelps[] = {
  CHATTERCMD_RANDOM,
  CHATTERBLK_RAYMOND_OHNO,
  CHATTERBLK_RAYMOND_OUCH,
  CHATTERBLK_RAYMOND_YAOW
};

// $990B
static const uint8_t chatterblk_raymond_ohno[] = {
  CHATTERCHR_RAYMOND,
  CHATTERSTR_OH_NO,
  CHATTERCMD_STOP
};

// $990F
static const uint8_t chatterblk_raymond_ouch[] = {
  CHATTERCHR_RAYMOND,
  CHATTERSTR_OUCH,
  CHATTERCMD_STOP
};

// $9913
static const uint8_t chatterblk_raymond_yaow[] = {
  CHATTERCHR_RAYMOND,
  CHATTERSTR_YAOW,
  CHATTERCMD_STOP
};

// $9917
static const uint8_t chatterblk_turbo[] = {
  CHATTERCMD_RANDOM,
  CHATTERBLK_TONY_WHOA,
  CHATTERBLK_TONY_GREAT,
  CHATTERBLK_RAYMOND_ONE_MORE_TIME
};

// $991E
static const uint8_t chatterblk_tony_whoa[] = {
  CHATTERCHR_TONY,
  CHATTERSTR_WHOA,
  CHATTERCMD_STOP
};

// $9922
static const uint8_t chatterblk_tony_great[] = {
  CHATTERCHR_TONY,
  CHATTERSTR_GREAT,
  CHATTERCMD_STOP
};

// $9926
static const uint8_t chatterblk_raymond_one_more_time[] = {
  CHATTERCHR_RAYMOND,
  CHATTERSTR_ONE_MORE_TIME,
  CHATTERCMD_STOP
};

// $992A
static const uint8_t chatterblk_nancy_berates_hero[] = {
  CHATTERCMD_RANDOM,
  CHATTERBLK_NANCY_WRONG_JOB,
  CHATTERBLK_NANCY_ONE_MORE_TRY,
  CHATTERBLK_NANCY_MEDIOCRE_DRIVER
};

// $9931
static const uint8_t chatterblk_nancy_wrong_job[] = {
  CHATTERCHR_NANCY,
  CHATTERSTR_PICKED_WRONG_JOB,
  CHATTERCMD_STOP
};

// $9937
static const uint8_t chatterblk_nancy_one_more_try[] = {
  CHATTERCHR_NANCY,
  CHATTERSTR_ONE_MORE_TRY,
  CHATTERCMD_STOP
};

// $993B
static const uint8_t chatterblk_nancy_mediocre_driver[] = {
  CHATTERCHR_NANCY,
  CHATTERSTR_MEDIOCRE_DRIVER,
  CHATTERSTR_SEE_YOU_LATER,
  CHATTERCMD_STOP
};

// $9941
static const uint8_t chatterblk_tony_lets_go[] = {
  CHATTERCHR_TONY,
  CHATTERSTR_LETS_GO,
  CHATTERCMD_STOP
};

// Additional: List of all chatter blocks
// Note: Strictly this only needs to be the blocks that are referred to from
// other blocks.
static const uint8_t *chatter_blocks[CHATTERBLK__LIMIT] = {
  &chatterblk_start_stage[0],
  &chatterblk_tony_giddy_up[0],
  &chatterblk_tony_hold_on[0],
  &chatterblk_pilot_turn_left[0],
  &chatterblk_pilot_turn_right[0],
  &chatterblk_heroes_acknowledge[0],
  &chatterblk_tony_loud_clear[0],
  &chatterblk_raymond_roger[0],
  &chatterblk_tony_gotcha[0],
  &chatterblk_raymond_wrong_way[0],
  &chatterblk_raymond_smash[0],
  &chatterblk_raymond_bear_down[0],
  &chatterblk_raymond_push_it[0],
  &chatterblk_raymond_harder[0],
  &chatterblk_raymond_oh_man[0],
  &chatterblk_raymond_random_pleas[0],
  &chatterblk_raymond_please[0],
  &chatterblk_raymond_get_moving[0],
  &chatterblk_nancy_time_running_out[0],
  &chatterblk_raymond_random_yelps[0],
  &chatterblk_raymond_ohno[0],
  &chatterblk_raymond_ouch[0],
  &chatterblk_raymond_yaow[0],
  &chatterblk_turbo[0],
  &chatterblk_tony_whoa[0],
  &chatterblk_tony_great[0],
  &chatterblk_raymond_one_more_time[0],
  &chatterblk_nancy_berates_hero[0],
  &chatterblk_nancy_wrong_job[0],
  &chatterblk_nancy_one_more_try[0],
  &chatterblk_nancy_mediocre_driver[0],
  &chatterblk_tony_lets_go[0]
};

/* ----------------------------------------------------------------------- */

// $A13E
static const stagevars_t saved_game_state = {
  1, // var_a16d
  100, // idle_timer
  USERINPUT_ALLOW_ALL,
  3, // turbos
  0x54, // horizon_level
  20, // perp_halt_counter
  0xFF, // displayed_gear
  { 0xFF, 0xFF, 0xFF, 0xFF, 0xFF, 0xFF, 0xFF, 0xFF }, // score digits
  15, // sixteenths
  0x60, // time_bcd
  { 0xFF, 0xFF }, // time_digits
  { 0xFF, 0xFF, 0xFF, 0xFF }, // distance_digits
  1, // no_objects_counter
  0x59BF, // horizon_attribute
};

static const hazard_t saved_game_state_hazard_0 = {
  0,
  100, // distance
  0,
  0,
  0,
  0x47,
  0,
  0,
  0x2C,
  0x0000,
  0xA637,
  0x003C,
  0xFF,
  0,
  3,
  2,
  0
};

/* ----------------------------------------------------------------------- */

// $A27A
static const uint8_t font[] = {
  __XX____,
  _XXXX___,
  _XXXX___,
  __XX____,
  ________,
  __XX____,
  __XX____,

  _____XX_,
  ____XX__,
  ___XX___,
  ___XX___,
  ___XX___,
  ____XX__,
  _____XX_,

  XX______,
  _XX_____,
  __XX____,
  __XX____,
  __XX____,
  _XX_____,
  XX______,

  ________,
  ________,
  ________,
  ________,
  ________,
  __XX____,
  _XX_____,

  ________,
  ________,
  ________,
  ________,
  ________,
  __XX____,
  __XX____,

  __XXXX__,
  _XX__XX_,
  _XX__XX_,
  _XX__XX_,
  _XX__XX_,
  _XX__XX_,
  __XXXX__,

  ___XX___,
  __XXX___,
  ___XX___,
  ___XX___,
  ___XX___,
  ___XX___,
  __XXXX__,

  __XXXX__,
  _XX__XX_,
  _____XX_,
  ____XX__,
  ___XX___,
  __XX____,
  _XXXXXX_,

  __XXXX__,
  _XX__XX_,
  _____XX_,
  ___XXX__,
  _____XX_,
  _XX__XX_,
  __XXXX__,

  ____XXX_,
  ___XXXX_,
  __XX_XX_,
  _XX__XX_,
  _XXXXXXX,
  _____XX_,
  _____XX_,

  _XXXXXX_,
  _XX_____,
  _XXXXX__,
  _____XX_,
  _____XX_,
  _XX__XX_,
  __XXXX__,

  ____XX__,
  ___XX___,
  __XX____,
  _XXXXX__,
  _XX__XX_,
  _XX__XX_,
  __XXXX__,

  _XXXXXX_,
  _____XX_,
  ____XX__,
  ___XX___,
  __XX____,
  __XX____,
  __XX____,

  __XXXX__,
  _XX__XX_,
  _XX__XX_,
  __XXXX__,
  _XX__XX_,
  _XX__XX_,
  __XXXX__,

  __XXXX__,
  _XX__XX_,
  _XX__XX_,
  __XXXXX_,
  ____XX__,
  ___XX___,
  __XX____,

  __XXXX__,
  _XX__XX_,
  _XX__XX_,
  _XXXXXX_,
  _XX__XX_,
  _XX__XX_,
  _XX__XX_,

  _XXXXX__,
  _XX__XX_,
  _XX__XX_,
  _XXXXX__,
  _XX__XX_,
  _XX__XX_,
  _XXXXX__,

  __XXXX__,
  _XX__XX_,
  _XX_____,
  _XX_____,
  _XX_____,
  _XX__XX_,
  __XXXX__,

  _XXXXX__,
  _XX__XX_,
  _XX__XX_,
  _XX__XX_,
  _XX__XX_,
  _XX__XX_,
  _XXXXX__,

  _XXXXXX_,
  _XX_____,
  _XX_____,
  _XXXX___,
  _XX_____,
  _XX_____,
  _XXXXXX_,

  _XXXXXX_,
  _XX_____,
  _XX_____,
  _XXXX___,
  _XX_____,
  _XX_____,
  _XX_____,

  __XXXX__,
  _XX__XX_,
  _XX_____,
  _XX_XXX_,
  _XX__XX_,
  _XX__XX_,
  __XXXXX_,

  _XX__XX_,
  _XX__XX_,
  _XX__XX_,
  _XXXXXX_,
  _XX__XX_,
  _XX__XX_,
  _XX__XX_,

  __XXXX__,
  ___XX___,
  ___XX___,
  ___XX___,
  ___XX___,
  ___XX___,
  __XXXX__,

  __XXXXX_,
  _____XX_,
  _____XX_,
  _____XX_,
  _XX__XX_,
  _XX__XX_,
  __XXXX__,

  _XX__XX_,
  _XX_XX__,
  _XXXX___,
  _XXX____,
  _XXXX___,
  _XX_XX__,
  _XX__XX_,

  _XX_____,
  _XX_____,
  _XX_____,
  _XX_____,
  _XX_____,
  _XX_____,
  _XXXXXX_,

  XX___XX_,
  XXX_XXX_,
  XXXXXXX_,
  XX_X_XX_,
  XX___XX_,
  XX___XX_,
  XX___XX_,

  _XX__XX_,
  _XXX_XX_,
  _XXXXXX_,
  _XX_XXX_,
  _XX__XX_,
  _XX__XX_,
  _XX__XX_,

  __XXXX__,
  _XX__XX_,
  _XX__XX_,
  _XX__XX_,
  _XX__XX_,
  _XX__XX_,
  __XXXX__,

  _XXXXX__,
  _XX__XX_,
  _XX__XX_,
  _XXXXX__,
  _XX_____,
  _XX_____,
  _XX_____,

  __XXXX__,
  _XX__XX_,
  _XX__XX_,
  _XX__XX_,
  _XX_XXX_,
  _XX_XX__,
  __XX_XX_,

  _XXXXX__,
  _XX__XX_,
  _XX__XX_,
  _XXXXX__,
  _XX_XX__,
  _XX__XX_,
  _XX__XX_,

  __XXXX__,
  _XX__XX_,
  _XX_____,
  __XXXX__,
  _____XX_,
  _XX__XX_,
  __XXXX__,

  _XXXXXX_,
  ___XX___,
  ___XX___,
  ___XX___,
  ___XX___,
  ___XX___,
  ___XX___,

  _XX__XX_,
  _XX__XX_,
  _XX__XX_,
  _XX__XX_,
  _XX__XX_,
  _XX__XX_,
  __XXXX__,

  _XX__XX_,
  _XX__XX_,
  _XX__XX_,
  _XX__XX_,
  _XX__XX_,
  __XXXX__,
  ___XX___,

  XX___XX_,
  XX___XX_,
  XX___XX_,
  XX_X_XX_,
  XXXXXXX_,
  XXX_XXX_,
  XX___XX_,

  _XX__XX_,
  _XX__XX_,
  __XXXX__,
  ___XX___,
  __XXXX__,
  _XX__XX_,
  _XX__XX_,

  _XX__XX_,
  _XX__XX_,
  _XX__XX_,
  __XXXX__,
  ___XX___,
  ___XX___,
  ___XX___,

  _XXXXXX_,
  _____XX_,
  ____XX__,
  ___XX___,
  __XX____,
  _XX_____,
  _XXXXXX_
};

// $DF62
static const uint8_t ledfont[] = {
  _XXXXX__,
  X_XXX_X_,
  XX___XX_,
  XX___XX_,
  XX___XX_,
  XX___XX_,
  X_____X_,
  X_____X_,
  XX___XX_,
  XX___XX_,
  XX___XX_,
  XX___XX_,
  XX___XX_,
  X_XXX_X_,
  _XXXXX__,

  ________,
  ______X_,
  _____XX_,
  _____XX_,
  _____XX_,
  _____XX_,
  ______X_,
  ______X_,
  _____XX_,
  _____XX_,
  _____XX_,
  _____XX_,
  _____XX_,
  ______X_,
  ________,

  _XXXXX__,
  __XXX_X_,
  _____XX_,
  _____XX_,
  _____XX_,
  _____XX_,
  __XXX_X_,
  X_XXX___,
  XX______,
  XX______,
  XX______,
  XX______,
  XX______,
  X_XXX___,
  _XXXXX__,

  _XXXXX__,
  __XXX_X_,
  _____XX_,
  _____XX_,
  _____XX_,
  _____XX_,
  __XXX_X_,
  __XXX_X_,
  _____XX_,
  _____XX_,
  _____XX_,
  _____XX_,
  _____XX_,
  __XXX_X_,
  _XXXXX__,

  ________,
  X_____X_,
  XX___XX_,
  XX___XX_,
  XX___XX_,
  XX___XX_,
  X_XXX_X_,
  __XXX_X_,
  _____XX_,
  _____XX_,
  _____XX_,
  _____XX_,
  _____XX_,
  ______X_,
  ________,

  _XXXXX__,
  X_XXX___,
  XX______,
  XX______,
  XX______,
  XX______,
  X_XXX___,
  __XXX_X_,
  _____XX_,
  _____XX_,
  _____XX_,
  _____XX_,
  _____XX_,
  __XXX_X_,
  _XXXXX__,

  _XXXXX__,
  X_XXX___,
  XX______,
  XX______,
  XX______,
  XX______,
  X_XXX___,
  X_XXX_X_,
  XX___XX_,
  XX___XX_,
  XX___XX_,
  XX___XX_,
  XX___XX_,
  X_XXX_X_,
  _XXXXX__,

  _XXXXX__,
  __XXX_X_,
  _____XX_,
  _____XX_,
  _____XX_,
  _____XX_,
  ______X_,
  ______X_,
  _____XX_,
  _____XX_,
  _____XX_,
  _____XX_,
  _____XX_,
  ______X_,
  ________,

  _XXXXX__,
  X_XXX_X_,
  XX___XX_,
  XX___XX_,
  XX___XX_,
  XX___XX_,
  X_XXX_X_,
  X_XXX_X_,
  XX___XX_,
  XX___XX_,
  XX___XX_,
  XX___XX_,
  XX___XX_,
  X_XXX_X_,
  _XXXXX__,

  _XXXXX__,
  X_XXX_X_,
  XX___XX_,
  XX___XX_,
  XX___XX_,
  XX___XX_,
  X_XXX_X_,
  __XXX_X_,
  _____XX_,
  _____XX_,
  _____XX_,
  _____XX_,
  _____XX_,
  __XXX_X_,
  _XXXXX__,
};

// $DFF8
static const uint8_t minifont[] = {
  _XX_____,
  X__X____,
  X__X____,
  XXXX____,
  X__X____,
  X__X____,

  XXX_____,
  X__X____,
  XXX_____,
  X__X____,
  X__X____,
  XXX_____,

  _XX_____,
  X__X____,
  X_______,
  X_______,
  X__X____,
  _XX_____,

  XXX_____,
  X__X____,
  X__X____,
  X__X____,
  X__X____,
  XXX_____,

  XXXX____,
  X_______,
  XXX_____,
  X_______,
  X_______,
  XXXX____,

  XXXX____,
  X_______,
  XXX_____,
  X_______,
  X_______,
  X_______,

  _XX_____,
  X__X____,
  X_______,
  X_XX____,
  X__X____,
  _XXX____,

  X__X____,
  X__X____,
  XXXX____,
  X__X____,
  X__X____,
  X__X____,

  _XXX____,
  __X_____,
  __X_____,
  __X_____,
  __X_____,
  _XXX____,

  ___X____,
  ___X____,
  ___X____,
  ___X____,
  X__X____,
  _XX_____,

  X__X____,
  X__X____,
  X_X_____,
  XXX_____,
  X__X____,
  X__X____,

  X_______,
  X_______,
  X_______,
  X_______,
  X_______,
  XXXX____,

  X__X____,
  XXXX____,
  X__X____,
  X__X____,
  X__X____,
  X__X____,

  X__X____,
  XX_X____,
  XX_X____,
  X_XX____,
  X_XX____,
  X__X____,

  _XX_____,
  X__X____,
  X__X____,
  X__X____,
  X__X____,
  _XX_____,

  XXX_____,
  X__X____,
  X__X____,
  XXX_____,
  X_______,
  X_______,

  _XX_____,
  X__X____,
  X__X____,
  XX_X____,
  X_XX____,
  _XX_____,

  XXX_____,
  X__X____,
  X__X____,
  XXX_____,
  X__X____,
  X__X____,

  _XX_____,
  X_______,
  _XX_____,
  ___X____,
  X__X____,
  _XX_____,

  _XXX____,
  __X_____,
  __X_____,
  __X_____,
  __X_____,
  __X_____,

  X__X____,
  X__X____,
  X__X____,
  X__X____,
  X__X____,
  _XX_____,

  X__X____,
  X__X____,
  X__X____,
  X__X____,
  _XX_____,
  _XX_____,

  X__X____,
  X__X____,
  X__X____,
  XXXX____,
  XXXX____,
  X__X____,

  X__X____,
  X__X____,
  _XX_____,
  _XX_____,
  X__X____,
  X__X____,

  _X_X____,
  _X_X____,
  _X_X____,
  __X_____,
  __X_____,
  __X_____,

  XXXX____,
  ___X____,
  __X_____,
  _X______,
  X_______,
  XXXX____,

  ________,
  ________,
  ________,
  ________,
  _XX_____,
  _XX_____,

  ________,
  ________,
  ________,
  __X_____,
  __X_____,
  _X______,

  __X_____,
  __X_____,
  __X_____,
  __X_____,
  ________,
  __X_____,

  ________,
  ________,
  ________,
  ________,
  ________,
  ________,

  __X_____,
  __X_____,
  _X______,
  ________,
  ________,
  ________
};

/* ----------------------------------------------------------------------- */

// $E540
static const uint16_t inward_bend_table[96] = {
  0x0000,
  0x0006,
  0x000C,
  0x0012,
  0x0017,
  0x001C,
  0x0021,
  0x0026,
  0x002A,
  0x002F,
  0x0033,
  0x0037,
  0x003C,
  0x0040,
  0x0043,
  0x0047,
  0x004B,
  0x004F,
  0x0052,
  0x0056,
  0x0059,
  0x005D,
  0x0060,
  0x0063,
  0x0067,
  0x006A,
  0x006D,
  0x0070,
  0x0073,
  0x0077,
  0x007A,
  0x007D,
  0x0080,
  0x0083,
  0x0086,
  0x0089,
  0x008D,
  0x0090,
  0x0093,
  0x0096,
  0x0099,
  0x009D,
  0x00A0,
  0x00A3,
  0x00A7,
  0x00AA,
  0x00AE,
  0x00B1,
  0x00B5,
  0x00B9,
  0x00BD,
  0x00C0,
  0x00C4,
  0x00C9,
  0x00CD,
  0x00D1,
  0x00D6,
  0x00DA,
  0x00DF,
  0x00E4,
  0x00E9,
  0x00EE,
  0x00F4,
  0x00FA,
  0x0100,
  0x0106,
  0x010D,
  0x0114,
  0x011C,
  0x0124,
  0x012D,
  0x0136,
  0x0140,
  0x014A,
  0x0156,
  0x0162,
  0x016F,
  0x017E,
  0x018F,
  0x01A1,
  0x01B5,
  0x01CC,
  0x01E6,
  0x0203,
  0x0226,
  0x024F,
  0x027F,
  0x02BA,
  0x0303,
  0x0362,
  0x03DF,
  0x048E,
  0x0594,
  0x0747,
  0x0AAD,
  0x14DE
};

// $E6B0 - a right hand table?
static const uint8_t horizontal_e6b0[8][22] = {
  { 0xEB, 0xC1, 0xAA, 0x8F, 0x8E, 0x6E, 0x5D, 0x66, 0x71, 0x55, 0x2E, 0x61, 0x35, 0x38, 0x3C, 0x40, 0x44, 0x49, 0x4E, 0x55, 0x5D, 0x66 },
  { 0xD5, 0xCA, 0xA7, 0x8C, 0x8B, 0x6B, 0x78, 0x66, 0x4B, 0x51, 0x59, 0x61, 0x35, 0x38, 0x3C, 0x40, 0x44, 0x49, 0x4E, 0x55, 0x5D, 0x66 },
  { 0xB5, 0xCF, 0xB3, 0x89, 0x88, 0x83, 0x78, 0x66, 0x4B, 0x51, 0x59, 0x30, 0x66, 0x38, 0x3C, 0x40, 0x44, 0x49, 0x4E, 0x55, 0x5D, 0x66 },
  { 0xA0, 0xCA, 0xBD, 0x9A, 0x88, 0x69, 0x75, 0x63, 0x6D, 0x51, 0x59, 0x30, 0x66, 0x38, 0x3C, 0x40, 0x44, 0x49, 0x4E, 0x55, 0x5D, 0x66 },
  { 0x80, 0xDB, 0xAA, 0xA7, 0x85, 0x80, 0x75, 0x63, 0x49, 0x76, 0x2C, 0x5D, 0x33, 0x6B, 0x3C, 0x40, 0x44, 0x49, 0x4E, 0x55, 0x5D, 0x66 },
  { 0x60, 0xDF, 0xB5, 0xA4, 0x82, 0x7C, 0x71, 0x60, 0x69, 0x4E, 0x55, 0x5D, 0x33, 0x6B, 0x3C, 0x40, 0x44, 0x49, 0x4E, 0x55, 0x5D, 0x66 },
  { 0x4B, 0xDB, 0xBE, 0xA1, 0x95, 0x7C, 0x71, 0x60, 0x69, 0x4E, 0x55, 0x5D, 0x33, 0x35, 0x71, 0x40, 0x44, 0x49, 0x4E, 0x55, 0x5D, 0x66 },
  { 0x20, 0xE7, 0xB9, 0xAD, 0x92, 0x79, 0x6E, 0x7C, 0x69, 0x4E, 0x55, 0x5D, 0x33, 0x35, 0x38, 0x3C, 0x40, 0x44, 0x49, 0x4E, 0x55, 0x5D },
};

// $E760 - a left hand table?
static const uint8_t horizontal_e760[8][22] = {
  { 0x42, 0x2A, 0x1E, 0x15, 0x12, 0x0C, 0x09, 0x09, 0x09, 0x06, 0x03, 0x06, 0x03, 0x03, 0x03, 0x03, 0x03, 0x03, 0x03, 0x03, 0x03, 0x00 },
  { 0x3D, 0x2D, 0x1F, 0x15, 0x12, 0x0C, 0x0C, 0x09, 0x06, 0x06, 0x06, 0x06, 0x03, 0x03, 0x03, 0x03, 0x03, 0x03, 0x03, 0x03, 0x03, 0x00 },
  { 0x34, 0x30, 0x21, 0x15, 0x12, 0x0F, 0x0C, 0x09, 0x06, 0x06, 0x06, 0x03, 0x06, 0x03, 0x03, 0x03, 0x03, 0x03, 0x03, 0x03, 0x03, 0x00 },
  { 0x2E, 0x30, 0x24, 0x18, 0x12, 0x0C, 0x0C, 0x09, 0x09, 0x06, 0x06, 0x03, 0x06, 0x03, 0x03, 0x03, 0x03, 0x03, 0x03, 0x03, 0x03, 0x00 },
  { 0x25, 0x36, 0x21, 0x1C, 0x12, 0x0F, 0x0C, 0x09, 0x06, 0x09, 0x03, 0x06, 0x03, 0x06, 0x03, 0x03, 0x03, 0x03, 0x03, 0x03, 0x03, 0x00 },
  { 0x1C, 0x3A, 0x24, 0x1B, 0x12, 0x0F, 0x0C, 0x09, 0x09, 0x06, 0x06, 0x06, 0x03, 0x06, 0x03, 0x03, 0x03, 0x03, 0x03, 0x03, 0x03, 0x00 },
  { 0x15, 0x39, 0x27, 0x1B, 0x15, 0x0F, 0x0C, 0x09, 0x09, 0x06, 0x06, 0x06, 0x03, 0x03, 0x06, 0x03, 0x03, 0x03, 0x03, 0x03, 0x03, 0x00 },
  { 0x0A, 0x3F, 0x27, 0x1E, 0x15, 0x0F, 0x0C, 0x0C, 0x09, 0x06, 0x06, 0x06, 0x03, 0x03, 0x03, 0x03, 0x03, 0x03, 0x03, 0x03, 0x03, 0x00 },
};

/* ----------------------------------------------------------------------- */

// CODE GOES HERE
//

// $8014 (copied to that position in the original)
// $F220 page_in_stage_128k
static void load_stage(chqstate_t *state)
{
  static const uint8_t *stage_data_locations[] = {
    &stage1[0],
    &stage1[0],
    &stage1[0],
    &stage1[0],
    &stage1[0],
    &stage1[0]
  };

  uint8_t A;

  // Return if the stage is already loaded
  A = state->wanted_stage_number;
  if (A == state->current_stage_number)
    return;
  state->current_stage_number = A;

  // Copy the stage data from source to stagedata[]
  memcpy((uint8_t *) stgmap(state, STAGEDATA_BASE), stage_data_locations[A],
         STAGEDATA_SIZE);
}

// $8258
static void attract_mode(chqstate_t *state)
{
  int            carry = 0;
  uint8_t        SM_828c; // blinker - move to state?
  uint8_t        A;
  const uint8_t *HL;
  uint8_t        B;

  set_up_stage(state, stgmap(state, 0x5D2B)); // attract_data
  SM_828c = 0;
  state->speed = 400;
  for (;;) {
    A = keyscan(state);
    if (A == USERINPUT_FIRE)
      return;

    // TODO cpu_driver();

    HL = &attract_messages[0];
    B  = 1;
    A  = state->SM_8277;
    RRC(A);
    state->SM_8277 = A;
    if (!carry)
      B++;

    // Display 'B' messages
    do {
      A = *HL; // load flags
      HL = print_message(state, A, HL);
    } while (--B > 0);

    if (state->transition_control > 0)
      goto do_transition;

    // Alternate between credits and copyright messages.
    A = state->SM_828c;
    A ^= 1;
    state->SM_828c = A;
    HL = &credits_messages[0];
    if (A)
      HL = &copyright_messages[0];
do_setup:
    setup_overlay_messages(state, HL);
do_transition:
    transition(state);
    draw_screen(state);
  }
}

// $8401
static void main_loop(chqstate_t *state)
{
  uint8_t start_speech_index; // was A

  load_stage(state);
  if (state->wanted_stage_number != 6)
    goto ml_not_credits;

ml_run_end_screen:
  // call $5c00
  state->wanted_stage_number = 1;
  // push hl
  // load_stage();
  // pop hl
  state->wanted_stage_number = 6; // not sure why
  return;

ml_not_credits:
  // call run_pregame_screen
  set_up_stage(state, stgmap(state, 0x5D1D));

  // Cycle start_speech_cycle 3,2,1 then repeat
  start_speech_index = state->start_speech_cycle - 1;
  if (start_speech_index == 0)
    start_speech_index = 3;
  state->start_speech_cycle = start_speech_index;

  // Choose the startup speech sample
  state->start_speech = (start_speech_index * 4) | 2;
  state->hazards[0].used = 0xFF;
  if (state->mode_128k == 0)
    start_chatter(state, 0xFF, chatterblk_start_stage);

  do {
    // drive_sfx(state);
    keyscan(state);
    tick(state);
    // check_user_input(state);
    read_map(state);
    // handle_perp_caught(state);
    // move_hero_car(state);
    // spawn_cars(state);
    cycle_counters(state);
    // play_engine_or_siren_sfx_hook(state);
    // build_height_table(state);
    // scroll_horizon(state);
    // play_engine_or_siren_sfx_hook(state);
    layout_road(state);
    // play_engine_or_siren_sfx_hook(state);
    draw_road(state);
    // play_engine_or_siren_sfx_hook(state);
    // layout_objects(state);
    prepare_tunnel(state);
    // spawn_hazards(state);
    // drive_helicopter(state);
    // choose_dirt_and_stones(state);
    // play_engine_or_siren_sfx_hook(state);
    // draw_hazards(state);
    // layout_dirt_and_stones(state);
    // play_engine_or_siren_sfx_hook(state);
    // move_helicopter(state);
    // check_scenery_collisions(state);
    // play_engine_or_siren_sfx_hook(state);
    // draw_everything_else(state);
    // play_engine_or_siren_sfx_hook(state);
    // animate_hero_car(state);
    speed_score(state);
    // update_scoreboard(state);
    // calc_overtake_bonus(state);
    // play_engine_or_siren_sfx_hook(state);
    drive_chatter(state);
    // smash_bar_etc(state);
    transition(state);
    // play_engine_or_siren_sfx_hook(state);
    draw_screen(state);
    // exit_fork(state);
  } while (state->test_mode == 0);

  // TODO test mode etc.
}

// $87DC
static void set_up_stage(chqstate_t *state, const uint8_t *stage_data)
{
  uint8_t  B;
  uint8_t *HL;

  memset(&state->road_buffer[0], 0, 256);
  state->st         = saved_game_state;
  state->hazards[0] = saved_game_state_hazard_0;
  memset(&state->hazards[1], 0, sizeof(hazard_t) * 5);

  // stage_data is genuine pointer here since sometimes it's pointed at stage
  // data or attract data and at other times it's the escape scene data.

  state->road_pos           = wordat(stage_data);
  state->road_curvature_ptr = ptrtostgptr(state, stage_data +  2);
  state->road_height_ptr    = ptrtostgptr(state, stage_data +  4);
  state->road_lanes_ptr     = ptrtostgptr(state, stage_data +  6);
  state->road_rightside_ptr = ptrtostgptr(state, stage_data +  8);
  state->road_leftside_ptr  = ptrtostgptr(state, stage_data + 10);
  state->road_hazard_ptr    = ptrtostgptr(state, stage_data + 12);

  pre_shift_backdrop(state);

#if 0
  // set backdrop position in ?road drawing table?
  state->SM_E34B = 8;
  state->SM_E34C = 0; // check this zero
  state->SM_E34D = 0;

  // NOP some things TBD
  state->SM_8F82 = 0;
  //$8F83 = 0; // first one covers it all
  //$8F84 = 0;

  // NOP heli and tunnel drawing calls
  state->SM_8FA4 = 0; // draw heli call
  state->SM_8FA7 = 0; // draw tunnel call

  state->SM_C058 = 0; // ?
  state->SM_B063 = 0;
#endif
  state->hazards[0].lod_addr = stgwordtostgptr(state, 0x5D10);

  // Conv: Duplicate work removed.

  // Run the map reader 32 times [enough to draw the screen?]
  B = 32; // iterations
  do {
    HL = &state->fast_counter;
#if 0
    rm_cycle_buffer_offset(state, HL);
#endif
  } while (--B > 0);

  // Disallow spawning.
  state->allow_spawning = 0;

#if 0
  A = 0xF8; // reverse transition
  setup_transition(state, ...);
#endif

  clear_playfield_set_attrs(state);
  // Clear the lights' BRIGHT bit.
  sus_clear_lights(SCREEN(0x5820));
  sus_clear_lights(SCREEN(0x583B));

#if 0
  silence_audio_hook();
  update_scoreboard(); // exit via
#endif
}

// $8860 (pulled out of above)
static void sus_clear_lights(uint8_t *attrptr)
{
  int rows; // was C
  int cols; // was B

  rows = 4;
  do {
    cols = 5;
    do
      *attrptr++ &= ~ATTRIBUTE_BRIGHT;
    while (--cols > 0);
    attrptr += 0x1B;
  } while (--rows > 0);
}

// $88D5
static void clear_playfield_attrs(chqstate_t *state)
{
  memset(SCREEN(0x5900), 0x00, 16 * 32);
}

// $88E2
static void clear_playfield(chqstate_t *state)
{
  clear_playfield_attrs(state);
  memset(SCREEN(0x4800), 0x00, 16 * 32 * 8);
}

// $8C3A
static void fully_smashed(chqstate_t *state)
{
  state->perp_caught_phase  = 1; // add symbols
  state->hand_flag          = 2; // for this too
  state->smash_counter      = 20;
  state->st.user_input_mask = USERINPUT_PAUSE | USERINPUT_QUIT;
  setup_overlay_messages(state, &pull_over_message);
  // hpc_set_perp_speed(state, 0x0190);
}

// $8D8F
static void transition(chqstate_t *state)
{
}

// $8E29
static void fill_attributes(chqstate_t *state)
{
  uint8_t *src;     // was HL
  uint8_t *dst;     // was DE
  int      rows;    // was A
  int      columns; // was BC

  src = SCREEN(0x5901); // (1,8)
  rows = 16; // rows
  do {
    if (1) {
      // As original code
      dst = src + 1;
      columns = 28;
      do { *dst++ = *src++; } while (--columns > 0); // was LDIR
      src += 32 - 28;
    } else {
      // Conv: Alternative that uses memset
      memset(src + 1, *src, 28);
      src += 32;
    }
  } while (--rows > 0);

  state->transition_control = 0;
}

// $8E42
static void draw_overlay_messages(chqstate_t *state)
{
}

// $8E6C
static const uint8_t *print_message(chqstate_t    *state,
                                    uint8_t        Aflags,
                                    const uint8_t *HLmessages)
{
}

// $8E7E
static void setup_overlay_messages(chqstate_t *state, const uint8_t *HL)
{
}

// $961B
static uint8_t rng(chqstate_t *state)
{
  int      carry = 0;
  uint8_t *seed; // was HL
  uint8_t  A;

  seed = &state->rng_seed[0];
  A = *seed - 0x8D;
  *seed++ = A;
  *seed += 3;
  A += *seed++;
  RRC(A);
  RRC(*seed);
  A += *seed;
  *seed = A;
  return A;
}

// $9945
static void start_chatter(chqstate_t       *state,
                          chatterpriority_t priority,
                          const uint8_t    *chatterblk)
{
  uint8_t chatter_state; // was A

  chatter_state = state->chatter_state;
  if (chatter_state != CHATTERSTATE_IDLE &&
      chatter_state < CHATTERSTATE_STOP)
    if (state->chatter_priority >= priority)
      return;

  state->chatter_priority = priority;
  state->chatterblk_ptr   = chatterblk;
  state->chatter_delay    = 0;
  state->chatter_state    = CHATTERSTATE_START;
}

// $9965
static void drive_chatter(chqstate_t *state)
{
  uint8_t        chatter_state; // was A
  int            carry = 0;
  char           character; // was D
  uint8_t        rotating; // was A
  uint8_t        delay; // was A
  uint8_t        x; // was A
  uint8_t        B;
  const char    *HL;
  const uint8_t *chatterblk; // was HL
  uint8_t        chattercmd; // was A

  chatter_state = state->chatter_state;

  chatter_state--;
  if (chatter_state == 0) // starting (1)
    goto starting;

  chatter_state--;
  if (chatter_state == 0) // displaying (2)
    goto do_noise_effect;

  chatter_state--;
  if (chatter_state == 0) { // stopping (3)
    if (--state->noise_counter != 0) {
      noise_effect(state, state->noise_counter); // exit via
      return;
    }

    // enter idle state, hide face by wiping attrs to black on black
    state->chatter_state = CHATTERSTATE_IDLE;
    ne_plot_attrs(state, 0 /* black on black attrs */);
  }

  // idle state (0)

  character = ' ';
  rotating = state->SM_9982; // Conv: Was self modified
  RRC(rotating);
  state->SM_9982 = rotating;
  x = 0xFF; // ie -1
  if (carry)
    plot_mini_font_cursor_on(state, x, character); // exit via
  else
    plot_mini_font_cursor_off(state, x, character); // exit via
  return;

do_noise_effect:
  if (state->noise_counter) {
    noise_effect(state, state->noise_counter); // exit via
    return;
  }
  delay = state->chatter_delay;
  if (delay == 0)
    goto clear_line;
  delay--;
  state->chatter_delay = delay;
  B = state->chatter_delay;
  if (delay == 0)
    goto read_message;
  HL = state->next_character - 1; // addr of next char
  character = *HL & ~STREND; // load char and clear any terminator
  x = state->message_x - 1;
  RR(B);
  if (carry)
    plot_mini_font_cursor_on(state, x, character); // exit via
  else
    plot_mini_font_cursor_off(state, x, character); // exit via
  return;

clear_line:
  x = state->message_x;
  if (x) {
    pc_clear_line(state, x); // exit via
    return;
  }

read_message:
  chatterblk = state->chatterblk_ptr;
  chattercmd = *chatterblk;
  if (chattercmd == CHATTERCMD_STOP)
    goto stop;
  if (chattercmd != CHATTERCMD_PAUSE) {
    pc_chatter_message(state, chatterblk); // exit via
    return;
  }
  // Conv: The next byte is no longer an address but an index into table of
  // chatter blocks.
  state->chatterblk_ptr = chatter_blocks[*++chatterblk];
  goto clear;

stop:
  state->noise_counter = 4;
  state->chatter_state = CHATTERSTATE_STOP;
  clear_message_line(state); // exit via
  return;

starting:
  state->chatter_state = CHATTERSTATE_RUN;

clear:
  clear_message_line(state);
  noise_effect(state, 4); // exit via
}

// $99EC
static void print_chatter(chqstate_t *state)
{
  const uint8_t *chatter; // was HL
  uint8_t        cmd;     // was A
  uint8_t        rnd;     // was A
  const uint8_t *face;    // was HL

  chatter = state->chatterblk_ptr;
  for (;;) {
    cmd = *chatter++; // read a command ($FC) or speaking character's ID
    if (cmd != CHATTERCMD_RANDOM)
      goto pc_plot_character; // use break instead?

    // Random choice
    rnd = rng(state);
    if (rnd >= 0x55) {
      chatter += 2;
      if (rnd >= 0xAA)
        chatter += 2;
    }
    /* Conv: This is an index, not an address */
    chatter = chatter_blocks[*chatter];
  }

pc_plot_character:
  // cmd is now the character ID
  face = stgwordtostgptr(state, 0x5CF2);
  if (cmd != CHATTERCHR_PILOT)
    face = &bitmap_faces[cmd]; // Conv: Simplified

  plot_face(state, face, 0x4036); // Set plot address to (176,8)

  pc_chatter_message(state, chatter); // was FALLTHROUGH
}

// $9A24
static void pc_chatter_message(chqstate_t *state, const uint8_t *HLchatter)
{
  const char *chatterblk; // was DE

  // Conv: Original game loads an address directly here.
  chatterblk = chatter_strings[*HLchatter++];
  state->chatterblk_ptr = HLchatter;
  state->next_character = chatterblk;
  pc_clear_line(state, 0); // was FALLTHROUGH
}

// $9A30
// 'x' was A
static void pc_clear_line(chqstate_t *state, uint8_t x)
{
  const char *nextch;    // was HL
  char        character; // was D

  if (x == 0)
    clear_message_line(state);

  nextch = state->next_character;
  assert(nextch);
  character = *nextch & ~STREND; // remove any terminator
  plot_mini_font_cursor_on(state, x, character);
  if (*nextch++ & STREND) // if terminated
    state->chatter_delay = 10; // pause at end of string
  state->message_x = x + 1;
  state->next_character = nextch;
}

// $9A55
static void noise_effect(chqstate_t *state, uint8_t counter)
{
  state->noise_counter = --counter;
  if (counter == 0)
    print_chatter(state); // exit via
  else
    noise_effect_9a5c(state, counter); // was FALLTHROUGH
}

// Move to next row (down)
// Conv: added
static uint16_t nextrow(uint16_t screen)
{
  screen += 256;
  if (((screen >> 8) & 7) == 0) {
    int t = (screen & 0xFF) + 32;
    screen = (screen & 0xFF00) | (t & 0xFF);
    if (t < 0x100) { // didn't carry
      t = (screen >> 8) - 8;
      screen = (t << 8) | (screen & 0xFF);
    }
  }
  return screen;
}

// $9A5C
static void noise_effect_9a5c(chqstate_t *state, uint8_t counter)
{
  uint8_t  x;               // was A
  char     character;       // was D
  uint8_t  C;
  int      carry = 0;
  uint8_t  B;
  uint8_t *HLnoisebytes;
  uint16_t DEscreen;
  uint16_t DEscreen_saved;
  uint8_t  A;               // was A

  RR(counter);
  x = 0xFF;
  character = ' ';
  if (!carry)
    plot_mini_font_cursor_on(state, x, character);
  else
    plot_mini_font_cursor_off(state, x, character);
  DEscreen = 0x4036; // Set plot address to (176,8)
  C = 40; // rows
  do {
    B = 4; // columns
    DEscreen_saved = DEscreen; // was PUSH
    HLnoisebytes = &state->noise_bytes[0];
    do {
      A = *HLnoisebytes - B;
      *HLnoisebytes++ = A;
      RRC(A); // FIXME should be RLC(A);
      A += *HLnoisebytes;
      *HLnoisebytes = A;
      state->screen[DEscreen - SCREEN_START_ADDRESS] = A;
      DEscreen++; // was E++
    } while (--B > 0);
    DEscreen = DEscreen_saved; // was POP - restore row ptr
    DEscreen = nextrow(DEscreen);
  } while (--C > 0);

  ne_plot_attrs(state, 0x47); // BRIGHT + white over black
  // was FALLTHROUGH
}

// $9A98
static void ne_plot_attrs(chqstate_t *state, uint8_t attr)
{
  uint16_t HL;
  uint8_t  B;
  uint16_t DE;

  HL = 0x5836 - 0x5800; // Screen attribute (22,1) (Conv: address -> offset)
  B = 5; // 5 rows
  DE = 32 - 3; // row skip
  do {
    // Conv: Screen write now goes via state.
    state->screen[HL++] = attr;
    state->screen[HL++] = attr;
    state->screen[HL++] = attr;
    state->screen[HL  ] = attr;
    HL += DE;
  } while (--B > 0);
}

// $9AAB
static void plot_face(chqstate_t *state,
                      const uint8_t    *HLface,
                      uint16_t    DEscreen)
{
  uint16_t DEscreen_saved;
  uint16_t counter; // was BC
  uint8_t  A;
  int      carry = 0;

  counter = FACEBITMAPBYTES;
  DEscreen_saved = DEscreen;
  DEscreen -= SCREEN_START_ADDRESS; // Conv: address -> offset
  for (;;) {
    state->screen[DEscreen++] = *HLface++; counter--;
    state->screen[DEscreen++] = *HLface++; counter--;
    state->screen[DEscreen++] = *HLface++; counter--;
    state->screen[DEscreen++] = *HLface++; counter--;
    DEscreen -= 4; // replaces PUSH/POP
    if (counter == 0)
      break;
    DEscreen = nextrow(DEscreen);
  }

  DEscreen = DEscreen_saved;
  A = DEscreen >> 8;
  RRC(A);
  RRC(A);
  RRC(A);
  A &= 3; // extract band
  A += 0x58;
  DEscreen = (A << 8) | (DEscreen & 0xFF);
  DEscreen -= SCREEN_START_ADDRESS; // Conv: address -> offset
  counter = FACEATTRBYTES;
  for (;;) {
    state->screen[DEscreen++] = *HLface++; counter--;
    state->screen[DEscreen++] = *HLface++; counter--;
    state->screen[DEscreen++] = *HLface++; counter--;
    state->screen[DEscreen++] = *HLface++; counter--;
    if (counter == 0)
      break;

    int t = (DEscreen & 0xFF) + 0x1C;
    DEscreen = (DEscreen & 0xFF00) | (t & 0xFF);
    if (t >= 0x100)
      DEscreen += 256;
  }
}

// $9AEC
static void plot_mini_font_cursor_off(chqstate_t *state,
                                      uint8_t     x,
                                      char        character)
{
  pmf_go(state, x, character, ________, ________);
}

// $9AF1
static void plot_mini_font_cursor_on(chqstate_t *state,
                                     uint8_t     x,
                                     char        character)
{
  pmf_go(state, x, character, _____XXX, X_______);
}

// $9AF4
static void pmf_go(chqstate_t *state,
                   uint8_t     x,     // was A
                   char        ascii, // was D
                   uint8_t     B,     // extra bitmap
                   uint8_t     C)
{
  int            carry = 0;

  uint8_t        extra2;  // was self modified $9B61 - right extra bitmap
  uint8_t        extra1;  // was self modified $9B64 - left extra bitmap
  uint8_t        mask;    // was self modified $9B89
  uint8_t        rotate;  // was self modified $96B7

  uint8_t        A;
  uint8_t        ascii2; // was A
  uint8_t        row;    // was A
  uint8_t        gid;    // was C
  uint8_t        sgid;   // was A
  uint16_t       screen; // was DE
  const uint8_t *DEfont;
  uint16_t       HLscreen;

#define MFWIDTH  (5)
#define MFHEIGHT (6)

  extra1 = B; // ORed with hi font bytes
  extra2 = C; // lo font bytes
  if (x == 0xFF) {
    screen = 0xBF; // low byte of screen addr
    A = MFWIDTH;
  } else {
    A = x * MFWIDTH + 2;
    screen = 0xC0; // low byte of screen addr
  }
  // A is now a scaled x position?

  // find rotate/shift by reducing scaled-x (A) until it's less than 8 bits
  do {
    screen++; // was E++
    carry = 8 > A;
    A -= 8;
  } while (!carry);
  A = -A;

  rotate = A; // Conv: multiply by 4 removed
  mask   = 0xFF << A; // Conv: Loop replaced with shift

  // Turn ASCII into glyph IDs
  ascii2 = ascii; // remove ascii2 later
  screen |= 0x4500; // high byte of screen addr
  gid = 26;
  if (ascii2 == '.') goto pmf_have_glyph_id;
  gid++;
  if (ascii2 == ',') goto pmf_have_glyph_id;
  gid++;
  if (ascii2 == '!') goto pmf_have_glyph_id;
  gid++;
  if (ascii2 == ' ') goto pmf_have_glyph_id;
  gid++;
  if (ascii2 == '\'') goto pmf_have_glyph_id;
  if (ascii2 >= ';') { sgid = ascii2; goto pmf_have_ascii; }
  gid += ascii2 - '/'; // not convinced this is ever used in the game

pmf_have_glyph_id:
  sgid = gid + 'A'; // Turn the glyph ID in #REGc into ASCII in #REGa

pmf_have_ascii:
  DEfont = &minifont[(sgid - 'A') * MFHEIGHT];
  HLscreen = screen; // was EX
  row = MFHEIGHT;
  do {
    uint8_t bm2; // was C
    uint8_t bm1; // was B

    bm2 = extra2;
    bm1 = *DEfont | extra1; // first pixel written

    if (0) {
      switch (rotate) {
      default: assert(0);
      case 0: SRL(bm1); RR(bm2);
      case 1: SRL(bm1); RR(bm2);
      case 2: SRL(bm1); RR(bm2);
      case 3: SRL(bm1); RR(bm2);
      case 4: SRL(bm1); RR(bm2);
      case 5: SRL(bm1); RR(bm2);
      case 6: SRL(bm1); RR(bm2);
      case 7: SRL(bm1); RR(bm2);
      case 8:
      }
    } else {
      // Conv: "modern" version
      unsigned bm = (bm1 << 8) | bm2;
      bm >>= (8 - rotate);
      bm1 = bm >> 8;
      bm2 = bm & 0xff;
    }

    uint8_t *screen = SCREEN(HLscreen); // Conv: added
    screen[0] = (mask & screen[0]) | bm1;
    screen[1] = bm2;
    DEfont++;
    HLscreen = nextrow(HLscreen);
  } while (--row > 0);
}

// $9BA7
static void clear_message_line(chqstate_t *state)
{
  uint16_t screen; // was HL
  uint8_t  rows;   // was A

  screen = 0x45C1; // Screen coordinate (8,53)
  rows = 6; // Clear six rows
  do {
    memset(SCREEN(screen + 1), 0, 29); // Conv: Replacing LDIR
    screen = nextrow(screen);
  } while (--rows);
}

// $9BCF
static void tick(chqstate_t *state)
{
  int      carry = 0;
  uint8_t *ptimebcd;    // was HL
  uint8_t  timeupstate; // was A
  uint8_t  timebcd;     // was A
  char    *timedigits;  // was DE
  uint8_t  effect;      // was B
  uint8_t  H;
  uint8_t  L;
  uint8_t  A;
  uint8_t  hidigit;      // was A
  uint8_t  lodigit;      // was L

  if (state->perp_caught_phase > 0 || state->transition_control == 4)
    return;

  ptimebcd = &state->st.time_bcd;
  timeupstate = state->time_up_state;
  switch (timeupstate) {
  case TIMEUPSTATE_CHECK_TIME_UP: goto check_time_up;
  case TIMEUPSTATE_CAR_STOPPED:   goto check_credits;
  case TIMEUPSTATE_CHECK_RESTART: goto check_restart;
  case TIMEUPSTATE_WAITING:       return;
  }

  // otherwise it's state 0

  if (*ptimebcd == 0) {
    // Ran out of time
    state->time_up_state      = TIMEUPSTATE_CHECK_TIME_UP;
    // Stop acceleration/brake/turbo/pause
    state->st.user_input_mask = USERINPUT_RIGHT | USERINPUT_LEFT | USERINPUT_FIRE |
                                USERINPUT_QUIT;
    return;
  }

update_remaining_time:
  if (--state->st.time_sixteenths > 0)
    return;
  state->st.time_sixteenths =
    15; // is this sixteenths or fifteenths since we reset to 15?
  state->st.time_bcd = timebcd = DAA(state->st.time_bcd - 1, &carry);
  if (timebcd == 0x15)
    // suss: passes timebcd(A) as priority...
    start_chatter(state, timebcd, chatterblk_nancy_time_running_out); // exit via
  return;

check_time_up:
  if (*ptimebcd != 0) {
    state->time_up_state      = TIMEUPSTATE_INIT;
    state->st.user_input_mask = USERINPUT_ALLOW_ALL;
    goto update_remaining_time;
  }

  // TODO setup_overlay_messages(state, time_up_message);
  if (state->speed > 0)
    return;
  state->time_up_state = TIMEUPSTATE_CAR_STOPPED;
  // TODO play_speech_hook(state, 4);

check_credits:
  if (state->transition_control > 0)
    return;
  if (state->credits == 0) {
    // TODO cui_quit_key(state); // exit via
  } else {
    state->credits--;
    state->credit_n[7]   = (state->credits + '0') | STREND;
    state->time_up_state = TIMEUPSTATE_CHECK_RESTART;
    state->SM_9c85       = 0x15; // seconds remaining BCD?
    state->SM_9c86       = 0x01; // causes set_digits to run once?
  }
  return;

check_restart:
  if ((state->user_input & USERINPUT_FIRE) == 0)
    goto print_continue;

  // Resetting mission code.
  state->time_up_state      = TIMEUPSTATE_INIT;
  state->smash_level        = 0;
  state->smash_counter      = 0;
  state->st.user_input_mask = USERINPUT_ALLOW_ALL;
  state->gear_lockout       = 3;
  state->transition_control = 3;
  state->st.turbos          = 3;
  state->st.time_bcd        = 0x60; // 60 seconds
  state->retry_count++;

// play_start_noise:  (code elsewhere jumps to this)
  // TODO play_speech_hook(state, 5); // exit via
  return;

print_continue:
  // TODO setup_overlay_messages(state, continue_messages);
  L = state->SM_9c85;
  H = state->SM_9c86 - 1;
  if (H != 0)
    goto set_digits;

  H = 6; // reset to 6 for when storeda - delay?
  L--;
  A = L;
  RR(A);
  effect = (carry) ? EFFECT_BIP : EFFECT_BOW;
  // TODO start_sfx(state, effect, 1);  // 1 for high priority
  A = L;
  if (A == 0) {
    state->quit_state    = QUITSTATE_START;
    state->time_up_state = TIMEUPSTATE_WAITING;
  }

set_digits:
  state->SM_9c85 = L;
  state->SM_9c86 = H;
  A = L;
  SRL(A);
  timedigits = &state->time_nn[5]; // Load address of nn in "TIME nn"
  if (A == 10) {
    hidigit = '1'; // ASCII
    lodigit = 0;   // integer
  } else {
    lodigit = A;   // integer
    hidigit = ' '; // ASCII
  }

  timedigits[0] = hidigit; // write first digit (must be ASCII)
  timedigits[1] = (lodigit + '0') | STREND;
}

// $9CC2
static void speed_score(chqstate_t *state)
{
  uint16_t speed; // was HL
  uint8_t  A;
  uint8_t  H;
  int      carry = 0;

  // The original code makes little sense...

  speed = state->speed;
  A = speed & 0xFF;
  H = speed >> 8; // Conv: added
  RR(H);
  RL(A);
  SRL(A);
  SRL(A);
  // E = A;
  A += carry;
  DAA(A, &carry);
  increment_score(state, A, 0, 0); // exit via
}

// $9CD6
// Bug: As soon as a non-zero->zero transition is seen the routine finishes so
// you can only have a single run of zeroes in the bonus.
static void add_bonus(chqstate_t *state,
                      uint8_t     A_lo,
                      uint8_t     E_md,
                      uint8_t     D_hi)
{
  char   *output;      // was HL
  uint8_t nonzeroflag; // was C - used to track if a zero has been emitted.

  output = &state->bonus_string[6]; // points to byte after buffer
  nonzeroflag = 0xFF; // flag (zero not seen)
  (void) bonus_digit(A_lo >> 0, &nonzeroflag,
                     &output); // always runs since flag > 0
  *output |= STREND; // terminate string

  // Using lazy evaluation here to avoid having a load of gotos
  (void) (bonus_digit(A_lo >> 4, &nonzeroflag, &output) >= 0 &&
          bonus_digit(E_md >> 0, &nonzeroflag, &output) >= 0 &&
          bonus_digit(E_md >> 4, &nonzeroflag, &output) >= 0 &&
          bonus_digit(D_hi >> 0, &nonzeroflag, &output) >= 0 &&
          bonus_digit(D_hi >> 4, &nonzeroflag, &output) >= 0);

  state->SM_address_of_score_digits = output;
  state->trigger_bonus_flag = 1;
  increment_score(state, A_lo, E_md, D_hi); // was fallthrough
}

// Subroutine of above broken out
static int bonus_digit(uint8_t  digit,
                       uint8_t *nonzeroflag,
                       char   **poutput)
{
  digit &= 0x0F;

  if (digit != 0)
    goto non_zero;
  else if (*nonzeroflag != 0)
    goto store;
  else
    // Conv: Was a POP+JP to cause exit.
    return -1; // We saw a non-zero-to-zero transition, so terminate.

non_zero:
  *nonzeroflag = 0; // Set flag to zero now we've seen a non-zero digit
store:
  (*poutput)--;
  **poutput = digit + '0';
  return 0;
}

// $9D17
static void increment_score(chqstate_t *state,
                            uint8_t     A_lo,
                            uint8_t     E_md,
                            uint8_t     D_hi)
{
  int      carry = 0;
  char    *scorebcd; // was HL
  uint8_t  A;

  scorebcd = &state->score_bcd[0];
  A = A_lo + *scorebcd;
  *scorebcd++ = DAA(A, &carry);
  A = E_md + *scorebcd + carry;
  *scorebcd++ = DAA(A, &carry);
  A = D_hi + *scorebcd + carry;
  *scorebcd++ = DAA(A, &carry);
  A = *scorebcd + carry;
  *scorebcd = DAA(A, &carry);
}

// $9D2E
static void calc_overtake_bonus(chqstate_t *state)
{
  int      carry = 0;
  uint8_t  A;
  uint8_t  B;
  uint8_t *HL;

  A = state->overtake_bonus_counter;
  if (A == 0)
    return;

  B = A;
  HL = &state->overtake_bonus_bcd;
  // Increment bonus by 2 up to a max of 128.
  do {
    A = DAA(*HL + 2, &carry);
    if (A >= 0x80) A = 0x80;
    *HL = A;
    // Set bonus to N * 100.
    add_bonus(state, 0, A, 0);
  } while (--B > 0);

  state->overtake_bonus_counter = 0;
}

// $9D62
static void update_scoreboard(chqstate_t *state)
{

  toggle_light_brightness(state, SCREEN(0x5820));
  toggle_light_brightness(state, SCREEN(0x583B));
  plot_turbos_and_scores(state);
}

// $9DF4
static void toggle_light_brightness(chqstate_t *state, uint8_t *HL)
{
  uint8_t B;
  uint8_t C;

  B = 4; // rows
  C = ATTRIBUTE_BRIGHT;
  do {
    *HL++ ^= C;
    *HL++ ^= C;
    *HL++ ^= C;
    *HL++ ^= C;
    *HL   ^= C;
    HL += (32 - 5);
  } while (--B > 0);
}

// $9E11
static void plot_turbos_and_scores(chqstate_t *state)
{
}

#define LEDFONT_HEIGHT (15)

// $9F47
//
// ord (was A)
// screen (was DE)
static uint8_t *ledfont_plot(chqstate_t *state, uint8_t ord, uint8_t *screen)
{
  const uint8_t *font;        // was HL
  uint8_t       *screen_copy; // was stacked

  font = &ledfont[ord * LEDFONT_HEIGHT];
  screen_copy = screen;
  *screen = *font++; screen += 256;
  *screen = *font++; screen += 256;
  *screen = *font++; screen += 256;
  *screen = *font++; screen += 256;
  *screen = *font++; screen += 256;
  *screen = *font++; screen += 256;
  *screen = *font++; screen += 256;
  screen = screen_copy - 256 + 32 - 1;
  *screen = *font++; screen += 256;
  *screen = *font++; screen += 256;
  *screen = *font++; screen += 256;
  *screen = *font++; screen += 256;
  *screen = *font++; screen += 256;
  *screen = *font++; screen += 256;
  *screen = *font++; screen += 256;
  *screen = *font++; screen += 256;
  return screen_copy + 1; // move to next column
}

// $9F99
static void draw_string_A(chqstate_t *state, uint8_t A, uint8_t *BC)
{
  draw_string_entry(state, 0/*Adash*/, BC/*HL*/, A/*BC'*/, 32/*DE'*/);
}

// $9FA3
static void draw_string(chqstate_t *state)
{
  draw_string_entry(state, 1/*Adash*/, BC/*HL*/, A/*BC'*/, 32/*DE'*/);
}

// $9FA6
static void draw_string_entry(chqstate_t *state,
                              uint8_t     Adash,
                              uint8_t    *DE,
                              uint8_t    *HL)
{
  uint8_t A;

  do {
    A = *HL & ~STREND;
    DE = draw_char(state, A, Adash, DE, HL);
  } while ((A & STREND) == 0);
}

static void draw_char(chqstate_t *state,
                      uint8_t     Achar,
                      uint8_t    *DE,    // screen address
                      uint8_t     Adash, // draw type
                      uint8_t     Cdash, // attribute
                      uint8_t    *DEdash,
                      uint8_t    *HLdash)
{
  uint8_t        Cglyphid; // was C
  uint8_t        Ctype;    // was C
  uint8_t        A;
  uint8_t        B;
  const uint8_t *HLfont;   // was HL
  uint8_t       *DEorig;   // was stacked

  Achar -= ' ';
  if (Achar == 0) {
    // Space
    DE++;
    HLdash++; // FIXME: Do we need to return these?
    return;
  }

  // Map ASCII to glyph IDs
  Cglyphid = 0x12;
  if (Achar >= ('A' - ' ')) goto dc_have_range;
  Cglyphid = 0x0B;
  if (Achar >= ('0' - ' ')) goto dc_have_range;
  Cglyphid = 0;
  Achar--;
  if (Achar == 0) goto dc_have_single;
  Cglyphid++;
  Achar -= 7;
  if (Achar == 0) goto dc_have_single;
  Cglyphid++;
  Achar--;
  if (Achar == 0) goto dc_have_single;
  Cglyphid++;
  Achar -= 3;
  if (Achar == 0) goto dc_have_single;
  Cglyphid++;
  goto dc_have_single;

dc_have_range:
  Cglyphid = Achar - Cglyphid;

dc_have_single:
  HLfont = &font[Cglyphid * 7]; // add symbol for glyph height

  Ctype = Adash;
  Ctype--;
  if (Ctype == 0) goto dc_generic; // 1
  Ctype--;
  if (Ctype == 0) goto dc_single_height; // 2
  Ctype--;
  if (Ctype == 0) goto dc_double_height; // 3
  Ctype--;
  if (Ctype == 0) goto dc_single_height_inverted; // 4
  Ctype--;
  if (Ctype == 0) goto dc_double_height_inverted; // 5

  // Otherwise it's type 0 or anything else
  DEorig = DE;
  B = 4; // iterations
  do {
    A = *HLfont;
    *DE = A;
    DE += 256;
    *DE = A;
    DE += 256;
    HLfont++;
  } while (--B > 0);
  DE -= 8 * 256;
  DE += 32;
  B = 3; // iterations
  do {
    A = *HLfont;
    *DE = A;
    DE += 256;
    *DE = A;
    DE += 256;
    HLfont++;
  } while (--B > 0);
  goto dc_set_double_attrs;

  // double height inverted
dc_double_height_inverted:
  DEorig = DE;
  B = 7;
  do {
    A = ~*HLfont;
    *DE = A;
    DE += 256;
    *DE = A;
    DE += 256;
    HLfont++;
  } while (--B > 0);
  goto dc_set_double_attrs;

dc_single_height_inverted:
  DEorig = DE;
  B = 7;
  do {
    A = ~*HLfont;
    *DE = A;
    HLfont++;
    DE += 256;
  } while (--B > 0);
  goto dc_set_single_attrs;

// Plots double-height glyphs. DE->screen HLfont->glyph def
dc_double_height:
  DEorig = DE;
  *DE = 0; // leave gap at top
  DE += 256;
  for (int i = 0; i < 7; i++) { // Conv: rolled
    A = *HLfont;
    *DE = A;
    DE += 256;
    *DE++ = *HLfont++; // was LDI, could reuse A
    DE--; // was DEC E, could remove if DE++ above is dropped
    DE += 256;
  }
  *DE = 0; // leave gap at bottom

dc_set_double_attrs:
  DE = DEorig + 1; // was POP DE, INC E
  *HLdash |= Cdash;
  HLdash += DEdash;
  *HLdash |= Cdash;
  HLdash -= DEdash; // was POP HLdash
  HLdash++; // was INC L
  return;

dc_single_height: // seems to store 9 rows
  DEorig = DE;
  *DE = 0; // leave gap at top
  DE += 256;
  for (int i = 0; i < 7; i++) { // Conv: rolled
    *DE++ = *HLfont++;
    DE--; // could drop
    DE += 256;
  }
  *DE = 0; // leave gap at bottom

dc_set_single_attrs:
  DE = DEorig + 1; // was POP DE
  *HLdash |= Cdash;
  HLdash++; // was INC L
  return;

dc_generic:
  DEorig = DE;
  B = 7; // iterations
  do {
    *DE = *HLfont;
    DE += 256;
    HLfont++;

    // A = D & 7;
    // JR NZ,$A0C7   ; If no rollover goto loop
    // D -= 8;
    // E += 32;
    // JR NC,$A0C7   ; If no rollover goto loop
    // D += 8;
  } while (--B > 0);
  DE = DEorig + 1; // was POP DE
  return;
}

// $A0D6
static uint8_t keyscan(chqstate_t *state)
{
  return 0;
}

// $A60E
static void cycle_counters(chqstate_t *state)
{
  state->counter_A = (state->counter_A + 1) & 3;
  state->counter_B = (state->counter_B + 1) & 1;
  if (state->counter_B == 0)
    return;
  state->counter_C = (state->counter_C + 1) & 3;
}

#define ROADBUF(N) \
  ((state->road_buffer_offset + (N) - state->road_buffer_start) & 0xFF)

#define GETNEXTROADBUF(R) \
  do { \
    if (++(R) == state->road_buffer_end) \
    (R) = state->road_buffer_start; \
  } while (0)

#define ROADBUF_LANES_OFFSET (64)

// $B9F4
static void layout_road(chqstate_t *state)
{
  int            carry = 0;
  uint8_t       *DElanedata;
  uint8_t        Biterations;
  uint8_t        Lcounter;
  uint16_t      *SProadright;
  uint8_t        Aiterations;
  uint8_t        Aforkinprogress;
  uint16_t      *SMroadcentre;
  uint16_t      *SMroadcentreright;
  uint16_t      *SMroadcentreleft;
  uint16_t      *SMroadleft;
  uint16_t      *SMroadright;
  uint16_t      *SMveryright;
  uint16_t       BCdash;
  uint16_t       DEdash;
  uint16_t       HLdash;
  uint16_t       DEroadpos;
  const uint8_t *HLchatterblk;
  uint8_t        Ca16d;
  uint16_t       HLforkdistance;
  uint16_t       DEforkdistance;
  uint16_t       HLroadpos;
  uint16_t       HLroadpos_saved;
  uint8_t       *HLunknown;

  // point at lane data
  DElanedata = &state->road_buffer_start[ROADBUF(ROADBUF_LANES_OFFSET)];

  // Count the distance to the forked road.
  Biterations = 20; // iterations
  Lcounter = 0; // counter
  do {
    if ((*DElanedata & 0xE1) == 0xE1)
      goto lr_forked_road;
    GETNEXTROADBUF(DElanedata);
    Lcounter++;
  } while (--Biterations > 0);

  // No forked road found.
  build_curve_table(state, /*forked=*/0);
  // $E800 now contains the left edges and $EC00 contains the right edges.
  SProadright = &state->table_ec00[0x30];
  Aiterations = 0x30; // 48..256 in steps of 2 = 104 iterations
lr_calc_single_lane:
  do {
    SMroadcentre      = &state->table_ea00[Aiterations];
    SMroadcentreright = &state->table_eb00[Aiterations];
    SMroadcentreleft  = &state->table_e900[Aiterations];
    SMroadleft        = &state->table_e800[Aiterations];

    // EXX Bank

    // Centre = Left + (Right - Left) / 2
    DEdash = *SMroadleft; // read from road left
    HLdash = *SProadright++; // POP from $ECxx
    HLdash = (HLdash - DEdash) >> 1; // halve total width
    BCdash = HLdash; // stash halved width
    HLdash += DEdash; // calc centre from left
    *SMroadcentre = HLdash; // store centre pos

    DEdash = BCdash;
    BCdash >>= 1; // halve again for quarter width
    HLdash += BCdash; // calc centre+quarter width
    *SMroadcentreright = HLdash; // store centre-right pos

    HLdash -= DEdash; // calc centre-halved width
    *SMroadcentreleft = HLdash; // store centre-left pos

    Aiterations += 2;

    // EXX Unbank
  } while (Aiterations != 0);
  return;

lr_forked_road:
  state->fork_countdown = Lcounter;
  HLunknown = &state->table_e300[Lcounter];
  Aiterations = 96;
  state->fork_visible = Aiterations; // just a flag AFACIT
  Aiterations = 106 - (Aiterations - *HLunknown);
  // PUSH AF  // preserve Aiterations
  HLforkdistance = state->fork_distance;
  if ((*DElanedata & 4) !=
      0) // check for forked road (have already checked flags for 0xE1)
    goto lr_badf;
  // is this forked or unforked or ...?
  Aforkinprogress = state->fork_in_progress - 1;
  if (Aforkinprogress == 0)
    goto lr_check_spawning; // hit fork?
  state->fork_in_progress = -Aforkinprogress; // why negate, is this a counter?
  DEroadpos = state->road_pos;
  Aiterations = 1;
  DEroadpos -= 256; // was DEC D
  // Chooses the fork taken based on car's distance from centre
  if ((DEroadpos >> 8) < 128) { // possibly redundant check
    if (DEroadpos < 12) { // checking full word - car close to centre?
      Aiterations = 1;
    } else {
      Aiterations--; // must be doing 1 -> 0
    }
  }

  //lr_check_correct_fork_taken:
  state->fork_taken = Aiterations;
  Aiterations++; // 0/1 -> 1/2
  // PUSH HLforkdistance (ok)
  if (Aiterations == state->correct_fork) {
    // Correct fork taken
    HLchatterblk = &chatterblk_tony_lets_go[0];
  } else {
    // Incorrect fork taken
    state->hazards[0].speed = 95; // boost perp speed from normal 60 (writes $A195)
    // Q. Why is a bonus awarded for going the wrong way?
    add_bonus(state, 0, 0, state->wanted_stage_number + 4);
    HLchatterblk = &chatterblk_raymond_wrong_way[0];
  }
  start_chatter(state, 20, HLchatterblk);
  // POP HLforkdistance (ok)

lr_check_spawning:
  Aiterations = state->allow_spawning;
  if (Aiterations == 0)
    goto lr_no_car_spawning;
  Aiterations += state->st.var_a16d;
  Ca16d = Aiterations; // new value for $A16D
  Aiterations -= 2;
  if (Aiterations >= 256 - 2) // carried?
    goto lr_set_var_a16d_from_c;
  Ca16d = Aiterations; // new value for $A16D
  HLforkdistance += 16;
  state->fork_distance = HLforkdistance;
lr_set_var_a16d_from_c:
  state->st.var_a16d = Ca16d;
lr_no_car_spawning:
  carry = state->st.var_a16d & 1; // CHECK
  Aiterations = state->fast_counter;
  RL(Aiterations);
  RL(Aiterations);
  RL(Aiterations);
  RL(Aiterations);
  Aiterations -= 0x10; // sets top nibble to $F
  HLforkdistance += 0xFF |
                    Aiterations; // a signed -15..16 value now IS THIS INCREMENT WRONG?
lr_badf:
  // PUSH HLforkdistance
  if (state->fork_taken - 1 != 0) {
    build_curve_table(state, /*forked=*/0);
    DEforkdistance = HLforkdistance; // was POP DEforkdistance
    HLroadpos = state->road_pos;
    HLroadpos_saved = HLroadpos; // was PUSH HLroadpos
    HLroadpos += DEforkdistance;
    state->road_pos = HLroadpos; // adjust road pos for fork rendering
    build_curve_table(state, /*forked=*/1);
  } else {
    build_curve_table(state, /*forked=*/1);
    DEforkdistance = HLforkdistance; // was POP DEforkdistance
    HLroadpos = state->road_pos;
    HLroadpos_saved = HLroadpos; // was PUSH HLroadpos
    HLroadpos -= DEforkdistance;
    state->road_pos = HLroadpos; // adjust road pos for fork rendering
    build_curve_table(state, /*forked=*/0);
  }
  // $BB07
  HLroadpos = HLroadpos_saved; // was POP HLroadpos
  state->road_pos = HLroadpos; // restore normal road pos after fork rendering
  // POP BC
  // (set SP restoring op)
  SProadright = &state->table_ec00[0x30]; // (set SP to $EC30)
  Aiterations = 0x30; // 48..256 in steps of 2 = 104 iterations
  do {
    SMroadcentre      = &state->table_ea00[Aiterations];
    SMroadcentreleft  = &state->table_e900[Aiterations];
    SMroadleft        = &state->table_e800[Aiterations];
    SMveryright       = &state->table_ed00[Aiterations]; // output right?
    SMroadcentreright = &state->table_eb00[Aiterations]; // output left?
    SMroadright       = &state->table_ec00[Aiterations];
    // EXX Bank for inner loop
    DEdash = *SMroadleft;
    HLdash = *SProadright++; // POP HLdash // read from $ECxx
    *SMroadcentre      = (HLdash + DEdash) / 2; // (right+left)/2 = new road centre)
    *SMroadcentreleft  = (HLdash + DEdash) / 2; // new road centre left

    DEdash = *SMveryright;
    HLdash = *SMroadcentreright;
    *SMroadcentreright = (HLdash + DEdash) / 2;
    *SMroadright       = (HLdash + DEdash) / 2;

    Aiterations += 2;
    // EXX Unbank
  } while (Biterations > 0);
  SProadright = &state->table_ec00[Aiterations];
  goto lr_calc_single_lane; // jump into no_fork code
}

// $BC3E
static void draw_screen(chqstate_t *state)
{
}

// $BDC1
static void clear_playfield_set_attrs(chqstate_t *state)
{
  int      B;
  uint8_t *screen; // was HL
  uint16_t DE;

  clear_playfield(state);

  // Clear the playfield pixels to $FF (bug: duplicates work just done)
  memset(SCREEN(0x4800), 0xFF, 0x1000);

  // Clear the playfield attributes to $28 (black over cyan) - first two
  // rows only
  memset(SCREEN(0x5900), 0x28, 2 * 32);

  // Clear the next three rows to $68 (black over bright cyan)
  memset(SCREEN(0x5940), 0x68, 3 * 32);

  // Clear the next 11 rows to the current ground colour
  // Note: Only using the bottom byte of ground_colour (as orig).
  memset(SCREEN(0x59A0), stgbyte(state, 0x5CF4), 0x160); // CHECK

  // Clear the edges of the playfield to black on black
  screen = SCREEN(0x5900);
  DE = 0x1F;
  B = 16;
  do {
    *screen = 0;
    screen += DE;
    *screen++ = 0;
  } while (--B > 0);
}

// $BDFB
static void read_map(chqstate_t *state)
{
}

// $C0E1
static void prepare_tunnel(chqstate_t *state)
{
}

// $C15B
static void draw_tunnel(chqstate_t *state, uint8_t *IY)
{
}

// $C2E7
static void draw_road_scene_change(chqstate_t *state, uint8_t *IX, uint8_t *IY)
{
}

// $C452
static void draw_road(chqstate_t *state)
{
}

#define BACKDROPWIDTH  (10) // bytes
#define BACKDROPHEIGHT (24) // rows

// $C8BE
static void pre_shift_backdrop(chqstate_t *state)
{
  int            tmp;        // for RRD()
  const uint8_t *source;     // was HL
  uint8_t       *preshifted; // was DE
  const uint8_t *endptr;     // was DE
  uint8_t       *bmptr;      // was HL
  uint8_t        row;        // was C
  uint8_t        col;        // was B
  uint8_t        pix;        // was A

  // Copy whole source bitmap to destination
  source     = stgmap(state, STAGEDATA_BASE);
  preshifted = &state->pre_shifted_backdrop[0];
  memcpy(preshifted, source, BACKDROPWIDTH * BACKDROPHEIGHT);

  // Shift it in-place by a nibble
  endptr = &source[BACKDROPWIDTH -
                   1]; // final scanline nibble rolls around to start
  bmptr  = preshifted;
  row    = BACKDROPHEIGHT;
  do {
    col = BACKDROPWIDTH;
    pix = *endptr;
    do {
      RRD(pix, bmptr);
      bmptr++;
      endptr++; // TODO: Not used in inner loop - could hoist
    } while (--col > 0);
  } while (--row > 0);
}

// $C8E3
static void forked_road_plotter(chqstate_t *state)
{
}

// mystery_cba4 would go here, if we knew what it did

// $CBC5
static void backdrop_fill_choice(chqstate_t *state)
{
}

// $CBD6 ish
static void build_curve_table(chqstate_t *state, int forked)
{
  uint16_t       *table1, *table2;
  const uint8_t  *road_buffer_ptr_HL; // was HL
  uint8_t         curvature_C; // was C
  int             A;
  int             B;
  const uint8_t  *IY;
  const uint16_t *IX;
  uint8_t        *DE;
  uint16_t        DEdash;
  uint8_t         curvature_A;
  uint16_t        HLdash;
  uint16_t        BCdash;
  int             carry;
  uint16_t        DEroadpos; // was DE
  uint8_t        *DEe320;
  const uint8_t  *HLe760;
  int             Bdash;

  // Set up table pointer to *end* of tables we're building.
  if (forked) {
    table1 = &state->table_ed00[128]; // was $EE00
    table2 = &state->table_eb00[128]; // was $EC00 - centre right table?
  } else {
    table1 = &state->table_ec00[128]; // was $ED00 - right table
    table2 = &state->table_e800[128]; // was $E900 - left table
  }

  road_buffer_ptr_HL = state->road_buffer_offset;
  curvature_C = *road_buffer_ptr_HL;

  A = state->fast_counter & 0xE0;
  A = A - (A >> 2) - (A >> 4); // map (0,32,64,96,...,224) to (0,22,44,66,...,154)
  IY = &horizontal_e6b0[A / 22][0];

  // now need high byte of offset from base of struct, seems to be $E6 or $E7
  A = 0xE6 + ((IY - &horizontal_e6b0[0][0]) >> 8);
  A = multiply(A, curvature_C);
  A = (128 - A) & 0xFE; // 0xFE must round to whole word
  // A expecting $7C to $82 depending on curvature (7C if bending right?)
  A = (A - 0x40) / 2; // adjust to index inward_bend_table
  assert(A >= 0 && A <= 95);
  IX = &inward_bend_table[A]; // table is 16-bit

  DE = &state->table_e320[0];
  B = 20; // iterations
  // EXX Bank
  DEdash = state->road_pos;
  // PUSH DEdash; // save on stack
  // EXX Unbank

  // Calculate table_e320
  do {
    curvature_A = *road_buffer_ptr_HL;
    if (forked)
      curvature_A = -curvature_A;
    assert(curvature_A >= 0 && curvature_A <= 255);
    printf("curvature_A=%d\n", curvature_A);

    if (++road_buffer_ptr_HL == state->road_buffer_end)
      road_buffer_ptr_HL = state->road_buffer_start;

    // EXX Bank

    int offset = (IX - &inward_bend_table[0]) * 2;
    offset = (offset & ~0xFF) + curvature_A; // - 0x40; ?
    IX = &inward_bend_table[offset / 2];
    assert(IX >= &inward_bend_table[0] && IX < &inward_bend_table[96]);

    HLdash = 0; // Initialise a multiplier result
    BCdash = *IX - DEdash;

    // reading first byte from table row?
    A = *IY++; // points into horizontal_e6b0

    // multiplier
    carry = ((A & (1 << 7)) != 0);
    A = (A << 1) & 0xFF;
    if (carry) HLdash = BCdash << 1;
    carry = ((A & (1 << 7)) != 0);
    A = (A << 1) & 0xFF;
    if (carry) HLdash += BCdash;
    HLdash <<= 1;
    carry = ((A & (1 << 7)) != 0);
    A = (A << 1) & 0xFF;
    if (carry) HLdash += BCdash;
    HLdash <<= 1;
    carry = ((A & (1 << 7)) != 0);
    A = (A << 1) & 0xFF;
    if (carry) HLdash += BCdash;
    HLdash <<= 1;
    carry = ((A & (1 << 7)) != 0);
    A = (A << 1) & 0xFF;
    if (carry) HLdash += BCdash;

    HLdash = (HLdash >> 8) + ((HLdash & (1 << 7)) != 0); // rounding
    A = HLdash & 0xFF;
    if (HLdash & (1 << 7)) HLdash |= 0xFF00;

    DEdash += HLdash;

    // EXX Unbank

    *DE++ = A; // write to table_e320
  } while (--B);

  DEroadpos = state->road_pos; // was POP DE
  B = 0; // init counter
  // EXX Bank
  build_curve_table_sub_cca8(state,
                             B,
                             table1, // table1 is $EE00 or $ED00 (right hand table)
                             DEroadpos);

  // repeat of above code - generate left hand table

  A = state->fast_counter & 0xE0;
  A = A - (A >> 2) - (A >> 4); // map (0,32,64,96,...,224) to (0,22,44,66,...,154)

  HLe760 = &horizontal_e760[A / 22][0];
  DEe320 = &state->table_e320[0];
  for (Bdash = 22; Bdash > 0; Bdash--)
    *DEe320++ += *HLe760++;

  DEroadpos = DEroadpos - 295; // vanishing point config (for left hand)

  Bdash = 0; // init counter
  // EXX Unbank
  build_curve_table_sub_cca8(state,
                             Bdash,
                             table2, // table2 is $EC00 or $E900 (left hand table)
                             DEroadpos);
}

// HL -> points past end of destination table we're filling
static void build_curve_table_sub_cca8(chqstate_t *state,
                                       uint8_t     Bdash_alwayszero,
                                       uint16_t   *HLtableend,
                                       uint16_t    DEroadpos)
{
  uint8_t  *IYe300;
  int       Biterations;
  uint16_t *SPoutput;
  int       A;
  int       Bdash;
  int       Cdash;
  int       Ldash;
  int       Aopcode;
  int       Atotal;
  uint16_t  HLdash;

  IYe300 = &state->table_e300[0]; // was 0xE300; // addr of height table
  Biterations = 21; // iterations
  // (restore SP on exit, load SP with HL)
  SPoutput = HLtableend;
  do {
    // EXX Bank
    A = (Bdash_alwayszero - 2 + IYe300[0] - IYe300[1]) & 0xFF;
    IYe300++;
    if (A > 128) goto bct_endbit_negative; // if A is negative
    A += 2;
    state->object_positions[IYe300 - 1 - &state->table_e300[0]] =
      A; // must write to $E34F+ which is object_positions
    A -= Bdash;
    Bdash = A;
    Cdash = A;
    Ldash = state->table_e320[IYe300 - 1 -
                              &state->table_e300[0]]; // IY[$1F]; // $E320+
    if ((Ldash & (1 << 7)) != 0) {
      Ldash = -Ldash & 0xFF; // mask here to fix neg?
      Aopcode = 0x1B; // Opcode for DEC DE
      if (Bdash < Ldash) goto bct_endbit_A;
    } else {
      Aopcode = 0x13; // Opcode for INC DE
      if (A < Ldash) goto bct_endbit_A;
    }
    A = Bdash >> 1;
    do { // $CCE8
      A += Ldash;
      if (A >= Cdash) {
        A -= Cdash;
        if (Aopcode == 0x13) DEroadpos++;
        else DEroadpos--;
      }
      SPoutput--; *SPoutput = DEroadpos; // PUSH to output table
    } while (--Bdash > 0);
bct_continue:
    // EXX Unbank
  } while (--Biterations > 0);
  return;

  // #REGa is opcode of instruction (INC DE/DEC DE)
  // #REGb is max iterations
  // #REGc is ?
  // #REGl is ?
  // #REGde is ?
bct_endbit_A:
  Aopcode = A;
  Atotal = 0; // Initialise total to zero
  do {
    int overflow;
    do {
      if (Aopcode == 0x13) DEroadpos++;
      else DEroadpos--;
      Atotal += Cdash;
      overflow = Atotal > 0xff;
      Atotal &= 0xff;
    } while (!overflow && Atotal < Ldash);
    Atotal -= Ldash;
    SPoutput--; *SPoutput = DEroadpos; // PUSH to output table
  } while (--Bdash);
  goto bct_continue;

bct_endbit_negative:
  state->object_positions[IYe300 - 1 - &state->table_e300[0]] = 1;
  if (++A != 0) A++;
  Bdash = A;
  A = state->table_e320[IYe300 - 1 - &state->table_e300[0]]; // IY[$1F]; // $E320+
  //Ldash = A;
  //carry = (A & (1<<7) != 0;
  //Hdash = -carry; //sign ext
  HLdash = (int8_t) A;
  HLdash += DEroadpos;
  DEroadpos = HLdash; // was EX
  SPoutput--; *SPoutput = DEroadpos; // PUSH to output table
  goto bct_continue;
}

/* ----------------------------------------------------------------------- */

// $CDD6
static T multiply(T a, T c)
{
#if 1
  int b; // can be int, not T
  int e;
  int carry;

  b = 3;
  e = a;
  a = 0; // result
  do {
    carry = (e >> 7) & 1;
    e <<= 1;
    if (carry) a += c;
    a <<= 1;
  } while (--b);
  a >>= 1; // undo final doubling
  a >>= 2;
  carry = a & 1;
  a = (a >> 1) + carry;
  return a;
#else
  // This is theoretically equivalent but needs further testing.
  int t = (((a & 0xE0) >> 5) * c) >> 2;
  return (t >> 1) + (t & 1);
#endif
}

/* ----------------------------------------------------------------------- */

// $EC2C
static void menu_draw_char(chqstate_t *state,
                           uint8_t     Achar, // ASCII
                           uint8_t     Fdash, // dbl height if carry set
                           uint8_t     Cdash, // attribute byte
                           uint8_t    *DEdash, // screen address
                           uint8_t    *HLdash, // attribute address
                           uint8_t   **DEdash_out,
                           uint8_t   **HLdash_out)
{
  const uint8_t *HLfont;   //
  uint8_t       *DEscreen; //
  uint8_t        Cglyphid; //
  uint8_t       *HLdash_saved; // was B'

  Achar -= ' ';
  if (Achar == 0) {
    // Space
    *HLdash_out = HLdash + 1;
    *DEdash_out = DEdash + 1;
    return;
  }

  // Map ASCII to glyph IDs
  Cglyphid = 0x12;
  if (Achar >= ('A' - ' ')) goto mdc_have_ascii;
  Cglyphid = 0x0B;
  if (Achar >= ('0' - ' ')) goto mdc_have_ascii;
  Cglyphid = 0;
  Achar--;
  if (Achar == 0) goto mdc_have_glyph;
  Cglyphid++;
  Achar -= 7;
  if (Achar == 0) goto mdc_have_glyph;
  Cglyphid++;
  Achar--;
  if (Achar == 0) goto mdc_have_glyph;
  Cglyphid++;
  Achar -= 3;
  if (Achar == 0) goto mdc_have_glyph;
  Cglyphid++;
  goto mdc_have_glyph;

mdc_have_ascii:
  Cglyphid = Achar - Cglyphid;

mdc_have_glyph:
  HLfont = &font[Cglyphid * 7]; // add symbol for glyph height
  // EXX
  // PUSH DEdash
  DEdash++; // was INC E
  // EXX
  // POP DE
  DEscreen = DEdash;
  if (!Fdash) { // checking banked carry here
    // double height
    for (int i = 0; i < 4; i++) { // Conv: rolled
      *DEscreen = *HLfont;
      DEscreen += 256;
      *DEscreen = *HLfont++;
      DEscreen += 256;
    }
    DEscreen += 0xF81F;
    for (int i = 0; i < 3; i++) { // Conv: rolled
      *DEscreen = *HLfont;
      DEscreen += 256;
      *DEscreen = *HLfont++;
      DEscreen += 256;
    }
    *DEscreen = 0; // final row always blank?
    // EXX
    HLdash_saved = HLdash; // was just B' saving L'
    Cdash |= ATTRIBUTE_BRIGHT;
    *HLdash = Cdash; // set with bright set
    HLdash += 32; // move to next attr row
    Cdash &= ~ATTRIBUTE_BRIGHT; // set with bright clear
    *HLdash = Cdash;
    HLdash = HLdash_saved + 1;
    // EXX
  } else {
    // single height
    for (int i = 0; i < 7; i++) { // Conv: rolled
      *DEscreen = *HLfont++;
      DEscreen += 256;
    }
    // EXX
    *HLdash++ = Cdash; // Set the screen attribute and advance
    // EXX
  }

  *HLdash_out = HLdash;
  *DEdash_out = DEdash;
}

/* ----------------------------------------------------------------------- */

/**
 * Return the minimum of (a,b).
 */
#define MIN(a,b) (((a) < (b)) ? (a) : (b))

/**
 * Return the maximum of (a,b).
 */
#define MAX(a,b) (((a) > (b)) ? (a) : (b))

/**
 * Return 'a' clamped to the range [b..c].
 */
#define CLAMP(a,b,c) MIN(MAX(a,b),c)

typedef struct zxbox {
  int x0, y0, x1, y1;
}
zxbox_t;

#define SCREEN_BITMAP_LENGTH            (SCREEN_WIDTH / 8 * SCREEN_HEIGHT)

/* Define to highlight dirty rectangles when they're drawn. */
//#define SHOW_DIRTY_RECTS

#define RGB

#ifdef RGB
/* 0x00RRGGBB */
#define BK_ 0x00000000
#define RD_ 0x00010000
#define GR_ 0x00000100
#define YL_ 0x00010100
#define BL_ 0x00000001
#define MG_ 0x00010001
#define CY_ 0x00000101
#define WH_ 0x00010101
#else
/* 0x00BBGGRR */
#define BK_ 0x00000000
#define RD_ 0x00000001
#define GR_ 0x00000100
#define YL_ 0x00000101
#define BL_ 0x00010000
#define MG_ 0x00010001
#define CY_ 0x00010100
#define WH_ 0x00010101
#endif

#define NORMAL(C) (C * 0xCD)
#define BRIGHT(C) (C * 0xFF)

/* BRIGHT 0 */
#define BKd NORMAL(BK_)
#define RDd NORMAL(RD_)
#define GRd NORMAL(GR_)
#define YLd NORMAL(YL_)
#define BLd NORMAL(BL_)
#define MGd NORMAL(MG_)
#define CYd NORMAL(CY_)
#define WHd NORMAL(WH_)
/* BRIGHT 1 */
#define BKb BRIGHT(BK_)
#define RDb BRIGHT(RD_)
#define GRb BRIGHT(GR_)
#define YLb BRIGHT(YL_)
#define BLb BRIGHT(BL_)
#define MGb BRIGHT(MG_)
#define CYb BRIGHT(CY_)
#define WHb BRIGHT(WH_)

/* Given a set of tokens: A, B, C, which have permutations:
 *   (AA, AB, AC, BA, BB, BC, CA, CB, CC)
 * They can be written out contiguously as:
 *   AAABACBABBBCCACBCC
 * We can remove and index the redundant overlaps:
 *   AABACBBCACC
 * (Note that 'AC' occurs twice in the sequence).
 * Producing a mapping:
 *   (0, 1, 3, 2, 5, 6, 7, 4, 9)
 * This is a De Bruijn sequence.
 *
 * The following palette is laid out in a De Bruijn sequence in a vain attempt
 * to improve performance.
 */
static const unsigned int palette[66 + 65] = {
  BKd, BKd, BLd, BKd, RDd, BKd, MGd, BKd,
  GRd, BKd, CYd, BKd, YLd, BKd, WHd, BLd,
  BLd, RDd, BLd, MGd, BLd, GRd, BLd, CYd,
  BLd, YLd, BLd, WHd, RDd, RDd, MGd, RDd,
  GRd, RDd, CYd, RDd, YLd, RDd, WHd, MGd,
  MGd, GRd, MGd, CYd, MGd, YLd, MGd, WHd,
  GRd, GRd, CYd, GRd, YLd, GRd, WHd, CYd,
  CYd, YLd, CYd, WHd, YLd, YLd, WHd, BKd,
  WHd, WHd,

  /* The zeroth bright entry is shared. */
  BKb, BLb, BKb, RDb, BKb, MGb, BKb,
  GRb, BKb, CYb, BKb, YLb, BKb, WHb, BLb,
  BLb, RDb, BLb, MGb, BLb, GRb, BLb, CYb,
  BLb, YLb, BLb, WHb, RDb, RDb, MGb, RDb,
  GRb, RDb, CYb, RDb, YLb, RDb, WHb, MGb,
  MGb, GRb, MGb, CYb, MGb, YLb, MGb, WHb,
  GRb, GRb, CYb, GRb, YLb, GRb, WHb, CYb,
  CYb, YLb, CYb, WHb, YLb, YLb, WHb, BKb,
  WHb, WHb,
};

static const unsigned char offsets[66 + 65] = {
  0,   1,   3,   5,   7,   9,  11,  13,
  2,  15,  16,  18,  20,  22,  24,  26,
  4,  17,  28,  29,  31,  33,  35,  37,
  6,  19,  30,  39,  40,  42,  44,  46,
  8,  21,  32,  41,  48,  49,  51,  53,
  10,  23,  34,  43,  50,  55,  56,  58,
  12,  25,  36,  45,  52,  57,  60,  61,
  62,  14,  27,  38,  47,  54,  59,  64,
  0,  66,  68,  70,  72,  74,  76,  78,
  67,  80,  81,  83,  85,  87,  89,  91,
  69,  82,  93,  94,  96,  98, 100, 102,
  71,  84,  95, 104, 105, 107, 109, 111,
  73,  86,  97, 106, 113, 114, 116, 118,
  75,  88,  99, 108, 115, 120, 121, 123,
  77,  90, 101, 110, 117, 122, 125, 126,
  127,  79,  92, 103, 112, 119, 124, 129,
};

#define WRITE8PIX(shift)                            \
do {                                                \
  pal = &palette[offsets[(attrs >> shift) & 0x7F]]; \
  *poutput++ = pal[(input >> (shift + 7)) & 1];     \
  *poutput++ = pal[(input >> (shift + 6)) & 1];     \
  *poutput++ = pal[(input >> (shift + 5)) & 1];     \
  *poutput++ = pal[(input >> (shift + 4)) & 1];     \
  *poutput++ = pal[(input >> (shift + 3)) & 1];     \
  *poutput++ = pal[(input >> (shift + 2)) & 1];     \
  *poutput++ = pal[(input >> (shift + 1)) & 1];     \
  *poutput++ = pal[(input >> (shift + 0)) & 1];     \
} while (0)

/* For reference:
 *
 * Spectrum screen memory has the arrangement:
 * 0b010BBLLLRRRCCCCC (B = band, L = line, R = row, C = column)
 *
 * Attribute bytes have the format:
 * 0bLRBBBFFF (L = flash, R = bright, B = paper (background), F = ink (foreground))
 */

void zxscreen_convert(const void    *vscr,
                      unsigned int  *poutput,
                      const zxbox_t *dirty)
{
  zxbox_t              box;
  int                  height;
  const unsigned int  *pattrs;
  int                  width;
  int                  x, linear_y;
  const unsigned int  *pinput;
  unsigned int         input;
  unsigned int         attrs;
  const unsigned int  *pal;

  assert(dirty);

#ifdef SHOW_DIRTY_RECTS
  static int dirtybits;
  dirtybits = 0x20202020 - dirtybits;
#endif

  /* Clamp the dirty rectangle to the screen dimensions. */
  box.x0 = CLAMP(dirty->x0, 0, 255);
  box.y0 = CLAMP(dirty->y0, 0, 191);
  box.x1 = CLAMP(dirty->x1, 1, 256);
  box.y1 = CLAMP(dirty->y1, 1, 192);

  /* The inner loop processes 32 pixels at a time, so we need to convert x
   * coordinates into chunks four attributes wide while rounding up and down as
   * required. */
  box.x0 = (box.x0) / 32;      /* divide to 0..7 rounding down */
  box.x1 = (box.x1 + 31) / 32; /* divide to 0..7 rounding up */

  /* Convert y coordinates into screen space - (0,0) is top left. */
  height = box.y1 - box.y0;
  box.y0 = 192 - box.y1;
  box.y1 = box.y0 + height;

  pattrs = (const unsigned int *) vscr
           + (SCREEN_BITMAP_LENGTH
              + box.y0 / 8 * 32  /* 8 scanlines/row, 32 attrs/row */
              + box.x0 * 4) / 4; /* 4 bytes/chunk, 4 bytes/word */

  poutput += box.y0 * 256 /* 256 pixels/row (256 words) for output */
             + box.x0 * 32; /* 32 pixels/chunk (32 words) */

  width = box.x1 - box.x0; /* hoisted out of loop */

  for (linear_y = box.y0; linear_y < box.y1; linear_y++) {
    /* Transpose fields using XOR */
    unsigned int tmp = (linear_y ^ (linear_y >> 3)) & 7;
    int          y   = linear_y ^ (tmp | (tmp << 3));

    pinput = (const unsigned int *) vscr
             + (y     * 32           /* 32 bytes/row */
                + box.x0 * 32 / 8) / 4; /* 32 bytes/row, 8 pixels/byte, 4 bytes/word */
    for (x = width; x > 0; x--) { /* x is unused in the loop body */
      input = *pinput++;
      attrs = *pattrs++;
#ifdef SHOW_DIRTY_RECTS
      attrs ^= dirtybits; /* force colour attrs to show redrawn areas */
#endif

      WRITE8PIX(0);
      WRITE8PIX(8);
      WRITE8PIX(16);
      WRITE8PIX(24);
    }

    /* Skip to the start of the next row. */
    pattrs  += 8   - width;
    poutput += 256 - width * 32;

    /* Rewind pattrs except at the end of an attribute row. */
    if ((linear_y & 7) != 7)
      pattrs -= 8;
  }
}

/* ----------------------------------------------------------------------- */

#define GAMEWIDTH 256
#define GAMEHEIGHT 192

static const SDL_Rect dstrect = { 0, 0, GAMEWIDTH, GAMEHEIGHT };
unsigned int pixels[GAMEWIDTH * GAMEHEIGHT];

int main(void)
{
#if 0
  // testing the multiplier routine

  static const T a[5] = { 0xA0, 0xE7, 0x20, 0xC0, 0xE6 };
  static const T c[5] = { 0x05, 0x02, 0x05, 0x03, 0xFE };
  static const T r[5] = { 0x03, 0x02, 0x01, 0x02, 0xFE };

  for (int i = 0; i < 5; i++) {
    T n = multiply(a[i], c[i]);
    if (n == r[i])
      printf("ok: %d x %d = %d\n", a[i], c[i], r[i]);
    else
      printf("error: %d x %d = %d, got %d\n", a[i], c[i], r[i], n);
  }

  return 0;
#else
  SDL_Event     event;
  SDL_Window   *window;
  SDL_Renderer *renderer;
  SDL_Texture  *texture;
  chqstate_t    state;
  int           quit = 0;
  int           mx = 0, my = 0;
  int           t = 0;

  if (SDL_Init(SDL_INIT_VIDEO) != 0) {
    printf("SDL_Init failed: %s\n", SDL_GetError());
    return 1;
  }

  window = SDL_CreateWindow("Chase H.Q.",
                            SDL_WINDOWPOS_UNDEFINED, SDL_WINDOWPOS_UNDEFINED,
                            GAMEWIDTH, GAMEHEIGHT,
                            SDL_WINDOW_SHOWN | SDL_WINDOW_RESIZABLE);
  if (window == NULL) {
    printf("SDL_CreateWindow failed: %s\n", SDL_GetError());
    SDL_Quit();
    return 1;
  }

  renderer = SDL_CreateRenderer(window,
                                -1,
                                SDL_RENDERER_ACCELERATED | SDL_RENDERER_PRESENTVSYNC);
  if (renderer == NULL) {
    printf("SDL_CreateRenderer failed: %s\n", SDL_GetError());
    SDL_Quit();
    return 1;
  }

  texture = SDL_CreateTexture(renderer,
                              SDL_PIXELFORMAT_ARGB8888, // fastest?
                              SDL_TEXTUREACCESS_STREAMING,
                              GAMEWIDTH, GAMEHEIGHT);
  if (texture == NULL) {
    printf("SDL_CreateTexture failed: %s\n", SDL_GetError());
    SDL_Quit();
    return 1;
  }

  if (SDL_SetTextureBlendMode(texture, SDL_BLENDMODE_NONE) < 0) {
    printf("SDL_SetTextureBlendMode failed: %s\n", SDL_GetError());
    SDL_Quit();
    return 1;
  }

  chasehq_reset_state(&state);

  if (1) { // temp - fill screen with junk
    for (int i = 0; i < SCREEN_BITMAP_LENGTH; i++)
      state.screen[i] = rng(&state);
    for (int i = 0; i < SCREEN_ATTRIBUTES_LENGTH; i++)
      state.screen[SCREEN_ATTRIBUTES_START_ADDRESS - SCREEN_START_ADDRESS + i] =
        attribute_YELLOW_OVER_BLACK;

    clear_playfield_set_attrs(&state);
  }

  while (!quit) {
    while (SDL_PollEvent(&event)) {
      switch (event.type) {
      case SDL_QUIT:
        quit = 1;
        break;

      case SDL_KEYDOWN:
      case SDL_KEYUP:
        if (1) { // temp - fill screen with junk
          static const char msg[] = "GREETS TO THE RETRO FUNSTERS FROM CHASE D.P.T.!";
          for (int i = 0; i < sizeof(msg) - 1; i++) {
            if (t)
              plot_mini_font_cursor_off(&state, i, msg[i]);
            else
              plot_mini_font_cursor_on(&state, i, msg[i]);
          }
        }
        break;

      case SDL_MOUSEMOTION:
        mx = event.motion.x;
        my = event.motion.y;
        ledfont_plot(&state, 1 + my % 10,
                     &state.screen[(0x4000 + mx / 8) - SCREEN_START_ADDRESS]);
        break;

      case SDL_MOUSEBUTTONUP:
      case SDL_MOUSEBUTTONDOWN:
        t  = event.button.state == SDL_PRESSED;
        break;

        // main_loop(&state);

        //plot_face(&state, &bitmap_faces[FACEBYTES*0], 0x4036);
        //plot_face(&state, &bitmap_faces[FACEBYTES*1], 0x4836);
        //plot_face(&state, &bitmap_faces[FACEBYTES*2], 0x5036);

#if 0
        // Handle mouse motion event
        for (int i = 0; i < 22; i++) // we read 20/21 entries
          state.road_buffer[i] = 0x70 + (event.motion.x * 0x10 / 256);
        build_curve_table(&state, /*forked=*/0);

        SDL_FillRect(surface, NULL, SDL_MapRGB(surface->format, 0xFF, 0xFF, 0xFF));

        for (int y = 0; y < 104; y++) {
          int yp = y; // 0 is top

          int r = state.table_ec00[0x30 + y] >> 0;
          int l = state.table_e800[0x30 + y] >> 0;
          SDL_Rect rrect = {255 - r, yp, r, 1};
          SDL_Rect lrect = {      0, yp, l, 1};
          SDL_FillRect(surface, &rrect, SDL_MapRGB(surface->format, 0x00, 0x00, 0xFF));
          SDL_FillRect(surface, &lrect, SDL_MapRGB(surface->format, 0xFF, 0x00, 0x00));

          SDL_Rect rect = {0, yp, 1, 1};
          SDL_FillRect(surface, &rect, SDL_MapRGB(surface->format, 0xFF, 0xFF, 0x00));
        }
        SDL_UpdateWindowSurface(window);
        state.fast_counter++;
#endif
        break;
      }
    }

    if (quit)
      break;

    {
      zxbox_t dirty = {0, 0, GAMEWIDTH, GAMEHEIGHT};

      zxscreen_convert(&state.screen[0], pixels, &dirty);
      SDL_UpdateTexture(texture, NULL, pixels, GAMEWIDTH * 4);
    }

    SDL_SetRenderDrawColor(renderer, 0x00, 0x00, 0x00, 0xFF);
    SDL_RenderClear(renderer);
    SDL_RenderCopy(renderer, texture, NULL, &dstrect);
    SDL_RenderPresent(renderer);

    SDL_Delay(1000 / 60); //fps
  }

  SDL_DestroyTexture(texture);
  SDL_DestroyRenderer(renderer);
  SDL_DestroyWindow(window);

  SDL_Quit();
#endif
}
