/**
 * SoundSamples.c
 *
 * This file is part of "Chase H.Q. in C".
 *
 * This project recreates the ZX Spectrum version of the chase-and-smash game
 * "Chase H.Q." in portable C code. It is free software provided without
 * warranty in the interests of education and software preservation.
 *
 * The arcade original was created by Taito Corporation in 1988. It was then
 * ported to the ZX Spectrum by Ocean Software Limited and released in 1989.
 *
 * The original game and design is copyright (c) 1988 Taito Corporation.
 * The ZX Spectrum version is copyright (c) 1989 Ocean Software Limited.
 * The recreated version is copyright (c) 2023-2026 David Thomas.
 */

#include "SoundSamples.h"

/** $C000 (bank 4) */
const u8 sound_samples[16384] = {
  // Sample: "Giddy up boy!"
  0x77, 0x77, 0x77, 0x77, 0x77, 0x77, 0x77, 0xAA,
  0xAA, 0xAA, 0xAA, 0xAA, 0xAA, 0xAB, 0xBB, 0xBB,
  0xBB, 0xBB, 0xBB, 0xBB, 0xBB, 0xBC, 0xCC, 0xCC,
  0xCC, 0xBB, 0xBB, 0xBB, 0xBA, 0xAA, 0xA7, 0x77,
  0x77, 0x77, 0x77, 0x77, 0x77, 0x77, 0x77, 0x77,
  0x77, 0x77, 0x77, 0x7A, 0xAA, 0xAA, 0xAA, 0xBB,
  0xBB, 0xBB, 0xBB, 0xBB, 0xCC, 0xCC, 0xBC, 0xBC,
  0xCC, 0xBC, 0xCB, 0xBB, 0xCB, 0xBB, 0xBA, 0x77,
  0x77, 0x77, 0x77, 0x77, 0x77, 0x77, 0x77, 0x77,
  0x77, 0x77, 0x77, 0x77, 0x77, 0x7A, 0xAA, 0xAB,
  0xBB, 0xBB, 0xCB, 0xCC, 0xCC, 0xCC, 0xCC, 0xCC,
  0xBC, 0xBB, 0xBB, 0xBB, 0xBB, 0xBA, 0xBA, 0xAA,
  0xAA, 0xAA, 0x77, 0x77, 0x77, 0x77, 0x77, 0x77,
  0x77, 0x77, 0x77, 0x77, 0x77, 0xAB, 0xAB, 0xBD,
  0xCC, 0xDD, 0xCD, 0xCD, 0xDC, 0xDC, 0xCB, 0xCB,
  0xBB, 0xBB, 0xBB, 0xAB, 0xBA, 0xAA, 0x7A, 0x77,
  0xA7, 0x77, 0x77, 0x77, 0x77, 0x67, 0x77, 0x77,
  0x7A, 0xBA, 0xCC, 0xDC, 0xCD, 0xED, 0xCE, 0xDD,
  0xCC, 0xDC, 0xAC, 0xCB, 0xBA, 0xCA, 0xAB, 0xA7,
  0x77, 0x77, 0x77, 0x77, 0x77, 0x77, 0x77, 0x77,
  0x77, 0xBB, 0xAC, 0xCC, 0xDD, 0xDD, 0xCD, 0xDC,
  0xCC, 0xCC, 0xBB, 0xBB, 0xAA, 0xBA, 0x77, 0xA7,
  0x77, 0x77, 0x76, 0x77, 0x67, 0x77, 0x77, 0xAC,
  0xBB, 0xEE, 0xDE, 0xEE, 0xED, 0xED, 0xCC, 0xCC,
  0xBB, 0xBB, 0xAA, 0x77, 0xA7, 0x77, 0x77, 0x67,
  0x77, 0x67, 0x77, 0x77, 0xBB, 0xAC, 0xED, 0xCE,
  0xFD, 0xCD, 0xDC, 0xAB, 0xDB, 0x7B, 0xCB, 0x77,
  0x7D, 0x77, 0xCA, 0x76, 0x7A, 0x75, 0x7B, 0x77,
  0xBD, 0xB7, 0xEF, 0xCB, 0xEF, 0xCA, 0xEE, 0xA7,
  0xCD, 0xA7, 0xCC, 0xA6, 0x7E, 0x76, 0xCA, 0x75,
  0x7C, 0x75, 0x7D, 0x77, 0xCE, 0xC7, 0xEF, 0xC7,
  0xEF, 0xB7, 0xCD, 0xA7, 0xBC, 0xA7, 0xBC, 0x75,
  0xCB, 0x67, 0xA7, 0x76, 0xAA, 0x77, 0xBB, 0x77,
  0xCE, 0xCB, 0xFE, 0xCB, 0xED, 0xAA, 0xCC, 0x77,
  0xBB, 0x77, 0xBC, 0xA7, 0x7E, 0xC6, 0x7D, 0xA5,
  0x7D, 0xA5, 0x7D, 0xB6, 0x7E, 0xD7, 0x7F, 0xEA,
  0x7F, 0xEA, 0x7E, 0xD7, 0x7D, 0xCA, 0x7C, 0xC6,
  0x7C, 0x77, 0x77, 0x66, 0x77, 0x67, 0x7A, 0x77,
  0xCE, 0xCC, 0xFE, 0xCB, 0xEC, 0xAB, 0xBB, 0x77,
  0xAA, 0x77, 0xBB, 0xB7, 0x7E, 0xA7, 0xDB, 0x75,
  0x7A, 0x66, 0x7B, 0x77, 0xBD, 0xC7, 0xCF, 0xCB,
  0xEF, 0xCB, 0xCE, 0xCA, 0xCD, 0xC7, 0x77, 0xD7,
  0x47, 0xB7, 0x47, 0xC7, 0x67, 0xDA, 0x7C, 0xFE,
  0xBC, 0xFD, 0xAD, 0xED, 0x7A, 0xCC, 0x77, 0xBC,
  0xA7, 0xB7, 0xCC, 0x77, 0xDA, 0x67, 0xCA, 0x67,
  0x7A, 0x77, 0xBC, 0xA7, 0xDF, 0xBB, 0xFF, 0xCC,
  0xEE, 0xDA, 0xDD, 0xC7, 0x5C, 0xC6, 0x5B, 0x75,
  0x4A, 0x76, 0x67, 0xD7, 0x7C, 0xFE, 0xAE, 0xFF,
  0xAD, 0xFD, 0xA7, 0xCD, 0x77, 0xBD, 0xA5, 0x7E,
  0xC5, 0x7D, 0xB6, 0x7C, 0xB7, 0x67, 0xC7, 0x77,
  0xEC, 0x7B, 0xEE, 0xAB, 0xFE, 0xCA, 0xDE, 0xCA,
  0xBC, 0xA6, 0xBB, 0x76, 0x77, 0x66, 0x77, 0x77,
  0x77, 0xAB, 0xAB, 0xDD, 0xCD, 0xED, 0xDD, 0xCC,
  0xCB, 0xBB, 0xBA, 0xAA, 0x77, 0xAA, 0x77, 0x77,
  0x77, 0x77, 0x77, 0x77, 0x77, 0x77, 0xAA, 0xAB,
  0xBB, 0xBB, 0xBB, 0xBB, 0xBB, 0xBB, 0xCC, 0xCC,
  0xCC, 0xCC, 0xBB, 0xBA, 0xAA, 0x77, 0x77, 0x77,
  0x77, 0x77, 0x77, 0x77, 0x77, 0x77, 0x7A, 0xAA,
  0xBB, 0xBC, 0xCC, 0xCD, 0xDD, 0xDD, 0xDC, 0xCC,
  0xBB, 0xAA, 0x77, 0x77, 0x77, 0x77, 0x77, 0x77,
  0x77, 0x77, 0x77, 0x77, 0xAA, 0xBB, 0xCC, 0xCC,
  0xDD, 0xDD, 0xDD, 0xDD, 0xCC, 0xCB, 0xAA, 0xA7,
  0x77, 0x77, 0x77, 0x77, 0x77, 0x77, 0x77, 0x77,
  0x7A, 0xAA, 0xBB, 0xAC, 0xDC, 0xCD, 0xDD, 0xEE,
  0xEE, 0xDD, 0xDD, 0xCB, 0xAA, 0x77, 0x77, 0x66,
  0x66, 0x66, 0x67, 0x77, 0x77, 0xAA, 0xBD, 0xED,
  0xEF, 0xEE, 0xEE, 0xFE, 0xED, 0xDC, 0xB7, 0x7B,
  0x75, 0x77, 0x64, 0x56, 0x65, 0x57, 0x77, 0x7A,
  0xDC, 0xCE, 0xFF, 0xEF, 0xFF, 0xDE, 0xED, 0xCB,
  0xCB, 0x77, 0x7A, 0x74, 0x77, 0x75, 0x67, 0x66,
  0x67, 0x77, 0x7D, 0xEB, 0xDF, 0xFE, 0xEF, 0xFE,
  0xCF, 0xEC, 0xBC, 0xCA, 0x77, 0x7A, 0x75, 0x77,
  0x64, 0x77, 0x65, 0x77, 0x77, 0x7D, 0xCB, 0xFF,
  0xEE, 0xFF, 0xEE, 0xEF, 0xCC, 0xDD, 0xC7, 0xB7,
  0x7A, 0x75, 0x77, 0x54, 0x76, 0x66, 0x67, 0x77,
  0x7D, 0xCC, 0xFE, 0xFE, 0xFF, 0xFE, 0xEF, 0xCD,
  0xDC, 0xBA, 0xB7, 0x6A, 0x75, 0x77, 0x54, 0x65,
  0x66, 0x57, 0x77, 0x7C, 0xCB, 0xFE, 0xFE, 0xFF,
  0xFE, 0xEF, 0xCC, 0xDC, 0xBB, 0xB7, 0x67, 0x75,
  0x77, 0x75, 0x46, 0x77, 0x57, 0x77, 0x7B, 0xCA,
  0xDE, 0xFE, 0xEF, 0xFE, 0xEF, 0xEC, 0xED, 0xCB,
  0xBB, 0x76, 0x77, 0x57, 0x76, 0x55, 0x67, 0x65,
  0x77, 0x77, 0xBB, 0xAD, 0xEE, 0xDE, 0xFE, 0xEE,
  0xED, 0xCD, 0xCC, 0xBB, 0xB7, 0x77, 0xA6, 0x77,
  0x76, 0x57, 0x76, 0x57, 0x77, 0x7B, 0xBA, 0xCE,
  0xED, 0xFF, 0xEE, 0xFE, 0xDD, 0xDC, 0xBB, 0xCB,
  0x77, 0x7B, 0x77, 0x76, 0x64, 0x77, 0x65, 0x7A,
  0x77, 0xBB, 0xBB, 0xEE, 0xEE, 0xFF, 0xDF, 0xFE,
  0xCE, 0xDC, 0xBB, 0xCA, 0x77, 0x7A, 0x77, 0x76,
  0x65, 0x76, 0x65, 0x7A, 0x77, 0xBA, 0xBC, 0xEE,
  0xDF, 0xFE, 0xEF, 0xED, 0xDD, 0xCB, 0xBB, 0xB7,
  0xA7, 0x6A, 0x76, 0x76, 0x76, 0x66, 0x76, 0x77,
  0x77, 0xAA, 0xBC, 0xDF, 0xEE, 0xFF, 0xEF, 0xED,
  0xDC, 0xCC, 0xBB, 0xBA, 0x7A, 0x77, 0xA7, 0x77,
  0x76, 0x57, 0x77, 0x57, 0x77, 0x7B, 0xBB, 0xDE,
  0xED, 0xFF, 0xED, 0xEE, 0xCC, 0xCB, 0xAA, 0xBA,
  0xAA, 0xA7, 0x7B, 0x76, 0x77, 0x76, 0x77, 0x76,
  0x77, 0x77, 0xAB, 0xBC, 0xDE, 0xED, 0xFF, 0xDE,
  0xED, 0xBB, 0xCB, 0xAA, 0xBA, 0x7A, 0xB7, 0x7B,
  0xA7, 0x77, 0x76, 0x77, 0x76, 0x67, 0x77, 0x7C,
  0xBC, 0xEF, 0xFD, 0xEF, 0xDC, 0xDD, 0xAA, 0xBB,
  0x77, 0x7A, 0xA7, 0xBA, 0x77, 0xC7, 0x77, 0x77,
  0x67, 0x77, 0x67, 0x77, 0x7B, 0xCB, 0xCF, 0xFE,
  0xDF, 0xFB, 0xCC, 0xB7, 0x7A, 0x77, 0x7A, 0xAA,
  0xBC, 0xB7, 0xBD, 0x77, 0xAA, 0x76, 0x77, 0x74,
  0x77, 0x77, 0xCD, 0xBD, 0xFF, 0xED, 0xFE, 0xB7,
  0xBA, 0x77, 0x77, 0x77, 0xAB, 0xAB, 0xEE, 0xCA,
  0xDE, 0x77, 0xAA, 0x74, 0x77, 0x74, 0x7A, 0x77,
  0xDF, 0xDD, 0xFF, 0xEC, 0xEE, 0xA7, 0x77, 0x66,
  0x77, 0x77, 0xBC, 0xCD, 0xFF, 0xFE, 0xDA, 0xEB,
  0x67, 0x76, 0x44, 0x66, 0x67, 0xCC, 0xAD, 0xFF,
  0xEF, 0xFF, 0xCA, 0xBA, 0x64, 0x67, 0x66, 0x7B,
  0xAC, 0xFF, 0xEF, 0xFF, 0xEE, 0xEC, 0x74, 0x77,
  0x52, 0x56, 0x46, 0xCC, 0xAC, 0xFF, 0xED, 0xFE,
  0xB7, 0x77, 0x64, 0x67, 0x76, 0x7C, 0xCB, 0xEF,
  0xFD, 0xEF, 0xDB, 0xAB, 0xA7, 0x77, 0xA7, 0x47,
  0xC7, 0x67, 0xC7, 0x7B, 0xEA, 0x77, 0xCB, 0x77,
  0xBC, 0x77, 0xCC, 0xA7, 0xBC, 0xA7, 0xBC, 0xCB,
  0xCC, 0xCC, 0xBB, 0xBA, 0x7A, 0xBA, 0xAA, 0xBC,
  0xA6, 0x6D, 0xA6, 0x7C, 0xA7, 0x7E, 0xC7, 0x7D,
  0xCA, 0x77, 0xCB, 0x77, 0xDC, 0xAB, 0xCC, 0xBA,
  0x7A, 0xBB, 0xA7, 0xBC, 0xA7, 0xCC, 0xBA, 0xBC,
  0xBA, 0xBC, 0xB7, 0x74, 0x7A, 0x76, 0x7C, 0x7A,
  0xEE, 0xDB, 0x7B, 0xAA, 0x67, 0xBA, 0x7B, 0xDE,
  0xDC, 0xCB, 0xA7, 0x77, 0xBB, 0x77, 0xCD, 0xBA,
  0xBC, 0xBA, 0x7A, 0xAA, 0x7A, 0xCC, 0xA7, 0x5D,
  0xB7, 0x7B, 0xDA, 0xCB, 0xBC, 0xB7, 0x7B, 0xB7,
  0xAC, 0xBD, 0xCD, 0xBD, 0xBA, 0x77, 0x77, 0x7B,
  0xCC, 0xCC, 0xDB, 0xA7, 0x77, 0x77, 0x7A, 0xBB,
  0xCC, 0xCC, 0xA6, 0x37, 0x77, 0x77, 0xCD, 0xFD,
  0xBC, 0xB7, 0x77, 0x77, 0xAB, 0xBD, 0xEF, 0xDD,
  0xB7, 0x77, 0x66, 0x77, 0xDE, 0xDC, 0xED, 0xB7,
  0x77, 0x77, 0xAA, 0xBC, 0xDE, 0xDC, 0xCB, 0x74,
  0x47, 0x67, 0x7D, 0xBF, 0xFD, 0x77, 0x77, 0x67,
  0x67, 0xEF, 0xFE, 0xED, 0xEB, 0x75, 0x67, 0x77,
  0x7C, 0xFF, 0xFD, 0xAA, 0x77, 0x76, 0x77, 0xCE,
  0xED, 0xDD, 0xDA, 0x77, 0x76, 0x25, 0x77, 0xEB,
  0xFB, 0xFD, 0xC7, 0x63, 0x77, 0xB7, 0xCE, 0xFF,
  0xFC, 0xB7, 0x77, 0x76, 0x67, 0xCE, 0xFE, 0xEC,
  0xCB, 0x76, 0x67, 0x77, 0xBC, 0xDE, 0xEE, 0xCA,
  0x77, 0x77, 0xAA, 0x74, 0x7A, 0xDF, 0xCB, 0x7B,
  0xBA, 0x77, 0x57, 0x7E, 0xCD, 0xCC, 0xEE, 0xCA,
  0x77, 0x77, 0xBA, 0x7A, 0xCE, 0xDC, 0xA7, 0x77,
  0xAA, 0x77, 0xAB, 0xCC, 0xCB, 0xBB, 0xBA, 0xA7,
  0x77, 0xBC, 0xB7, 0x56, 0x77, 0xCB, 0xB7, 0x7B,
  0xCC, 0xC7, 0x77, 0x7B, 0xCC, 0xB7, 0xCB, 0xED,
  0xCA, 0x77, 0x77, 0xB7, 0x77, 0x7C, 0xCC, 0xCA,
  0x77, 0x7B, 0xAA, 0xA7, 0xAB, 0xCC, 0xBB, 0xAA,
  0xAA, 0xAA, 0x7A, 0xAB, 0xB7, 0x77, 0x67, 0x7A,
  0xA7, 0x7A, 0x7D, 0xCC, 0xBA, 0xAA, 0xAC, 0xBB,
  0xAA, 0xAB, 0xBC, 0xCB, 0xAA, 0xAB, 0xBC, 0xBB,
  0xAA, 0xAA, 0xAB, 0xAA, 0xAA, 0xAA, 0xAB, 0xAA,
  0xAA, 0xAB, 0xBB, 0xAA, 0xAA, 0xBA, 0xAA, 0xAA,
  0xAA, 0xAA, 0xAA, 0xAA, 0xAA, 0xAA, 0xAA, 0xAA,
  0xAA, 0xAA, 0xAA, 0xAA, 0xBB, 0xBB, 0xBB, 0xBB,
  0xBB, 0xBB, 0xBB, 0xBB, 0xBB, 0xBB, 0xAA, 0xAA,
  0xAA, 0xAA, 0xAA, 0xAA, 0xAA, 0xAA, 0x77, 0x7A,
  0xAA, 0xAA, 0xAA, 0xAA, 0xAA, 0xAA, 0xAA, 0xAA,
  0xAA, 0xAA, 0xAA, 0xA7, 0x77, 0x77, 0x77, 0x77,
  0xAA, 0xAA, 0xAA, 0xAB, 0xBB, 0xBB, 0xBB, 0xBB,
  0xBB, 0xBB, 0xBB, 0xBB, 0xBB, 0xBB, 0xBB, 0xAA,
  0xAA, 0xAA, 0xAA, 0xAA, 0xAA, 0xAA, 0xAA, 0xAA,
  0xAA, 0xAA, 0xAA, 0xAA, 0xBB, 0xAA, 0xAA, 0xAA,
  0xAA, 0xAA, 0xAA, 0xAA, 0xAA, 0xAA, 0xAA, 0xAA,
  0xAA, 0xAA, 0xBB, 0xBB, 0xBB, 0xBB, 0xBB, 0xBB,
  0xBB, 0xBB, 0xBB, 0xBB, 0xBB, 0xAA, 0xAA, 0xAA,
  0xAA, 0xAA, 0x77, 0x77, 0x77, 0x77, 0xAA, 0xAA,
  0xAA, 0xAA, 0xAA, 0xAA, 0xAA, 0xAA, 0xAA, 0xAA,
  0xAA, 0xAA, 0xAA, 0xAA, 0xAA, 0xAA, 0xAA, 0xAA,
  0xAA, 0xAB, 0xBB, 0xBB, 0xBB, 0xBB, 0xBB, 0xBB,
  0xBB, 0xBB, 0xBB, 0xBB, 0xBB, 0xBA, 0xAA, 0xAA,
  0xAA, 0xAA, 0xAA, 0xAA, 0xAA, 0xAA, 0xAA, 0xAA,
  0xAA, 0xAA, 0xAA, 0xAA, 0xAA, 0xAA, 0xAA, 0xAA,
  0xAA, 0xAA, 0xAA, 0xAA, 0xAA, 0xAA, 0xAA, 0xAA,
  0xAA, 0xAA, 0xBB, 0xBB, 0xBB, 0xBB, 0xBB, 0xBB,
  0xBB, 0xBB, 0xBB, 0xBB, 0xBB, 0xAA, 0xAA, 0xAA,
  0xAA, 0xAA, 0xAA, 0xAA, 0xAA, 0xAA, 0xAA, 0xAA,
  0xAA, 0xAA, 0xAA, 0xAA, 0xAA, 0xAA, 0xAA, 0xAA,
  0xAA, 0xAA, 0xAA, 0xAA, 0xAA, 0xAA, 0xAA, 0xAA,
  0xAA, 0xAA, 0xAB, 0xBB, 0xBB, 0xBB, 0xBB, 0xBB,
  0xBB, 0xBB, 0xBB, 0xBB, 0xBB, 0xBB, 0xAA, 0xAA,
  0xAA, 0xAA, 0xAA, 0xAA, 0xAA, 0xAA, 0xAA, 0xAA,
  0xAA, 0xAA, 0xAA, 0xAA, 0xAA, 0xAA, 0xAA, 0xAA,
  0xAA, 0xAA, 0xAA, 0xAA, 0xAA, 0xAA, 0xAA, 0xAA,
  0xAA, 0xAA, 0xAA, 0xAA, 0xAA, 0xAA, 0xBA, 0xBB,
  0xBB, 0xBB, 0xBB, 0xBB, 0xBB, 0xBB, 0xBB, 0xAA,
  0xAA, 0xAA, 0xAA, 0xAA, 0xAA, 0xAA, 0xAA, 0xAA,
  0xAA, 0xAA, 0xAA, 0xAA, 0xAA, 0xAA, 0xAA, 0xAA,
  0xAA, 0xAA, 0xAA, 0xAA, 0xAA, 0xAA, 0xAA, 0xAA,
  0xAA, 0xAA, 0xAA, 0xAA, 0xAA, 0xAA, 0xAA, 0xAA,
  0xAA, 0xAA, 0xAA, 0xAA, 0xBB, 0xBB, 0xBB, 0xBB,
  0xBB, 0xBB, 0xBB, 0xBB, 0xBA, 0xAA, 0xAA, 0xAA,
  0xAA, 0xAA, 0xAA, 0xAA, 0xAA, 0xAA, 0xAA, 0xAA,
  0xAA, 0xAA, 0xAA, 0xAA, 0xAA, 0xAA, 0xAA, 0xAA,
  0xAA, 0xAA, 0xAA, 0xAA, 0xBB, 0xAA, 0xAA, 0xAA,
  0xAA, 0xAA, 0xAA, 0xAA, 0xAA, 0xAA, 0xAA, 0xAA,
  0xAA, 0xAA, 0xAA, 0xAA, 0xAA, 0xBB, 0xBB, 0xAA,
  0xAA, 0xAA, 0xAA, 0xAA, 0xAA, 0xAA, 0xAA, 0xAA,
  0xAA, 0xAA, 0xAA, 0xAA, 0xAA, 0xAA, 0xAA, 0xAA,
  0xAA, 0xAA, 0xAA, 0xAA, 0xAA, 0xAA, 0xAA, 0xAA,
  0xAA, 0xAA, 0xAA, 0xAA, 0xAA, 0xAA, 0xAA, 0xAA,
  0xAA, 0xAA, 0xAA, 0xAA, 0xAA, 0xAA, 0xAA, 0xAA,
  0xAA, 0xAB, 0xBB, 0xBB, 0xBB, 0xBB, 0xBB, 0xBB,
  0xBB, 0xBB, 0xBA, 0xAA, 0xAA, 0xAA, 0xAA, 0xAA,
  0xAA, 0xAA, 0xAA, 0xAA, 0xAA, 0xAA, 0xAA, 0xAA,
  0xAA, 0xAA, 0xAA, 0xAA, 0xAA, 0xAA, 0xAA, 0xAA,
  0xAA, 0xAA, 0xAA, 0xAA, 0xAA, 0xAA, 0xAA, 0xAA,
  0xAA, 0xAA, 0xAA, 0xAA, 0xAA, 0xAA, 0xAA, 0xAA,
  0xAA, 0xBB, 0xBB, 0xBB, 0xBB, 0xBB, 0xBB, 0xBB,
  0xBA, 0xAA, 0xAA, 0xAA, 0xAA, 0xAA, 0xAA, 0xAA,
  0xAA, 0xAA, 0xAA, 0xAA, 0xAA, 0xAA, 0xAA, 0xAA,
  0xAA, 0xAA, 0xAA, 0xAA, 0xAA, 0xAA, 0xAA, 0xAA,
  0xAA, 0xAA, 0xAA, 0xAA, 0xAA, 0xAA, 0xAA, 0xAA,
  0xAA, 0xAA, 0xAA, 0xAA, 0xAA, 0xAA, 0xAA, 0xBB,
  0xBB, 0xBB, 0xBB, 0xBB, 0xBB, 0xBB, 0xBB, 0xBB,
  0xBB, 0xAA, 0xAA, 0xAA, 0xAA, 0xAA, 0xAA, 0xAA,
  0xAA, 0xAA, 0xAA, 0xAA, 0xAA, 0xAA, 0xAA, 0xAA,
  0xAA, 0xAA, 0xAA, 0xAA, 0xBA, 0xBB, 0xBB, 0xBB,
  0xBB, 0xBB, 0xBA, 0xAA, 0xAA, 0x77, 0x77, 0x77,
  0x77, 0xAA, 0xAA, 0xAB, 0xBC, 0xCC, 0xCC, 0xBC,
  0xBB, 0xBB, 0xAA, 0xAA, 0xBB, 0xBB, 0xBA, 0xA7,
  0xAB, 0xBC, 0xCB, 0xAA, 0x77, 0xAA, 0xAA, 0xAA,
  0xAA, 0xA7, 0x76, 0x65, 0x77, 0x7A, 0xBA, 0xA7,
  0xAB, 0xCC, 0xEC, 0xCC, 0xAA, 0xBC, 0xCD, 0xCC,
  0xAA, 0x7A, 0xAC, 0xCD, 0xCC, 0xBB, 0xAB, 0xAB,
  0xBA, 0xA7, 0x77, 0x77, 0xA7, 0x77, 0x77, 0xAA,
  0xBC, 0xCC, 0x76, 0x75, 0x67, 0x7C, 0xDC, 0xCA,
  0x7B, 0xBB, 0xED, 0x7B, 0x77, 0x7A, 0xCE, 0xDD,
  0xB7, 0x77, 0x7B, 0xCD, 0xDC, 0x77, 0x77, 0xBC,
  0xED, 0xCA, 0x76, 0x77, 0x7B, 0xBA, 0xA7, 0x7A,
  0xAC, 0xDD, 0xDC, 0x74, 0x44, 0x57, 0xDF, 0xFD,
  0xD7, 0x7A, 0xA7, 0xEC, 0x77, 0x77, 0xAC, 0xFF,
  0xEE, 0xC6, 0x67, 0x67, 0xCD, 0xEB, 0xBB, 0xAB,
  0xEC, 0xDC, 0x77, 0x77, 0x7A, 0xCD, 0xBA, 0xA7,
  0x7A, 0xAB, 0xCB, 0xBB, 0xA7, 0x47, 0x57, 0xCD,
  0xFE, 0xCD, 0x76, 0x77, 0x7D, 0xC7, 0xC7, 0xCB,
  0xDF, 0xEB, 0xDA, 0x57, 0x77, 0xBD, 0xCE, 0xBC,
  0xA7, 0xBB, 0x7B, 0x77, 0x77, 0x7C, 0xCD, 0xDB,
  0xB7, 0x77, 0x77, 0xBA, 0xBB, 0xBB, 0xCC, 0xA6,
  0x76, 0x47, 0x7D, 0xEE, 0xFA, 0x7A, 0x77, 0xDD,
  0x7C, 0x77, 0x7C, 0xDF, 0xDF, 0xC7, 0x77, 0x67,
  0x7B, 0xDD, 0xED, 0xCB, 0xA7, 0x77, 0x7A, 0xAB,
  0xCB, 0xBB, 0xAA, 0xAA, 0xA7, 0x7A, 0xAB, 0xCC,
  0xC7, 0x57, 0x47, 0xAC, 0xFE, 0xDC, 0x77, 0x77,
  0x7E, 0xAD, 0xD7, 0xAB, 0xBE, 0xED, 0xE7, 0x77,
  0x67, 0xA7, 0xEC, 0xDE, 0xDB, 0xB7, 0x77, 0x77,
  0x7A, 0xDC, 0xCC, 0xA7, 0x77, 0x7A, 0x7B, 0xAB,
  0xCB, 0xA7, 0x76, 0x5B, 0xAE, 0xFD, 0xD7, 0x77,
  0x77, 0xDC, 0xBE, 0xAB, 0xAB, 0xBD, 0xCD, 0xB7,
  0x77, 0x77, 0xAA, 0xDB, 0xCC, 0xDC, 0xC7, 0x77,
  0x77, 0x7B, 0xDD, 0xDC, 0xA7, 0x77, 0x77, 0xBC,
  0xCC, 0xBA, 0x76, 0x74, 0x7B, 0xCF, 0xDD, 0xB7,
  0x77, 0x7B, 0xD7, 0xEB, 0x7A, 0xBB, 0xDC, 0xDC,
  0x7A, 0x77, 0x7B, 0xAE, 0xCB, 0xB7, 0x7B, 0xAC,
  0xB7, 0x77, 0x77, 0xAC, 0xED, 0xDB, 0x77, 0x77,
  0xAB, 0xDD, 0xCC, 0x75, 0x75, 0x7B, 0xBF, 0xED,
  0xC7, 0x77, 0x77, 0xEB, 0xDD, 0x7A, 0x7A, 0xDD,
  0xDE, 0x7A, 0x77, 0x7B, 0xAE, 0xDD, 0xCA, 0x77,
  0x77, 0xBB, 0xCA, 0xA7, 0x77, 0xBB, 0xDC, 0xCA,
  0x77, 0x77, 0xAB, 0xBC, 0xCB, 0xA7, 0x67, 0x57,
  0x7B, 0xEC, 0xDC, 0x77, 0x77, 0xBC, 0x7E, 0xAA,
  0xAA, 0xAD, 0xBE, 0xCB, 0xB7, 0x77, 0x77, 0xDB,
  0xDC, 0xBA, 0x77, 0xA7, 0xBA, 0xAA, 0xA7, 0xBB,
  0xBC, 0xCC, 0xBA, 0x77, 0x7A, 0x7B, 0xAA, 0xBB,
  0xBB, 0x77, 0x74, 0x77, 0x7E, 0xDF, 0xEA, 0xA7,
  0x77, 0xB7, 0xEC, 0xBC, 0xAA, 0xCB, 0xDD, 0xBC,
  0x77, 0x77, 0x7C, 0xBE, 0xDC, 0xBA, 0x77, 0x77,
  0xA7, 0xBA, 0xAB, 0xBB, 0xCB, 0xCB, 0xAA, 0x77,
  0x77, 0xAB, 0xAB, 0xBB, 0xBB, 0x76, 0x76, 0x57,
  0x7D, 0xEE, 0xFB, 0xA7, 0x67, 0x77, 0xCD, 0xAD,
  0xBB, 0xBC, 0xBD, 0xAC, 0xA7, 0x77, 0x7C, 0xCD,
  0xEC, 0xC7, 0x77, 0x77, 0xA7, 0xCB, 0xBB, 0xBB,
  0xCB, 0xBB, 0x7A, 0x77, 0x7A, 0xAB, 0xAB, 0xAA,
  0xBB, 0xB7, 0x77, 0x57, 0x77, 0xFE, 0xFF, 0xA7,
  0x75, 0x7A, 0x7F, 0xDC, 0xEA, 0xBB, 0xBB, 0xC7,
  0xC7, 0x77, 0x7B, 0xDC, 0xED, 0xBA, 0x77, 0x77,
  0x7B, 0xBC, 0xBB, 0xBB, 0xBB, 0xAB, 0xA7, 0x77,
  0xAA, 0xAB, 0xBA, 0xBA, 0xAB, 0xBB, 0x77, 0x75,
  0x7A, 0x7F, 0xEF, 0xD7, 0x76, 0x67, 0xAA, 0xFD,
  0xCD, 0x7B, 0xAB, 0xCB, 0x7A, 0x77, 0x77, 0xDE,
  0xDD, 0xB7, 0x77, 0x77, 0x7B, 0xBB, 0xCA, 0xBB,
  0xBB, 0xBA, 0xA7, 0x77, 0x7B, 0xAB, 0xBA, 0x7A,
  0x7A, 0xBC, 0xC7, 0x57, 0x66, 0xCA, 0xFF, 0xEE,
  0x76, 0x75, 0x7C, 0xBF, 0xE7, 0xDA, 0xBC, 0xBC,
  0xA7, 0x77, 0x7C, 0xBF, 0xED, 0xB7, 0x77, 0x77,
  0xAB, 0xCA, 0x7A, 0xAB, 0xCB, 0xCA, 0x77, 0x7A,
  0xBB, 0xCB, 0xAA, 0x77, 0x7A, 0xAB, 0xBB, 0xBB,
  0x76, 0x77, 0x7D, 0xBF, 0xEB, 0xC7, 0x77, 0x6B,
  0xDB, 0xED, 0xAD, 0xAC, 0xB7, 0xB7, 0x7A, 0x7B,
  0xDC, 0xDC, 0xA7, 0x77, 0x77, 0xBB, 0x7B, 0xAA,
  0xBB, 0xBA, 0xA7, 0x77, 0xAB, 0xCC, 0xBA, 0xA7,
  0x77, 0xAA, 0xAA, 0x77, 0xAB, 0xCD, 0xB6, 0x77,
  0x5C, 0xCF, 0xFC, 0xC7, 0x47, 0x77, 0xEC, 0xCD,
  0xAB, 0xBC, 0xD7, 0xB7, 0x77, 0xAB, 0xED, 0xDA,
  0x77, 0x77, 0xAA, 0xBC, 0x7A, 0xAB, 0xBB, 0xBA,
  0x77, 0x77, 0xCC, 0xCC, 0xA7, 0x77, 0x7A, 0xBA,
  0xAA, 0x7A, 0xAC, 0xCB, 0x75, 0x75, 0xCF, 0xEF,
  0xC7, 0x73, 0x7A, 0x7F, 0xDA, 0xCB, 0xCD, 0xBD,
  0x77, 0x76, 0xBE, 0xEE, 0xCA, 0x76, 0x77, 0x7C,
  0xAA, 0xAA, 0xBB, 0xBB, 0x77, 0x77, 0xBC, 0xCC,
  0xBA, 0x77, 0x7A, 0xBB, 0xAA, 0x77, 0xAA, 0xBB,
  0xCC, 0x75, 0x77, 0x6F, 0xFF, 0xE7, 0x76, 0x6C,
  0xAC, 0xEC, 0xBD, 0xDD, 0xAA, 0xA6, 0x77, 0xCE,
  0xED, 0xB7, 0x77, 0x7B, 0xAA, 0xAB, 0xBC, 0xDC,
  0x77, 0x76, 0x7C, 0xEE, 0xDC, 0x77, 0x77, 0xBC,
  0xCB, 0xAA, 0xA7, 0xAA, 0x7B, 0xBB, 0xCB, 0x75,
  0x76, 0xEF, 0xFE, 0x77, 0x74, 0xCB, 0x7C, 0xBC,
  0xCD, 0xEB, 0x77, 0x67, 0xBE, 0xFD, 0xCA, 0x77,
  0x77, 0xAA, 0xBA, 0xCD, 0xCB, 0xA7, 0x67, 0x7B,
  0xCD, 0xDB, 0xB7, 0x77, 0x7A, 0xBC, 0xDC, 0xBA,
  0x77, 0x77, 0xAC, 0xCD, 0xC7, 0x37, 0x7C, 0xFE,
  0xE7, 0x7B, 0x7C, 0xCA, 0x77, 0xDC, 0xDD, 0xA5,
  0x77, 0xBC, 0xEE, 0xA7, 0xA7, 0x7A, 0xA7, 0x7B,
  0xCD, 0xDC, 0x77, 0x77, 0x7B, 0xCA, 0xAB, 0xCC,
  0xBA, 0x77, 0xAC, 0xDC, 0xB7, 0x77, 0xA7, 0x7A,
  0xAB, 0xDC, 0x74, 0x77, 0xCF, 0xDD, 0x77, 0xB7,
  0xBB, 0xA7, 0xBE, 0xDD, 0xCA, 0x67, 0x7D, 0xCD,
  0xDA, 0x7B, 0xB7, 0x77, 0x77, 0xDE, 0xDA, 0x77,
  0x77, 0xBA, 0xAA, 0xBB, 0xBC, 0xB7, 0x77, 0xAC,
  0xDD, 0xB7, 0x77, 0x77, 0x77, 0xAC, 0xCC, 0xCA,
  0x63, 0x77, 0xFE, 0xEB, 0x5B, 0xA7, 0x77, 0x77,
  0xFF, 0xEA, 0x76, 0x67, 0xDD, 0xBC, 0xDC, 0xBB,
  0x76, 0x67, 0xCD, 0xED, 0xA7, 0x77, 0x77, 0x77,
  0xAE, 0xED, 0xA7, 0x77, 0x7B, 0xCC, 0xCC, 0xAA,
  0xA7, 0x77, 0x7B, 0xCD, 0xDC, 0xA6, 0x47, 0x7F,
  0xDE, 0xA5, 0xEB, 0x76, 0x7A, 0xCF, 0xFC, 0x77,
  0x77, 0xAC, 0xAC, 0xEF, 0xCA, 0x76, 0x77, 0xDC,
  0xCC, 0xCB, 0xA7, 0x75, 0x7B, 0xEE, 0xEC, 0x77,
  0x77, 0x7B, 0xCD, 0xDC, 0xA7, 0x77, 0x7A, 0xBC,
  0xCD, 0xC7, 0x37, 0x7E, 0xFC, 0xD7, 0xCD, 0x76,
  0x5B, 0xBF, 0xFD, 0x77, 0xA7, 0x77, 0xAB, 0xEF,
  0xEA, 0x77, 0x77, 0xBB, 0xAC, 0xEE, 0xA7, 0x77,
  0x7B, 0xCC, 0xBC, 0xCA, 0x77, 0x77, 0xBB, 0xBA,
  0xBA, 0x77, 0x7A, 0xAB, 0xCB, 0x75, 0x7B, 0xEF,
  0xAD, 0x77, 0xE7, 0x64, 0xCD, 0xFF, 0xC7, 0x6B,
  0xA7, 0x77, 0xCE, 0xFE, 0x77, 0x77, 0x77, 0xBA,
  0xDF, 0xEA, 0x77, 0x77, 0xAB, 0xBC, 0xDC, 0xA7,
  0x7A, 0xBB, 0xBA, 0xAB,

  // Sample: "Let's go Mr. Driver!"
  0xAA, 0xAA, 0xAA, 0xA7, 0xAA, 0x7B, 0x77, 0xA7,
  0xA7, 0x7A, 0xA7, 0xB7, 0xBB, 0xBC, 0xBB, 0xCB,
  0xCB, 0xBC, 0xBC, 0xBA, 0xAA, 0x7A, 0x77, 0xA7,
  0xA7, 0x7A, 0x7A, 0xAA, 0xAA, 0xBA, 0xAB, 0xBA,
  0xBA, 0xAB, 0xAA, 0xAA, 0xAA, 0xAA, 0x7A, 0xAA,
  0xAA, 0xAA, 0xAA, 0xAA, 0xAA, 0xBB, 0xA7, 0xBB,
  0x7C, 0x77, 0xC7, 0xBA, 0x7C, 0x77, 0xB7, 0xCB,
  0x7D, 0xAC, 0xCA, 0xDB, 0xBC, 0xBB, 0xB7, 0xBA,
  0x7A, 0x7A, 0xA7, 0xA7, 0x7A, 0x7A, 0xAA, 0xBA,
  0xBB, 0xAB, 0xBA, 0xBB, 0xBA, 0xAA, 0xAA, 0xA7,
  0x7A, 0xA7, 0x7A, 0xAA, 0xAA, 0xAB, 0xBB, 0xBB,
  0xBC, 0xB7, 0x7D, 0xA5, 0x77, 0x77, 0xA7, 0x7E,
  0xC7, 0xCE, 0xB7, 0xDA, 0x7B, 0xA7, 0xAB, 0x77,
  0xCA, 0x7C, 0xBA, 0xCC, 0xA7, 0xCA, 0x7A, 0xA7,
  0xAA, 0x7A, 0xBA, 0xAC, 0xAA, 0xAA, 0xBA, 0xA7,
  0xAB, 0xAA, 0xBA, 0xAA, 0xAA, 0xBA, 0x7A, 0xAA,
  0xAA, 0x7A, 0xAA, 0xAB, 0xBB, 0xCC, 0x76, 0xFC,
  0x4C, 0xE7, 0x7C, 0xA7, 0xCD, 0x7B, 0xFA, 0x7E,
  0xA7, 0xBA, 0xAC, 0xB7, 0xBE, 0xA7, 0xCB, 0x7B,
  0xA7, 0xBB, 0x77, 0xCB, 0xAA, 0xBA, 0xBA, 0x7B,
  0xB7, 0x7A, 0xAA, 0xAB, 0xBB, 0xA7, 0xAA, 0x77,
  0xAA, 0x77, 0x7B, 0xBA, 0xAB, 0xCB, 0xBD, 0xC6,
  0x5F, 0xC6, 0x7E, 0x77, 0xCC, 0xAC, 0xD7, 0x7E,
  0x77, 0xDA, 0x7B, 0xAB, 0xCC, 0x7C, 0xEA, 0x7C,
  0xA7, 0xAA, 0x7C, 0xC7, 0xBD, 0xCA, 0xBB, 0xAA,
  0xA7, 0x7B, 0xA7, 0xBB, 0xAB, 0xBA, 0xBA, 0x77,
  0xA7, 0x77, 0x7A, 0xA7, 0xBC, 0xBA, 0xBC, 0xCC,
  0x74, 0xEE, 0x77, 0xFA, 0x7A, 0xCA, 0x7E, 0xA7,
  0xFC, 0x6C, 0xC7, 0x7A, 0xBA, 0xCA, 0x7D, 0xB7,
  0xAB, 0x77, 0xA7, 0xBB, 0xA7, 0xCC, 0xAA, 0xBB,
  0xA7, 0xAA, 0x7A, 0xA7, 0xBB, 0xAA, 0xBB, 0xBA,
  0xAB, 0xA7, 0x7A, 0xAA, 0xAB, 0xCB, 0xCB, 0x77,
  0xFC, 0x6C, 0xD7, 0x7B, 0xB7, 0xCD, 0x7B, 0xFA,
  0x7D, 0xA7, 0x77, 0xAA, 0xB7, 0xBD, 0xA7, 0xCB,
  0xAB, 0xA7, 0xBA, 0x77, 0xBA, 0xAB, 0xAB, 0xCA,
  0xAB, 0xBA, 0x7A, 0xA7, 0x7A, 0xAB, 0xA7, 0xBC,
  0xA7, 0xBB, 0xAA, 0xBC, 0xC7, 0x5D, 0xE7, 0x6E,
  0xB7, 0xAD, 0xA7, 0xFB, 0x7E, 0xE7, 0x7D, 0x77,
  0xBA, 0x7B, 0xB7, 0xBC, 0x77, 0xCB, 0x7B, 0xA7,
  0xBA, 0x7A, 0xCA, 0x7B, 0xBA, 0xAA, 0x7B, 0xB7,
  0x7B, 0xA7, 0xAA, 0xAB, 0x7A, 0xBA, 0xBC, 0xCA,
  0x67, 0xFB, 0x67, 0xC7, 0x77, 0xA7, 0xCE, 0x77,
  0xFC, 0x7D, 0xCB, 0xAB, 0xA7, 0xBA, 0x77, 0xAA,
  0x7B, 0xBB, 0xBB, 0xBB, 0xBB, 0xBB, 0xA7, 0x77,
  0x77, 0x77, 0xA7, 0x77, 0xAA, 0xAA, 0xAB, 0xAA,
  0xBB, 0xBB, 0xA7, 0xBD, 0x77, 0xAA, 0x77, 0xA7,
  0x7C, 0xC7, 0x7D, 0xBA, 0xCB, 0xBB, 0xCB, 0xAB,
  0xBA, 0xAA, 0xAA, 0xAA, 0xAA, 0xAA, 0xAA, 0xAA,
  0xAA, 0xAA, 0xAA, 0xAA, 0xAA, 0xAA, 0xAA, 0xAA,
  0xAA, 0xAA, 0xAA, 0xAA, 0xAA, 0xAA, 0xAA, 0xAA,
  0xA7, 0xAA, 0xA7, 0xAA, 0xAA, 0xAA, 0xAB, 0xBA,
  0xBB, 0xBB, 0xBB, 0xBB, 0xCB, 0xBC, 0xBB, 0xBB,
  0xBB, 0xBB, 0xAA, 0xAA, 0xAA, 0xA7, 0x77, 0x77,
  0x77, 0x77, 0x77, 0x77, 0x77, 0x77, 0x77, 0x77,
  0xAA, 0xAB, 0xBB, 0xBB, 0xBB, 0xCB, 0xBC, 0xBB,
  0xBB, 0xBB, 0xBA, 0xAA, 0xAA, 0xAA, 0xAA, 0xAA,
  0x7A, 0xA7, 0xAA, 0xAA, 0xAA, 0xAA, 0xAA, 0xBB,
  0xBB, 0xBB, 0xBB, 0xBB, 0xBB, 0xBB, 0xBA, 0xAA,
  0xAA, 0xAA, 0xAA, 0xAA, 0xAA, 0xAA, 0xAA, 0xAA,
  0xAA, 0xAA, 0xAA, 0xAA, 0xAA, 0xAA, 0xAA, 0xAA,
  0xAA, 0xAA, 0xAA, 0xAA, 0xAA, 0xAA, 0xAA, 0xAA,
  0xAA, 0xAA, 0xAA, 0xAA, 0xAA, 0xAA, 0xAA, 0xAA,
  0xAA, 0xAA, 0xAA, 0xAA, 0xBB, 0xBB, 0xBB, 0xBB,
  0xBB, 0xBB, 0xBB, 0xBB, 0xBB, 0xBB, 0xAA, 0xAA,
  0xAA, 0xAA, 0xAA, 0xAA, 0xAA, 0xAA, 0xAA, 0xAA,
  0xAA, 0xAA, 0xAA, 0xAA, 0xAA, 0xAA, 0xAA, 0xAA,
  0xAA, 0xAA, 0xAA, 0xAA, 0xAA, 0xAA, 0xAA, 0xAA,
  0xAA, 0xAA, 0xAA, 0xAA, 0xBA, 0xAA, 0xAA, 0xAA,
  0xAA, 0xAA, 0xAA, 0xAA, 0xAA, 0xAA, 0xAA, 0xAA,
  0xAA, 0xAA, 0xAA, 0xAA, 0xAA, 0xAA, 0xAA, 0xAA,
  0xAA, 0xAA, 0xAA, 0xAA, 0xAA, 0xAA, 0xAA, 0xAA,
  0xAA, 0xAA, 0xAA, 0xAA, 0xAA, 0xAA, 0xAA, 0xAA,
  0xAA, 0xAA, 0xAA, 0xAA, 0xAA, 0xAA, 0xAA, 0xAA,
  0xAA, 0xAA, 0xAA, 0xAA, 0xAA, 0xAA, 0xAA, 0xAA,
  0xAA, 0xAA, 0xAA, 0xAA, 0xAA, 0xAA, 0xAA, 0xAA,
  0xAA, 0xAA, 0xAA, 0xAA, 0xAA, 0xAA, 0xAA, 0xAA,
  0xAA, 0xAA, 0xAA, 0xAA, 0xAA, 0xAA, 0xAA, 0xAA,
  0xAA, 0xAA, 0xAA, 0xAA, 0xAA, 0xAA, 0xAA, 0xAA,
  0xAA, 0xAA, 0xAA, 0xAA, 0xAA, 0xAA, 0xAA, 0xAA,
  0xAA, 0xAA, 0xAA, 0xAA, 0xAA, 0xAA, 0xAA, 0xAA,
  0xAA, 0xAA, 0xAA, 0xAA, 0xAA, 0xAA, 0xAA, 0xAA,
  0xAA, 0xAA, 0xAA, 0xAA, 0xAA, 0xAA, 0xAA, 0xAA,
  0xAA, 0xAA, 0xAA, 0xAA, 0xAA, 0xAA, 0xAA, 0xAA,
  0xAA, 0xAA, 0xAA, 0xAA, 0xAA, 0xAA, 0xAA, 0xAA,
  0xAA, 0xAA, 0xAA, 0xAA, 0xAA, 0xAA, 0xAA, 0xBA,
  0xAA, 0xAA, 0xAA, 0xAA, 0xAA, 0xAA, 0xAA, 0xAA,
  0xAA, 0xAA, 0xAA, 0xAA, 0xAA, 0xAA, 0xAA, 0xAA,
  0xAA, 0xAA, 0xAA, 0xAA, 0xAA, 0xAA, 0xAA, 0xAA,
  0xAA, 0xAA, 0xAA, 0xAA, 0xAA, 0xAA, 0xAA, 0xAA,
  0xAA, 0xAA, 0xAA, 0xAA, 0xAB, 0xBA, 0xAA, 0xAB,
  0xAA, 0xAA, 0xAB, 0xAA, 0xAA, 0xAA, 0xAA, 0xAA,
  0xAA, 0xAA, 0xAA, 0xAA, 0xAA, 0xAA, 0xAA, 0xAA,
  0xAA, 0xAA, 0xAA, 0xAA, 0xAA, 0xAA, 0xAA, 0xAA,
  0xAA, 0xAA, 0xAA, 0xAA, 0xAA, 0xAA, 0xAA, 0xAA,
  0xAA, 0xAA, 0xAA, 0xAA, 0xAA, 0xAA, 0xAA, 0xAA,
  0xAA, 0xAA, 0xAA, 0xAA, 0xAA, 0xAA, 0xAA, 0xAA,
  0xAA, 0xAA, 0xAA, 0xAA, 0xAA, 0xAA, 0xAA, 0xAA,
  0xAA, 0xAA, 0xAA, 0xAA, 0xAA, 0xAA, 0xAA, 0xAA,
  0xAA, 0xAA, 0xAA, 0xAA, 0xAA, 0xAA, 0xAA, 0xAA,
  0xAA, 0xAA, 0xAA, 0xAA, 0xAA, 0xAA, 0xAA, 0xAA,
  0xAA, 0xAA, 0xAA, 0xAA, 0xAA, 0xAA, 0xAA, 0xAA,
  0xAA, 0xAA, 0xAA, 0xAA, 0xAA, 0xAA, 0xAA, 0xAA,
  0xAA, 0xAA, 0xAA, 0xAA, 0xAA, 0xAA, 0xAA, 0xAA,
  0xAA, 0xAA, 0xAA, 0xAB, 0xAA, 0xAB, 0xAA, 0xAA,
  0xAA, 0xAA, 0xAA, 0xBA, 0xAA, 0xAA, 0xAA, 0xAA,
  0xAA, 0xAA, 0xAA, 0xBA, 0xAA, 0xAA, 0xAA, 0xAA,
  0xAA, 0xAA, 0xAA, 0xAA, 0xAA, 0xAA, 0xAA, 0xAA,
  0xAA, 0xAA, 0xAA, 0xAA, 0xAA, 0xAA, 0xAA, 0xAA,
  0xAA, 0xAA, 0xAA, 0xAA, 0xAA, 0xAA, 0xAA, 0xAA,
  0xAA, 0xAA, 0xAA, 0xAA, 0xAA, 0xAA, 0xAA, 0xAA,
  0xAA, 0xAA, 0xAA, 0xAA, 0xAA, 0xAA, 0xAA, 0xAA,
  0xAA, 0xAA, 0xAA, 0xAA, 0xAA, 0xAA, 0xAA, 0xAA,
  0xAA, 0xAA, 0xBA, 0xAA, 0xAA, 0xAA, 0xAA, 0xAA,
  0xAA, 0xAA, 0xAA, 0xAA, 0xAA, 0xAA, 0xAA, 0xAA,
  0xAA, 0xAA, 0xAA, 0xAA, 0xAA, 0xAA, 0xAA, 0xAA,
  0xAB, 0xAA, 0xAA, 0xAA, 0xAB, 0xAA, 0xAA, 0xAB,
  0xAA, 0xAA, 0xAA, 0xAA, 0xBB, 0xAA, 0xAA, 0xAA,
  0xAB, 0xBA, 0xAA, 0xBA, 0xAA, 0xAA, 0xAA, 0xAA,
  0xAA, 0xAA, 0xAA, 0xBA, 0xAA, 0xAA, 0xBA, 0xAA,
  0xBA, 0xAA, 0xAA, 0xAA, 0xAA, 0xAA, 0xAB, 0xB7,
  0xAA, 0xAA, 0xBA, 0xAB, 0xBA, 0xAA, 0xAB, 0xAA,
  0xAA, 0xAA, 0xBB, 0xAA, 0xBA, 0xAB, 0xBA, 0xBA,
  0xBA, 0xBA, 0xAA, 0xAB, 0xAB, 0xBA, 0xAA, 0xBA,
  0xBB, 0xAB, 0xAA, 0xAA, 0xAB, 0xAA, 0x7A, 0xBB,
  0xB7, 0x7A, 0xBB, 0xAA, 0xAA, 0xAA, 0xAA, 0xAA,
  0xAA, 0xAB, 0xAA, 0xAA, 0xAA, 0xAB, 0xBA, 0xAA,
  0xAA, 0xAB, 0xBA, 0xAA, 0xAA, 0xAA, 0xAA, 0xAA,
  0xAA, 0xAA, 0xAA, 0xAA, 0xAA, 0xAB, 0xAA, 0xAA,
  0xBB, 0xBA, 0xAA, 0xAA, 0xAA, 0xAA, 0xAA, 0xAA,
  0xAA, 0xAA, 0xAA, 0xBA, 0xAA, 0xAA, 0xAA, 0xAA,
  0xAA, 0xAA, 0xAA, 0xAA, 0xAA, 0xAA, 0xAA, 0xAA,
  0xAA, 0xAA, 0xAA, 0xAA, 0xAA, 0xAA, 0xAA, 0xAA,
  0xAA, 0xAA, 0xAA, 0xAA, 0xAA, 0xAA, 0xAA, 0xAA,
  0xAA, 0xAA, 0xAA, 0xAA, 0xAA, 0xAA, 0xAA, 0xAA,
  0xAA, 0xAA, 0xAA, 0xAA, 0xAA, 0xAA, 0xAA, 0xAA,
  0xAA, 0xAA, 0xAA, 0xAA, 0xAA, 0xAA, 0xAA, 0xAA,
  0xAA, 0xAA, 0xAA, 0xAA, 0xAA, 0xAA, 0xAA, 0xAA,
  0xAA, 0xAA, 0xAA, 0xAA, 0xAA, 0xAA, 0xAA, 0xAA,
  0xAA, 0xAA, 0xAA, 0xAA, 0xAA, 0xAA, 0xAA, 0xAA,
  0xAA, 0xAA, 0xAA, 0xAA, 0xAA, 0xAA, 0xAA, 0xAA,
  0xAA, 0xAA, 0xAA, 0xAA, 0xAA, 0xAA, 0xAA, 0xAA,
  0xAA, 0xAA, 0xAA, 0xAA, 0xAA, 0xAA, 0xAA, 0xAA,
  0xAA, 0xAA, 0xAA, 0xAA, 0xAA, 0xAA, 0xAA, 0xAA,
  0xAA, 0xAA, 0xAA, 0xAA, 0xAA, 0xAA, 0xAA, 0xAA,
  0xAA, 0xAA, 0xAA, 0xAA, 0xAA, 0xAA, 0xAA, 0xAA,
  0xAA, 0xAA, 0xAA, 0xAA, 0xAA, 0xAA, 0xAA, 0xAA,
  0xAA, 0xAA, 0xAA, 0xAA, 0xAA, 0xAA, 0xAA, 0xAA,
  0xAA, 0xAA, 0xAA, 0xAA, 0xAA, 0xAA, 0xAA, 0xAA,
  0xAA, 0xAA, 0xAA, 0xAA, 0xAA, 0xAA, 0xAA, 0xAA,
  0xAA, 0xAA, 0xAA, 0xAA, 0xAA, 0xAA, 0xAA, 0xAA,
  0xAA, 0xAA, 0xAA, 0xAA, 0xAA, 0xAA, 0xAA, 0xAA,
  0xAA, 0xAA, 0xAA, 0xAA, 0xAA, 0xAA, 0xAA, 0xAA,
  0xAA, 0xAA, 0xAA, 0xAA, 0xAA, 0xAA, 0xAA, 0xAA,
  0xAA, 0xAA, 0xAA, 0xAA, 0xAA, 0xAA, 0xAA, 0xAA,
  0xAA, 0xAA, 0xAA, 0xAA, 0xAA, 0xAA, 0xAA, 0xAA,
  0xAA, 0xAA, 0xAA, 0xAA, 0xAA, 0xAA, 0xAA, 0xAA,
  0xAA, 0xAA, 0xAA, 0xAA, 0xAA, 0xAA, 0xAA, 0xAA,
  0xAA, 0xAA, 0xAA, 0xAA, 0xAA, 0xAA, 0xAA, 0xAA,
  0xAA, 0xAA, 0xAA, 0xAA, 0xAA, 0xAA, 0xAA, 0xAA,
  0xAA, 0xAA, 0xAA, 0xAA, 0xAA, 0xAA, 0xAA, 0xAA,
  0xAA, 0xAA, 0xAA, 0xAA, 0xAA, 0xAA, 0xAA, 0xAA,
  0xAA, 0xAA, 0xAA, 0xAA, 0xAA, 0xAA, 0xAA, 0xAA,
  0xAA, 0xAA, 0xAA, 0xAA, 0xAA, 0xAA, 0xAA, 0xAA,
  0xAA, 0xAA, 0xAA, 0xAA, 0xAA, 0xAA, 0xAA, 0xAA,
  0xAA, 0xAA, 0xAA, 0xAA, 0xAA, 0xAA, 0xAA, 0xAA,
  0xAA, 0xAA, 0xAA, 0xAA, 0xAA, 0xAA, 0xAA, 0xAA,
  0xAA, 0xAA, 0xAA, 0xAA, 0xAA, 0xAA, 0xAA, 0xAA,
  0xAA, 0xAA, 0xAA, 0xAA, 0xAA, 0xAA, 0xAA, 0xAA,
  0xAA, 0xAA, 0xAA, 0xAA, 0xAA, 0xAA, 0xAA, 0xAA,
  0xAA, 0xAA, 0xAA, 0xAA, 0xAA, 0xAA, 0xAA, 0xAA,
  0xAA, 0xAA, 0xAA, 0xAA, 0xAA, 0xAA, 0xAA, 0xAA,
  0xAA, 0xAA, 0xAA, 0xAA, 0xAA, 0xAA, 0xAA, 0xAA,
  0xAA, 0xAA, 0xAA, 0xAA, 0xAA, 0xAA, 0xAA, 0xAA,
  0xAA, 0xAA, 0xAA, 0xAA, 0xAA, 0xAA, 0xAA, 0xAA,
  0xAA, 0xAA, 0xAA, 0xAA, 0xAA, 0xAA, 0xAA, 0xAA,
  0xAA, 0xAA, 0xBA, 0xAB, 0xB7, 0xAC, 0xB7, 0xCB,
  0x77, 0xBC, 0x77, 0xBB, 0x77, 0xCC, 0x77, 0xB7,
  0xAA, 0xB7, 0xA7, 0xBB, 0xA7, 0xBC, 0xA7, 0x7B,
  0xA7, 0xAC, 0xB7, 0xBD, 0xA7, 0xBE, 0xC7, 0xBA,
  0xAB, 0xB7, 0x77, 0xAA, 0x77, 0xAA, 0x7C, 0xA7,
  0x7C, 0xBB, 0xBB, 0xAA, 0xAA, 0xBA, 0xAA, 0xBB,
  0xAA, 0xBB, 0xBB, 0xBC, 0xCC, 0xBB, 0xBA, 0xAB,
  0xAA, 0xAB, 0xA7, 0x77, 0x77, 0x77, 0x7A, 0xA7,
  0x77, 0xA7, 0x7B, 0xBA, 0xAB, 0xBA, 0xAB, 0xBB,
  0xBB, 0xBB, 0xBC, 0xCB, 0xBC, 0xCD, 0xCB, 0xBB,
  0xA7, 0xBA, 0x76, 0x77, 0x76, 0x67, 0x77, 0x77,
  0xBB, 0xBC, 0xCC, 0xBC, 0xBB, 0xAB, 0xBB, 0xBB,
  0xCC, 0xCD, 0xDC, 0xCC, 0xB7, 0xA7, 0x76, 0x67,
  0x76, 0x67, 0x77, 0xAB, 0xCD, 0xDE, 0xDC, 0xCC,
  0xC7, 0xAA, 0xBA, 0xBB, 0xCD, 0xED, 0xCA, 0x7C,
  0xA7, 0x55, 0x76, 0x66, 0x77, 0x7D, 0xDC, 0xDF,
  0xFD, 0xCB, 0xB7, 0xAA, 0xAB, 0xCC, 0xBC, 0xEE,
  0xC7, 0x57, 0x77, 0x54, 0x56, 0x7B, 0xA7, 0xDF,
  0xFC, 0xCC, 0xB7, 0x77, 0x77, 0xCD, 0xCC, 0xED,
  0xDE, 0xFE, 0xB7, 0x04, 0x66, 0x64, 0x57, 0xDF,
  0xEA, 0xBD, 0xEC, 0x76, 0x67, 0x77, 0xAC, 0xEF,
  0xED, 0xBA, 0xCF, 0xFE, 0xB6, 0x02, 0x77, 0x76,
  0x77, 0xEF, 0xF7, 0x66, 0x77, 0x77, 0x77, 0xDF,
  0xED, 0xBA, 0x7B, 0xCB, 0xBD, 0xFF, 0xDB, 0x62,
  0x57, 0xA7, 0x77, 0x7B, 0xFC, 0x77, 0x77, 0xAD,
  0xC7, 0x7C, 0xCC, 0xBB, 0x77, 0xCD, 0xCD, 0xED,
  0xEE, 0xC7, 0x04, 0x57, 0x7C, 0xA7, 0x7F, 0xDC,
  0xB7, 0x67, 0xBB, 0xAB, 0xC7, 0xAD, 0xDB, 0xAA,
  0xA7, 0xDF, 0xED, 0xDB, 0x74, 0x66, 0x77, 0xBA,
  0x77, 0xDB, 0xBB, 0x77, 0x7A, 0xBA, 0xCC, 0xAA,
  0xBB, 0xAB, 0xAA, 0xAD, 0xDD, 0xDD, 0xCB, 0x75,
  0x66, 0x77, 0xCA, 0x77, 0xCB, 0xCB, 0xA7, 0x77,
  0xAA, 0xCB, 0xAA, 0xBA, 0xBC, 0xCB, 0xCC, 0xCD,
  0xDC, 0xC7, 0x35, 0x57, 0xBC, 0xA7, 0x7B, 0xAD,
  0xCA, 0x77, 0x77, 0xBD, 0xBB, 0xA7, 0xAB, 0xCC,
  0xCC, 0xBC, 0xDD, 0xDC, 0x75, 0x56, 0x7C, 0xDB,
  0x77, 0xA7, 0xDC, 0xA7, 0x77, 0x7B, 0xDB, 0xCA,
  0x77, 0xBC, 0xDD, 0xCB, 0xCD, 0xDD, 0xB6, 0x54,
  0x67, 0xDD, 0xC7, 0xA7, 0x7D, 0xCB, 0xA7, 0x77,
  0xBC, 0xDD, 0xA7, 0x77, 0xCE, 0xED, 0xCC, 0xBC,
  0xC7, 0x65, 0x46, 0x7C, 0xDC, 0xBA, 0x7B, 0xBB,
  0xBA, 0x77, 0x7A, 0xBD, 0xCA, 0x77, 0xBD, 0xED,
  0xDC, 0xCB, 0xB7, 0x55, 0x46, 0x7C, 0xDC, 0xBA,
  0x7A, 0xBB, 0xBA, 0x77, 0x7A, 0xBC, 0xCA, 0xAA,
  0xAD, 0xEE, 0xEE, 0xCB, 0xB7, 0x55, 0x46, 0x7B,
  0xCC, 0xBA, 0x7B, 0xBA, 0xBA, 0x77, 0x77, 0xAB,
  0xBA, 0xBB, 0xCE, 0xED, 0xDD, 0xDC, 0xB7, 0x43,
  0x36, 0x7C, 0xCC, 0xB7, 0x7B, 0xBC, 0xCA, 0x77,
  0x77, 0x7B, 0xBB, 0xCC, 0xCD, 0xDE, 0xEE, 0xEC,
  0x74, 0x22, 0x47, 0xAC, 0xCB, 0xA7, 0xBC, 0xDD,
  0xC7, 0x77, 0x77, 0x7B, 0xCD, 0xDD, 0xDD, 0xDE,
  0xFF, 0xEC, 0x74, 0x00, 0x47, 0xBC, 0xCB, 0x77,
  0xBD, 0xEE, 0xCA, 0x76, 0x57, 0x7B, 0xDE, 0xDC,
  0xCC, 0xCE, 0xFF, 0xFC, 0x73, 0x00, 0x37, 0xBC,
  0xCA, 0x77, 0xBE, 0xFF, 0xEB, 0x75, 0x46, 0x7B,
  0xEE, 0xDC, 0xBA, 0xBE, 0xFF, 0xFE, 0x74, 0x00,
  0x25, 0x7B, 0xBA, 0x77, 0xAD, 0xFF, 0xFE, 0xA6,
  0x44, 0x67, 0xDF, 0xED, 0xB7, 0x7C, 0xFF, 0xFF,
  0xB7, 0x00, 0x03, 0x77, 0xB7, 0x77, 0x7B, 0xFF,
  0xFF, 0xE7, 0x64, 0x57, 0xBE, 0xEE, 0xB7, 0x77,
  0xEF, 0xFF, 0xD7, 0x40, 0x02, 0x57, 0xA7, 0x76,
  0x77, 0xDF, 0xFF, 0xFD, 0x76, 0x67, 0xCE, 0xFE,
  0xC7, 0x77, 0x7D, 0xEE, 0xD7, 0x64, 0x34, 0x67,
  0x77, 0x77, 0x77, 0xBE, 0xFF, 0xFF, 0xCA, 0x7A,
  0xBE, 0xFE, 0xDB, 0x77, 0x77, 0x77, 0x77, 0x77,
  0x65, 0x66, 0x77, 0xAB, 0xBC, 0xCC, 0xDD, 0xEE,
  0xED, 0xDC, 0xCB, 0xCC, 0xDD, 0xDC, 0xB7, 0x75,
  0x55, 0x67, 0x77, 0x76, 0x67, 0x77, 0xCE, 0xFF,
  0xFE, 0xCC, 0xCC, 0xEE, 0xED, 0xCB, 0xAA, 0xAB,
  0xA7, 0x76, 0x66, 0x66, 0x77, 0x77, 0x77, 0x77,
  0xAC, 0xEF, 0xFF, 0xED, 0xDD, 0xDD, 0xDD, 0xDC,
  0xCB, 0xBA, 0x77, 0x66, 0x56, 0x77, 0x77, 0x77,
  0x77, 0x77, 0xCD, 0xFF, 0xFE, 0xDD, 0xDD, 0xDE,
  0xDD, 0xCC, 0xBB, 0xBA, 0x77, 0x76, 0x56, 0x66,
  0x77, 0x77, 0x77, 0x77, 0xAC, 0xEF, 0xFF, 0xFE,
  0xDD, 0xDD, 0xDD, 0xCC, 0xCB, 0xBA, 0x77, 0x76,
  0x67, 0x67, 0x77, 0x77, 0x67, 0x77, 0x7A, 0xCE,
  0xFF, 0xFF, 0xED, 0xDD, 0xDD, 0xDD, 0xCC, 0xCB,
  0xA7, 0x77, 0x66, 0x66, 0x77, 0x77, 0x77, 0x77,
  0x77, 0xAC, 0xDE, 0xFF, 0xFF, 0xEE, 0xDD, 0xDD,
  0xCC, 0xCB, 0xBB, 0xA7, 0x77, 0x66, 0x66, 0x66,
  0x77, 0x77, 0x77, 0x77, 0xAC, 0xDF, 0xFF, 0xFF,
  0xEE, 0xDD, 0xCC, 0xCC, 0xCC, 0xBB, 0xA7, 0x77,
  0x76, 0x66, 0x66, 0x77, 0x77, 0x77, 0x77, 0x7B,
  0xDE, 0xEF, 0xFE, 0xED, 0xDD, 0xCC, 0xCC, 0xCC,
  0xCB, 0xBB, 0xA7, 0x77, 0x66, 0x66, 0x67, 0x77,
  0x77, 0x77, 0x77, 0xBC, 0xDE, 0xFE, 0xFE, 0xED,
  0xDC, 0xCC, 0xDC, 0xCC, 0xBC, 0xBB, 0xBA, 0x77,
  0x75, 0x55, 0x56, 0x77, 0x77, 0x77, 0x77, 0x7B,
  0xCE, 0xEE, 0xFE, 0xED, 0xDC, 0xCD, 0xCC, 0xCC,
  0xCC, 0xCC, 0xCA, 0xA7, 0x76, 0x67, 0x77, 0x77,
  0x77, 0x77, 0x77, 0x77, 0xAB, 0xCC, 0xDD, 0xDD,
  0xDD, 0xDD, 0xDD, 0xDD, 0xDD, 0xDD, 0xDC, 0xCA,
  0x77, 0x77, 0x77, 0x76, 0x65, 0x55, 0x55, 0x66,
  0x77, 0x77, 0xBC, 0xCD, 0xDE, 0xEE, 0xEE, 0xEE,
  0xEE, 0xEE, 0xEE, 0xEE, 0xDC, 0xAA, 0x77, 0x77,
  0x65, 0x55, 0x44, 0x44, 0x45, 0x56, 0x77, 0x7A,
  0xBC, 0xDD, 0xEE, 0xFE, 0xFF, 0xFF, 0xFF, 0xFF,
  0xEE, 0xED, 0xDC, 0xA7, 0x77, 0x66, 0x65, 0x45,
  0x44, 0x44, 0x44, 0x56, 0x77, 0x7B, 0xCC, 0xDE,
  0xEF, 0xFF, 0xFF, 0xFF, 0xFF, 0xFF, 0xFE, 0xED,
  0xDC, 0xBA, 0x77, 0x77, 0x66, 0x65, 0x44, 0x44,
  0x44, 0x45, 0x67, 0x77, 0xAB, 0xCD, 0xDE, 0xEF,
  0xFF, 0xFF, 0xFF, 0xFF, 0xFF, 0xFE, 0xDD, 0xDC,
  0xBA, 0x77, 0x77, 0x56, 0x54, 0x44, 0x44, 0x44,
  0x45, 0x67, 0x77, 0xBB, 0xCD, 0xEE, 0xFF, 0xFF,
  0xFF, 0xFF, 0xFF, 0xFF, 0xEE, 0xDD, 0xCB, 0xA7,
  0x77, 0x76, 0x55, 0x43, 0x33, 0x33, 0x34, 0x45,
  0x77, 0x7A, 0xBC, 0xDD, 0xEF, 0xFF, 0xFF, 0xFF,
  0xFF, 0xFF, 0xFF, 0xEE, 0xDD, 0xCB, 0xA7, 0x77,
  0x76, 0x55, 0x43, 0x33, 0x33, 0x34, 0x45, 0x77,
  0x77, 0xBB, 0xCD, 0xEE, 0xFF, 0xFF, 0xFF, 0xFF,
  0xFF, 0xFF, 0xFE, 0xDD, 0xCC, 0xBA, 0x77, 0x77,
  0x55, 0x54, 0x43, 0x44, 0x44, 0x45, 0x67, 0x77,
  0xAB, 0xCC, 0xDE, 0xFF, 0xFF, 0xFF, 0xFF, 0xFF,
  0xFF, 0xFE, 0xDD, 0xCC, 0xBA, 0x77, 0x77, 0x75,
  0x55, 0x43, 0x34, 0x44, 0x45, 0x56, 0x77, 0x7B,
  0xBC, 0xDE, 0xFF, 0xFF, 0xFF, 0xFF, 0xFF, 0xFF,
  0xFF, 0xED, 0xDC, 0xCB, 0xA7, 0x77, 0x76, 0x54,
  0x44, 0x44, 0x44, 0x44, 0x45, 0x67, 0x77, 0xBC,
  0xDD, 0xEF, 0xFF, 0xFF, 0xFF, 0xFF, 0xFF, 0xFF,
  0xFE, 0xED, 0xCC, 0xBA, 0x77, 0x77, 0x65, 0x44,
  0x43, 0x34, 0x44, 0x45, 0x56, 0x77, 0x7A, 0xCC,
  0xDE, 0xFF, 0xFF, 0xFF, 0xFF, 0xFF, 0xFF, 0xFE,
  0xED, 0xDC, 0xCB, 0xA7, 0x77, 0x75, 0x55, 0x44,
  0x44, 0x44, 0x44, 0x55, 0x77, 0x77, 0xBC, 0xCE,
  0xEF, 0xFF, 0xFF, 0xFF, 0xFF, 0xFF, 0xFE, 0xED,
  0xDD, 0xCB, 0xB7, 0x77, 0x76, 0x55, 0x54, 0x43,
  0x44, 0x44, 0x55, 0x67, 0x77, 0x7C, 0xCD, 0xDE,
  0xFF, 0xFF, 0xFF, 0xFF, 0xFF, 0xFF, 0xEE, 0xDD,
  0xCC, 0xBA, 0xA7, 0x77, 0x76, 0x55, 0x44, 0x44,
  0x44, 0x45, 0x66, 0x77, 0x7A, 0xBC, 0xDD, 0xEF,
  0xFF, 0xFF, 0xFF, 0xFF, 0xFF, 0xEE, 0xED, 0xDC,
  0xCB, 0xA7, 0x77, 0x76, 0x55, 0x54, 0x44, 0x44,
  0x44, 0x56, 0x77, 0x77, 0xAC, 0xDD, 0xEE, 0xFF,
  0xFF, 0xFF, 0xFF, 0xFF, 0xEE, 0xDD, 0xDC, 0xCB,
  0xBA, 0x77, 0x77, 0x66, 0x55, 0x44, 0x44, 0x44,
  0x56, 0x67, 0x77, 0xAB, 0xCD, 0xEE, 0xFF, 0xFF,
  0xFF, 0xFF, 0xFF, 0xEE, 0xED, 0xDD, 0xCB, 0xBA,
  0x77, 0x77, 0x66, 0x55, 0x44, 0x44, 0x44, 0x55,
  0x67, 0x77, 0xAB, 0xCC, 0xDE, 0xEE, 0xFF, 0xFF,
  0xFF, 0xFF, 0xEE, 0xED, 0xDC, 0xCB, 0xA7, 0x77,
  0x77, 0x76, 0x65, 0x55, 0x55, 0x45, 0x56, 0x77,
  0x77, 0x7B, 0xCC, 0xDD, 0xEE, 0xFF, 0xFF, 0xFF,
  0xFE, 0xEE, 0xED, 0xDC, 0xCB, 0xAA, 0x77, 0x77,
  0x76, 0x65, 0x55, 0x55, 0x45, 0x56, 0x77, 0x77,
  0x7B, 0xCC, 0xDD, 0xDE, 0xEF, 0xFE, 0xEE, 0xEE,
  0xED, 0xDD, 0xDD, 0xCC, 0xBA, 0x77, 0x77, 0x75,
  0x56, 0x55, 0x55, 0x56, 0x77, 0x77, 0xBC, 0xCD,
  0xEE, 0xFF, 0xED, 0xDD, 0xCB, 0xBC, 0xBB, 0xBB,
  0xBB, 0xCD, 0xCC, 0xCA, 0x77, 0xA7, 0x66, 0x76,
  0x55, 0x56, 0x77, 0x77, 0xBD, 0xEE, 0xFF, 0xFE,
  0xDD, 0xCB, 0x77, 0x77, 0x77, 0xAB, 0xBC, 0xDE,
  0xEE, 0xDB, 0xAB, 0xA7, 0x67, 0x75, 0x44, 0x55,
  0x67, 0x7B, 0xCD, 0xEF, 0xFF, 0xFE, 0xED, 0xC7,
  0x77, 0x77, 0x77, 0xAA, 0xAC, 0xEF, 0xFE, 0xED,
  0xAB, 0xB7, 0x65, 0x65, 0x33, 0x44, 0x57, 0x77,
  0xCD, 0xEF, 0xFF, 0xFF, 0xFE, 0xCA, 0x77, 0x77,
  0x77, 0x77, 0xAB, 0xDE, 0xFF, 0xFF, 0xEB, 0x7B,
  0xA6, 0x44, 0x54, 0x33, 0x45, 0x77, 0x7C, 0xEE,
  0xFF, 0xFF, 0xFF, 0xEC, 0xB7, 0x77, 0x77, 0x77,
  0x7A, 0xBC, 0xEE, 0xEE, 0xEE, 0xDC, 0x77, 0x77,
  0x52, 0x45, 0x44, 0x56, 0x77, 0x7B, 0xEE, 0xEF,
  0xFF, 0xED, 0xDD, 0xCA, 0x77, 0xA7, 0x77, 0xBC,
  0xBC, 0xDE, 0xED, 0xDD, 0xDC, 0xA7, 0x67, 0x64,
  0x33, 0x44, 0x44, 0x67, 0x77, 0xBD, 0xEE, 0xEF,
  0xFF, 0xDE, 0xED, 0xBA, 0xBB, 0xBA, 0xAB, 0xCB,
  0xBC, 0xDC, 0xCB, 0xCC, 0xCA, 0xAA, 0x77, 0x65,
  0x66, 0x54, 0x55, 0x66, 0x77, 0x77, 0x7B, 0xDD,
  0xDE, 0xFF, 0xFF, 0xFE, 0xED, 0xDC, 0xDC, 0xCB,
  0xBB, 0xBB, 0xAA, 0xA7, 0x77, 0xA7, 0x77, 0x77,
  0x77, 0x67, 0x77, 0x77, 0x77, 0x77, 0x77, 0x77,
  0xAA, 0xBA, 0xBC, 0xBC, 0xCD, 0xCD, 0xDE, 0xED,
  0xEC, 0xEC, 0xDD, 0xCC, 0xAB, 0xAB, 0x77, 0x7A,
  0x77, 0x77, 0x77, 0x77, 0x77, 0xA7, 0x77, 0x7A,
  0x7A, 0x77, 0x77, 0x77, 0x77, 0xA7, 0xAA, 0xBC,
  0xBB, 0xCD, 0xCD, 0xDD, 0xDD, 0xDC, 0xDD, 0xCC,
  0xCD, 0xAC, 0x7A, 0x7A, 0x7A, 0xA7, 0x77, 0x7A,
  0x77, 0x77, 0x77, 0x77, 0xB7, 0x7B, 0x7A, 0x7C,
  0x7B, 0xC7, 0xB7, 0xC7, 0xBB, 0xAC, 0xAD, 0xAB,
  0xCB, 0xCA, 0xBA, 0xBB, 0xAC, 0xAC, 0xBB, 0xBB,
  0xAA, 0xC7, 0xBC, 0xAB, 0x7B, 0xBB, 0xAC, 0xBA,
  0xAC, 0xAA, 0xCA, 0xCA, 0xB7, 0xB7, 0x7A, 0x7B,
  0x7A, 0xA7, 0x7A, 0x77, 0x7B, 0x7A, 0x77, 0xBA,
  0xA7, 0xAC, 0xAB, 0x7A, 0xBA, 0xA7, 0xBB, 0xBA,
  0xAC, 0xAB, 0xBA, 0xCA, 0xBB, 0xBB, 0xAB, 0xBC,
  0xBB, 0x7B, 0xBB, 0xAB, 0xAA, 0xB7, 0xBA, 0xAA,
  0x7A, 0xAB, 0x7A, 0x77, 0xA7, 0xAA, 0xAB, 0xAA,
  0xAA, 0xA7, 0xAA, 0xAB, 0xBA, 0xBC, 0xAB, 0xBA,
  0xAC, 0xAC, 0xBA, 0xAB, 0xBB, 0xAA, 0xBC, 0x7B,
  0x7A, 0xB7, 0xBA, 0xAB, 0xAB, 0xAB, 0xAB, 0xBA,
  0xCB, 0x7A, 0xB7, 0xA7, 0x7A, 0xBB, 0xAB, 0xAA,
  0xBB, 0xAA, 0xBA, 0xA7, 0xAA, 0xAB, 0xAB, 0x7A,
  0xAA, 0xB7, 0xAB, 0xAA, 0x7B, 0xAA, 0xAA, 0xAA,
  0xB7, 0xA7, 0xAB, 0xBA, 0xBA, 0xBA, 0xBA, 0xAA,
  0xAA, 0xBB, 0xAB, 0x7A, 0xAA, 0xAB, 0xBA, 0xAA,
  0xBA, 0xBA, 0xAA, 0xBA, 0xAA, 0xAB, 0xAA, 0xAB,
  0xAA, 0xAA, 0xA7, 0xAB, 0xAA, 0xAA, 0xBA, 0xAA,
  0xAA, 0xAA, 0xAB, 0xAA, 0xBA, 0xAA, 0xAA, 0xAA,
  0xBA, 0xBA, 0xAA, 0xAA, 0xAA, 0xAA, 0xAB, 0xAA,
  0xAA, 0xAA, 0xAA, 0xAA, 0xBA, 0xAA, 0xAA, 0xAA,
  0xAB, 0xAA, 0xAA, 0xAB, 0xAB, 0xAB, 0xAA, 0xBA,
  0xBB, 0xAA, 0xAA, 0xAA, 0xAA, 0xAA, 0xAA, 0xAA,
  0xAA, 0xAA, 0xAA, 0xAA, 0xBA, 0xAA, 0xAA, 0xAA,
  0xAB, 0xAA, 0xAA, 0xAB, 0xAA, 0xAA, 0xAA, 0xAA,
  0xAA, 0xAA, 0xAA, 0xAA, 0xAB, 0xAA, 0xAA, 0xAA,
  0xAA, 0xAA, 0xAA, 0xAA, 0xAA, 0xAA, 0xAA, 0xAA,
  0xAA, 0xAA, 0xAA, 0xAA, 0xAA, 0xAA, 0xAA, 0xAA,
  0xAA, 0xAA, 0xAA, 0xAA, 0xAA, 0xAA, 0xAA, 0xAA,
  0xAA, 0xAA, 0xAA, 0xAA, 0xAA, 0xAA, 0xAA, 0xAA,
  0xAA, 0xAA, 0xAA, 0xAA, 0xAA, 0xAA, 0xAA, 0xAA,
  0xAA, 0xAA, 0xAA, 0xAA, 0xAA, 0xAA, 0xAA, 0xAA,
  0xAA, 0xAA, 0xAA, 0xAA, 0xAA, 0xAA, 0xAA, 0xAA,
  0xAA, 0xAA, 0xAA, 0xAA, 0xAA, 0xAA, 0xAA, 0xAA,
  0xAA, 0xAA, 0xAA, 0xAA, 0xAA, 0xAA, 0xAA, 0xAA,
  0xAA, 0xAA, 0xAA, 0xAA, 0xAA, 0xAA, 0xAA, 0xAA,
  0xAA, 0xAA, 0xAA, 0xAA, 0xAA, 0xAA, 0xAA, 0xAA,
  0xAA, 0xAA, 0xAA, 0xAA, 0xAA, 0xAA, 0xAA, 0xAA,
  0xAA, 0xAA, 0xAA, 0xAA, 0xAA, 0xAA, 0xAA, 0xAA,
  0xAB, 0xAA, 0xAA, 0xBA, 0xBA, 0xAA, 0xAA, 0xAA,
  0xAA, 0xAA, 0xAA, 0xAA, 0xAA, 0xAA, 0xAA, 0xAA,
  0xAA, 0xAA, 0xAA, 0xAA, 0xAA, 0xAA, 0xAA, 0xAA,
  0xAA, 0xAA, 0xAA, 0xAA, 0xAA, 0xAA, 0xAA, 0xAA,
  0xAA, 0xAA, 0xAA, 0xAA, 0xAA, 0xAA, 0xAA, 0xAA,
  0xAA, 0xAA, 0xBA, 0xAA, 0xAA, 0xAA, 0xAA, 0xAA,
  0xAA, 0xAA, 0xBA, 0xAA, 0xAA, 0xAA, 0xAA, 0xAA,
  0xAA, 0xAA, 0xAA, 0xAA, 0xAA, 0xAA, 0xAA, 0xAA,
  0xAA, 0xAA, 0xAA, 0xAA, 0xAA, 0xAA, 0xAA, 0xAA,
  0xBA, 0xAA, 0xAA, 0xAA, 0xAA, 0xAA, 0xAA, 0xAA,
  0xAA, 0xAA, 0xAA, 0xAA, 0xAA, 0xAA, 0xAA, 0xAA,
  0xAA, 0xAA, 0xAA, 0xAA, 0xAA, 0xAA, 0xAA, 0xAA,
  0xAA, 0xAA, 0xAA, 0xAA, 0xAA, 0xAA, 0xAA, 0xAA,
  0xAA, 0xAA, 0xAA, 0xAA, 0xAA, 0xAA, 0xAA, 0xAB,
  0xAA, 0xAA, 0xAA, 0xAA, 0xAA, 0xAA, 0xAA, 0xAA,
  0xAA, 0xAA, 0xAA, 0xAA, 0xAA, 0xAA, 0xAA, 0xAA,
  0xAA, 0xAB, 0xAA, 0xAA, 0xAA, 0xAA, 0xAA, 0xAA,
  0xAA, 0xAB, 0xBB, 0xAC, 0xAB, 0xAC, 0xAB, 0xA7,
  0xC7, 0xBB, 0xAA, 0xBA, 0xAB, 0x7B, 0xAA, 0xAB,
  0x7C, 0xA7, 0xB7, 0xBA, 0xAA, 0xBA, 0x7C, 0x7A,
  0xAA, 0xAB, 0xAB, 0x7B, 0x7B, 0x7B, 0x7B, 0x7A,
  0x7A, 0xAA, 0xBA, 0xAA, 0xAA, 0xBB, 0xA7, 0xAB,
  0xAB, 0xAA, 0xAB, 0xAB, 0xAB, 0x7B, 0xAB, 0xBB,
  0xAC, 0xAC, 0xAC, 0xBB, 0xBB, 0xAB, 0x7A, 0xA7,
  0xA7, 0x77, 0x77, 0x77, 0x77, 0x77, 0xB7, 0xAB,
  0xBB, 0xBB, 0xBB, 0xCB, 0xBB, 0xBB, 0xBB, 0xBA,
  0xBB, 0xBB, 0xCB, 0xBC, 0xBB, 0xAB, 0xBA, 0xA7,
  0x7A, 0x77, 0x77, 0x77, 0x77, 0x77, 0x77, 0x7A,
  0xBB, 0xBC, 0xCD, 0xCD, 0xDD, 0xCC, 0xCB, 0xBA,
  0xBA, 0xBA, 0xBA, 0xBB, 0xBA, 0xBC, 0xCC, 0xCC,
  0xCC, 0xBA, 0x77, 0xA7, 0x77, 0x66, 0x66, 0x66,
  0x77, 0x77, 0xBB, 0xCD, 0xEE, 0xEF, 0xED, 0xDC,
  0xA7, 0x7A, 0x77, 0x7A, 0xAA, 0xBB, 0xCD, 0xDD,
  0xEE, 0xCC, 0xC7, 0x77, 0x75, 0x44, 0x65, 0x45,
  0x77, 0x77, 0xBC, 0xFF, 0xFE, 0xFF, 0xED, 0xCB,
  0x77, 0x77, 0x77, 0x77, 0x7B, 0xBC, 0xDE, 0xEF,
  0xFE, 0xED, 0xCB, 0x75, 0x76, 0x43, 0x35, 0x55,
  0x77, 0x7C, 0xDE, 0xEF, 0xFF, 0xEE, 0xDD, 0xCA,
  0x77, 0x77, 0x66, 0x77, 0xAB, 0xCD, 0xEE, 0xFE,
  0xFF, 0xFE, 0xCB, 0xBA, 0x74, 0x36, 0x65, 0x45,
  0x77, 0x7A, 0xAC, 0xDF, 0xED, 0xDF, 0xFC, 0xAA,
  0xCB, 0x77, 0x77, 0x77, 0x77, 0x7C, 0xDC, 0xCD,
  0xEE, 0xDC, 0xCC, 0xCC, 0xAA, 0xAB, 0xA7, 0x47,
  0x77, 0x54, 0x77, 0x77, 0x77, 0xBD, 0xEC, 0xAC,
  0xFE, 0xCA, 0xBD, 0xCA, 0x77, 0x7A, 0xA7, 0x77,
  0xCD, 0xBB, 0xCE, 0xEC, 0xBC, 0xCC, 0xCB, 0xAA,
  0xBB, 0xA7, 0x54, 0x77, 0x64, 0x57, 0xA7, 0x77,
  0xBC, 0xDD, 0xCB, 0xEF, 0xEB, 0xAD, 0xDB, 0x77,
  0x77, 0x77, 0x77, 0x7C, 0xCB, 0xBD, 0xED, 0xCC,
  0xDD, 0xCB, 0xAA, 0xAA, 0xAA, 0x76, 0x47, 0x77,
  0x55, 0x77, 0x77, 0x77, 0xBC, 0xDC, 0xBD, 0xFE,
  0xCB, 0xDE, 0xC7, 0x7A, 0x77, 0x77, 0x77, 0xBB,
  0xBA, 0xCD, 0xDB, 0xCD, 0xDC, 0xBB, 0xBB, 0xA7,
  0x77, 0x74, 0x67, 0x75, 0x47, 0x77, 0x77, 0xAA,
  0xAC, 0xED, 0xCE, 0xFE, 0xCD, 0xED, 0xB7, 0xBA,
  0x77, 0x77, 0x77, 0x7A, 0xBB, 0xBC, 0xCC, 0xDD,
  0xCB, 0xBC, 0xBA, 0x7A, 0xA7, 0x76, 0x77, 0x77,
  0x67, 0x77, 0x77, 0x77, 0xAB, 0xBB, 0xCD, 0xDD,
  0xCD, 0xDD, 0xCC, 0xCC, 0xBA, 0x77, 0x77, 0x77,
  0x7B, 0xA7, 0x7A, 0xAA, 0xAB, 0xAA, 0xBB, 0xBA,
  0xAB, 0xBA, 0xAA, 0xAA, 0xA7, 0x77, 0xA7, 0x77,
  0x77, 0x77, 0x77, 0x77, 0x7A, 0xBB, 0xBC, 0xCC,
  0xCC, 0xCC, 0xCC, 0xCC, 0xCB, 0xBB, 0xBB, 0xBA,
  0xBB, 0xAA, 0xAA, 0xAA, 0xAA, 0xAA, 0xAA, 0xA7,
  0x77, 0x77, 0x77, 0x77, 0x77, 0x77, 0x77, 0x77,
  0x77, 0x7A, 0xAA, 0xBB, 0xBB, 0xBC, 0xCC, 0xCC,
  0xCC, 0xCC, 0xCC, 0xCC, 0xCC, 0xCB, 0xBB, 0xBB,
  0xBA, 0xAA, 0xAA, 0x77, 0x77, 0x77, 0x77, 0x77,
  0x77, 0x77, 0x77, 0x77, 0x77, 0x77, 0x7A, 0xAA,
  0xAA, 0xBB, 0xBB, 0xBB, 0xCC, 0xCC, 0xCC, 0xCC,
  0xCC, 0xCC, 0xCC, 0xCC, 0xCC, 0xBB, 0xBB, 0xBA,
  0xAA, 0xAA, 0x77, 0x77, 0x77, 0x77, 0x77, 0x77,
  0x77, 0x77, 0x77, 0x77, 0x77, 0x77, 0x7A, 0xAB,
  0xBB, 0xBB, 0xCC, 0xCC, 0xCC, 0xCC, 0xCC, 0xCC,
  0xCC, 0xCC, 0xCC, 0xBB, 0xBB, 0xBA, 0xAA, 0xA7,
  0x77, 0x77, 0x77, 0x77, 0x77, 0x77, 0x77, 0x77,
  0x77, 0x77, 0xAA, 0xAB, 0xBB, 0xBB, 0xBC, 0xCC,
  0xCC, 0xBB, 0xBB, 0xBB, 0xBB, 0xBA, 0xAA, 0xAA,
  0xAA, 0xAA, 0xAA, 0xAA, 0xBB, 0xBB, 0xBB, 0xBB,
  0xBB, 0xBB, 0xBB, 0xBB, 0xBA, 0xAA, 0xA7, 0x77,
  0x77, 0x77, 0x77, 0x77, 0x77, 0x77, 0x77, 0x77,
  0x77, 0x77, 0xAA, 0xAB, 0xBB, 0xBB, 0xBC, 0xCC,
  0xCC, 0xCC, 0xCC, 0xCC, 0xCC, 0xCC, 0xCC, 0xCB,
  0xBB, 0xBB, 0xAA, 0xAA, 0x77, 0x77, 0x77, 0x77,
  0x77, 0x77, 0x77, 0x77, 0x77, 0x77, 0x77, 0x7A,
  0xAA, 0xBB, 0xBB, 0xCC, 0xCC, 0xCC, 0xCC, 0xCC,
  0xCB, 0xBB, 0xBB, 0xBA, 0xAA, 0xAA, 0xAA, 0xAA,
  0xAA, 0xAA, 0xAA, 0xAA, 0xAA, 0xAB, 0xBB, 0xBB,
  0xBB, 0xBB, 0xBB, 0xBB, 0xBB, 0xBA, 0xAA, 0xA7,
  0x77, 0x77, 0x77, 0x77, 0x77, 0x77, 0x77, 0x77,
  0x77, 0x77, 0xAA, 0xAA, 0xAA, 0xAB, 0xBB, 0xBB,
  0xBB, 0xBC, 0xCC, 0xCC, 0xCC, 0xCC, 0xCC, 0xCC,
  0xCB, 0xBB, 0xBB, 0xBB, 0xAA, 0xAA, 0xA7, 0x77,
  0x77, 0x77, 0x77, 0x77, 0x77, 0x77, 0x77, 0x77,
  0x7A, 0xAA, 0xAA, 0xAB, 0xBB, 0xBB, 0xBB, 0xBB,
  0xBB, 0xBB, 0xBB, 0xBB, 0xBB, 0xBB, 0xBB, 0xBB,
  0xBB, 0xBB, 0xBB, 0xBB, 0xBB, 0xBB, 0xBB, 0xBB,
  0xBB, 0xAA, 0xAA, 0xAA, 0xA7, 0x77, 0x77, 0x77,
  0x77, 0x77, 0x77, 0x77, 0x77, 0x77, 0x7A, 0xAA,
  0xAA, 0xAA, 0xAA, 0xAA, 0xAA, 0xAA, 0xAA, 0xAB,
  0xBB, 0xBB, 0xBB, 0xBB, 0xBB, 0xBB, 0xBB, 0xBB,
  0xBB, 0xBB, 0xBA, 0xBB, 0xCB, 0xAA, 0xAA, 0xAA,
  0xAA, 0x77, 0x77, 0x77, 0x77, 0x77, 0x77, 0x77,
  0x77, 0x7A, 0xAA, 0xAA, 0xAA, 0xBB, 0xBA, 0xAA,
  0xBA, 0xAA, 0xAA, 0xAA, 0xAA, 0xAB, 0xBA, 0xBB,
  0xBB, 0xBB, 0xBB, 0xBB, 0xBB, 0xBB, 0xBB, 0xAB,
  0xBB, 0xBA, 0xAB, 0xAA, 0x7A, 0xBA, 0x77, 0xAA,
  0x77, 0x77, 0x77, 0x77, 0x77, 0x77, 0x77, 0xBA,
  0xA7, 0xAA, 0xAA, 0xAB, 0xAA, 0xAA, 0xBA, 0xAA,
  0xAA, 0xAA, 0xAA, 0xAB, 0xBB, 0xBB, 0xCC, 0xBB,
  0xBC, 0xBC, 0xBB, 0xBB, 0xBA, 0xBB, 0xBA, 0xB7,
  0x7B, 0xAA, 0xAA, 0xAA, 0x77, 0xA7, 0xAA, 0x77,
  0x77, 0x77, 0x77, 0xAA, 0xAA, 0x77, 0xAB, 0xA7,
  0x7A, 0xAA, 0x77, 0x77, 0x77, 0x77, 0x7A, 0xAA,
  0xAB, 0xCC, 0xCC, 0xBC, 0xCC, 0xCC, 0xCB, 0xCB,
  0xBA, 0xCC, 0xBA, 0x7B, 0xAA, 0xAA, 0xA7, 0xAA,
  0xA7, 0x7A, 0xA7, 0x7A, 0x77, 0x77, 0xA7, 0x7A,
  0xAA, 0x7A, 0xAA, 0xA7, 0x77, 0xAA, 0x77, 0x7A,
  0xAA, 0x77, 0xAB, 0xBB, 0xBB, 0xCC, 0xCC, 0xCC,
  0xCC, 0xCC, 0xBC, 0xCB, 0xBB, 0xBB, 0xAA, 0xAA,
  0xBA, 0xAA, 0x7A, 0xAA, 0xA7, 0x77, 0x7A, 0xA7,
  0xAA, 0xA7, 0x7A, 0xAA, 0x7A, 0xA7, 0x77, 0x77,
  0x77, 0x77, 0x77, 0x77, 0x77, 0xAB, 0xBB, 0xBC,
  0xDC, 0xCC, 0xCD, 0xCC, 0xCC, 0xBB, 0xBB, 0xBA,
  0xAA, 0xBA, 0xAA, 0xAA, 0xAA, 0xAA, 0xAA, 0xAA,
  0xAA, 0xAA, 0xAA, 0xAA, 0xAA, 0x77, 0x77, 0x77,
  0x77, 0x77, 0x77, 0x77, 0x77, 0x77, 0xAB, 0xBB,
  0xBC, 0xCD, 0xCC, 0xCC, 0xCC, 0xCB, 0xBB, 0xAB,
  0xBB, 0xAA, 0xAA, 0xAA, 0xAA, 0xAB, 0xBB, 0xAA,
  0xBB, 0xAA, 0xAA, 0xAA, 0xA7, 0x77, 0x77, 0x77,
  0x77, 0x77, 0x77, 0x77, 0x7B, 0xCC, 0xBB, 0xCD,
  0xDD, 0xCC, 0xCC, 0xCC, 0xBA, 0x7A, 0xAB, 0xBB,
  0xBB, 0xCC, 0xCB, 0xBB, 0xCC, 0xCB, 0xBA, 0xAA,
  0xAA, 0x76, 0x57, 0x77, 0x66, 0x67, 0x7B, 0xB7,
  0x7B, 0xEF, 0xDB, 0xBC, 0xDD, 0xCA, 0x77, 0x7B,
  0xA7, 0x77, 0xBD, 0xDD, 0xCB, 0xCD, 0xDC, 0xBB,
  0xCC, 0xCB, 0xA7, 0x75, 0x57, 0x77, 0x67, 0x77,
  0xAC, 0xCB, 0xBD, 0xDD, 0xBA, 0xAA, 0x7B, 0xBA,
  0x77, 0xBB, 0xBB, 0xBB, 0xBD, 0xDC, 0xCB, 0xCC,
  0xBB, 0xBA, 0xBB, 0xCB, 0x76, 0x35, 0x77, 0x77,
  0x77, 0xCF, 0xFB, 0x77, 0xBC, 0xCA, 0x77, 0x7D,
  0xEC, 0xBA, 0xAB, 0xCB, 0x77, 0x7C, 0xDD, 0xDB,
  0xAB, 0xCC, 0xB7, 0x7A, 0xBC, 0xB7, 0x33, 0x7C,
  0xBB, 0xA7, 0x7F, 0xFB, 0x66, 0x7A, 0xCD, 0xB7,
  0xBF, 0xFD, 0xB7, 0x77, 0x7A, 0x77, 0x7D, 0xFF,
  0xEA, 0x77, 0xAA, 0xA7, 0x7A, 0xCE, 0xEC, 0xA7,
  0x44, 0x77, 0x7A, 0xAB, 0xCF, 0xEA, 0x67, 0x77,
  0xCC, 0xBB, 0xDF, 0xDB, 0xA7, 0x77, 0xAA, 0xAA,
  0xDD, 0xDC, 0xA6, 0x77, 0x7B, 0xBC, 0xBC, 0xDC,
  0xA7, 0x77, 0xCD, 0xC7, 0x37, 0xAE, 0xEC, 0x76,
  0x7E, 0xC7, 0x66, 0x7F, 0xFE, 0xA7, 0x7A, 0xBB,
  0x77, 0x7E, 0xEE, 0xB7, 0x77, 0xBA, 0x77, 0x7C,
  0xEE, 0xC7, 0x67, 0xAC, 0xDC, 0xBB, 0xCC, 0xBB,
  0xBB, 0xA6, 0x57, 0xCE, 0xEC, 0x76, 0xBB, 0x77,
  0x77, 0xCF, 0xFC, 0x77, 0x77, 0xAB, 0xAA, 0xDE,
  0xDA, 0x76, 0x77, 0xBB, 0xBC, 0xCB, 0xBA, 0x75,
  0x7C, 0xEF, 0xEB, 0x77, 0xAA, 0xBB, 0xB7, 0x57,
  0xCE, 0xEC, 0x75, 0x7B, 0xA7, 0x77, 0xCF, 0xFD,
  0x76, 0x77, 0x7C, 0xCC, 0xBD, 0xCB, 0x77, 0x77,
  0xBC, 0xCC, 0xBA, 0x77, 0x77, 0x7C, 0xED, 0xCA,
  0x77, 0xAB, 0xCD, 0xCA, 0x64, 0x7C, 0xEE, 0xC7,
  0x67, 0xBA, 0x77, 0x7C, 0xFF, 0xD7, 0x77, 0x7A,
  0xCC, 0xBB, 0xCC, 0xB7, 0x77, 0x7B, 0xCC, 0xCB,
  0xA7, 0x7A, 0xAB, 0xCC, 0xBB, 0xBB, 0xAA, 0xBC,
  0xCB, 0x74, 0x67, 0xFF, 0xDA, 0x66, 0x7A, 0x77,
  0x7C, 0xEF, 0xEA, 0x66, 0x77, 0xDE, 0xCC, 0xCC,
  0xA7, 0x77, 0x7C, 0xEE, 0xCA, 0x77, 0x7B, 0xCC,
  0xBB, 0xBC, 0xBB, 0xAA, 0xCD, 0xDA, 0x52, 0x7E,
  0xFF, 0xC7, 0x47, 0xB7, 0x77, 0xAE, 0xFF, 0xC6,
  0x46, 0x7C, 0xEE, 0xCB, 0xBA, 0x77, 0x77, 0xBE,
  0xED, 0xA7, 0x77, 0xBC, 0xCB, 0xBB, 0xBB, 0xBA,
  0xAC, 0xDD, 0xC7, 0x33, 0x7F, 0xFF, 0xA5, 0x47,
  0xA7, 0x77, 0xDF, 0xFF, 0xA5, 0x47, 0xBD, 0xED,
  0xCB, 0xBA, 0x76, 0x77, 0xDF, 0xEC, 0x77, 0x7B,
  0xCC, 0xBA, 0xBC, 0xCB, 0xA7, 0xBC, 0xDD, 0xA6,
  0x25, 0xDF, 0xFD, 0x74, 0x57, 0xA7, 0x77, 0xFF,
  0xFC, 0x63, 0x57, 0xCE, 0xEC, 0xCC, 0xB7, 0x55,
  0x7C, 0xFF, 0xD7, 0x77, 0xBB, 0xAA, 0xAB, 0xDD,
  0xC7, 0x7B, 0xCD, 0xDC, 0x73, 0x37, 0xFF, 0xFA,
  0x53, 0x7B, 0x75, 0x7E, 0xFF, 0xE7, 0x34, 0x7D,
  0xDD, 0xDD, 0xDC, 0xA6, 0x47, 0xCF, 0xFD, 0xA7,
  0x7B, 0xA7, 0x7A, 0xCE, 0xEB, 0x77, 0xBB, 0xCD,
  0xC7, 0x33, 0x7F, 0xFF, 0xA5, 0x37, 0xC7, 0x57,
  0xEF, 0xFE, 0x73, 0x57, 0xCB, 0xCD, 0xEE, 0xDA,
  0x64, 0x7C, 0xDD, 0xCD, 0xDB, 0x77, 0x67, 0xCE,
  0xDC, 0xCC, 0xA7, 0xAC, 0xC7, 0x43, 0x7F, 0xFE,
  0x74, 0x47, 0xC7, 0x57, 0xFF, 0xFC, 0x64, 0x7A,
  0xCA, 0x7D, 0xFF, 0xD7, 0x45, 0x7A, 0xCD, 0xEE,
  0xDB, 0x76, 0x67, 0xBD, 0xEE, 0xDC, 0xAB, 0xCB,
  0x74, 0x3C, 0xFF, 0xD7, 0x46, 0xCA, 0x64, 0x7F,
  0xFF, 0xA5, 0x67, 0x76, 0x6C, 0xFF, 0xFB, 0x64,
  0x57, 0x7B, 0xDF, 0xFF, 0xB7, 0x66, 0x7B, 0xCE,
  0xFE, 0xDC, 0xB7, 0x40, 0x6E, 0xFE, 0xDA, 0x77,
  0x74, 0x06, 0xEF, 0xFE, 0xCC, 0xA7, 0x53, 0x7D,
  0xFE, 0xED, 0xCA, 0x76, 0x57, 0xEF, 0xEE, 0xDC,
  0x77, 0x77, 0xBE, 0xEE, 0xEC, 0x60, 0x47, 0xCA,
  0xDD, 0xDD, 0xC7, 0x36, 0xBB, 0xBC, 0xEF, 0xEB,
  0x65, 0x7A, 0xA7, 0xBE, 0xFE, 0xB7, 0x77, 0x77,
  0x7B, 0xDD, 0xCB, 0xAA, 0x7A, 0xBC, 0xC7, 0x45,
  0xCD, 0xA7, 0xBD, 0xCC, 0x74, 0x6B, 0xAA, 0xBF,
  0xFF, 0xC7, 0x77, 0x77, 0x7A, 0xEE, 0xED, 0xCA,
  0xA7, 0x77, 0xBC, 0xCD, 0xDC, 0xCB, 0xAA, 0xB7,
  0x53, 0x7C, 0x77, 0xDE, 0xDB, 0x75, 0x77, 0x77,
  0x7E, 0xFF, 0xDC, 0xCB, 0x77, 0x67, 0x7B, 0xDE,
  0xEE, 0xDB, 0x77, 0x77, 0x7B, 0xCD, 0xDC, 0xCC,
  0xB6, 0x25, 0x77, 0x77, 0xDE, 0xDC, 0xA7, 0x77,
  0x67, 0x7B, 0xCD, 0xEE, 0xDC, 0xA7, 0x77, 0x77,
  0xAC, 0xDD, 0xED, 0xCB, 0xBA, 0xA7, 0x7B, 0xCC,
  0xCA, 0x74, 0x77, 0x76, 0x7C, 0xBB, 0xBA, 0xAB,
  0xA7, 0x7A, 0xAA, 0xCD, 0xCB, 0xBC, 0xCA, 0x77,
  0xAA, 0xBB, 0xCD, 0xDC, 0xCC, 0xBA, 0xBB, 0xAA,
  0xBB, 0xA7, 0x47, 0xA7, 0x77, 0xCB, 0xBB, 0xBA,
  0xBA, 0x77, 0xAA, 0x7B, 0xDC, 0xCC, 0xCC, 0xBA,
  0xAA, 0xAB, 0xBB, 0xCC, 0xCC, 0xDC, 0xBB, 0xBB,
  0xBB, 0x77, 0x53, 0x77, 0x76, 0x7C, 0xBA, 0xBA,
  0xAB, 0xA7, 0x7A, 0xA7, 0xBC, 0xBB, 0xCD, 0xCB,
  0xBA, 0xAA, 0xAA, 0xBB, 0xCB, 0xCD, 0xCC, 0xBB,
  0xBB, 0xBA, 0xA7, 0x64, 0x77, 0x75, 0x7C, 0xBB,
  0xCA, 0xAC, 0xC7, 0x7A, 0xA7, 0xAB, 0xAB, 0xDD,
  0xBB, 0xCB, 0xAA, 0xBA, 0xBB, 0xBB, 0xCC, 0xCB,
  0xBB, 0xBB, 0xBB, 0xA7, 0x64, 0x77, 0x76, 0x77,
  0xAC, 0xCA, 0x7B, 0xDC, 0xA7, 0xAC, 0xCC, 0xA7,
  0xAC, 0xCA, 0xAA, 0xAB, 0xBB, 0xBB, 0xCC, 0xCB,
  0xBB, 0xBA, 0xAA, 0xAA, 0xAA, 0x77, 0x77, 0x7A,
  0xA7, 0x77, 0x77, 0x77, 0x77, 0x77, 0xAB, 0xBA,
  0xAB, 0xBB, 0xCC, 0xCB, 0xBB, 0xBB, 0xBB, 0xBB,
  0xBB, 0xBB, 0xBB, 0xAA, 0xAA, 0xAA, 0xAA, 0xAA,
  0xAA, 0xA7, 0x77, 0x77, 0x77, 0x77, 0x77, 0x77,
  0x77, 0x77, 0xAB, 0xBB, 0xBB, 0xBB, 0xBB, 0xBB,
  0xBB, 0xBB, 0xBB, 0xBB, 0xBB, 0xAA, 0xAA, 0xAA,
  0xAA, 0xAA, 0xAA, 0xAA, 0xA7, 0x77, 0xAA, 0xA7,
  0x77, 0x77, 0x77, 0x77, 0x77, 0x7A, 0xAA, 0xAA,
  0xBB, 0xBB, 0xBB, 0xBB, 0xBB, 0xBB, 0xBB, 0xBB,
  0xBB, 0xBB, 0xBB, 0xAA, 0xAA, 0xAA, 0xAA, 0xAA,
  0xAA, 0xA7, 0x7A, 0xAA, 0xAA, 0x77, 0x77, 0x77,
  0x77, 0x77, 0xAA, 0xAA, 0xBB, 0xBB, 0xBB, 0xBB,
  0xBB, 0xBB, 0xBB, 0xBB, 0xBB, 0xBB, 0xAA, 0xAA,
  0xAA, 0xAA, 0xAA, 0xAA, 0xAA, 0xAA, 0xA7, 0x77,
  0xAA, 0xAA, 0xA7, 0x77, 0x77, 0x77, 0x77, 0xAA,
  0xAA, 0xBB, 0xBB, 0xBB, 0xBB, 0xBB, 0xBB, 0xBB,
  0xBB, 0xBA, 0xAA, 0xAA, 0xAA, 0xAA, 0xAA, 0xAA,
  0xAA, 0xAA, 0xAA, 0xA7, 0x77, 0xAA, 0xAA, 0x77,
  0x77, 0x77, 0x77, 0x77, 0xAA, 0xBA, 0xBB, 0xBB,
  0xBB, 0xBB, 0xBB, 0xBB, 0xBB, 0xBB, 0xBB, 0xBB,
  0xBB, 0xBB, 0xBB, 0xBB, 0xBB, 0xBB, 0xBB, 0xBA,
  0x77, 0x77, 0xA7, 0x77, 0x77, 0x7A, 0x77, 0xAA,
  0xAB, 0xBB, 0xBB, 0xBB, 0xBB, 0xBB, 0xAA, 0xBB,
  0xBB, 0xBB, 0xAA, 0xBB, 0xBB, 0xBB, 0xBB, 0xBB,
  0xBB, 0xBB, 0xBB, 0xA7, 0x77, 0x77, 0x77, 0x77,
  0x7A, 0xBA, 0x77, 0xAA, 0xBC, 0xCB, 0xAB, 0xBB,
  0xBB, 0xBA, 0xAB, 0xBB, 0xAB, 0xBB, 0xBB, 0xCB,
  0xBB, 0xBB, 0xBB, 0xCC, 0xCC, 0xB7, 0x66, 0x77,
  0x77, 0x77, 0x7A, 0xDD, 0xA7, 0xAB, 0xBB, 0xCB,
  0x77, 0xBC, 0xBA, 0xAB, 0xBB, 0xCC, 0xBA, 0xBC,
  0xCB, 0xBB, 0xBB, 0xBB, 0xBB, 0xBC, 0xA7, 0x56,
  0x77, 0x77, 0x77, 0x7D, 0xEC, 0x77, 0xBC, 0xBB,
  0xA7, 0x7A, 0xCC, 0xBA, 0xBB, 0xBB, 0xBA, 0xAB,
  0xCC, 0xBB, 0xBB, 0xBB, 0xBB, 0xBB, 0xBA, 0x74,
  0x57, 0x77, 0x77, 0x7A, 0xEE, 0xC7, 0x7B, 0xCB,
  0xA7, 0x77, 0xBD, 0xDB, 0xAC, 0xDC, 0xBB, 0xAA,
  0xBC, 0xCB, 0xAB, 0xCC, 0xBB, 0xBB, 0xB7, 0x63,
  0x57, 0x77, 0x77, 0xAD, 0xED, 0xA7, 0x7C, 0xCA,
  0x77, 0x7B, 0xCD, 0xCA, 0xBC, 0xDB, 0xA7, 0xAB,
  0xCC, 0xBA, 0xBC, 0xDC, 0xBB, 0xBC, 0xCB, 0x74,
  0x36, 0xBA, 0x77, 0x7B, 0xDE, 0xD7, 0x77, 0xDC,
  0x77, 0x7B, 0xCD, 0xDB, 0x7B, 0xDD, 0xA7, 0x7B,
  0xCC, 0xCB, 0xAB, 0xDD, 0xB7, 0xBC, 0xCC, 0xA6,
  0x45, 0x7B, 0x77, 0x7C, 0xEE, 0xD7, 0x77, 0xCC,
  0x76, 0x7B, 0xDD, 0xCB, 0xAB, 0xDD, 0xA7, 0x7B,
  0xCC, 0xAA, 0xBC, 0xDC, 0xB7, 0x7C, 0xCB, 0xBA,
  0x75, 0x47, 0xB7, 0x77, 0xCC, 0xCC, 0xB7, 0x7B,
  0xCA, 0x77, 0xBD, 0xCB, 0xBB, 0xBC, 0xCB, 0x77,
  0xAC, 0xCA, 0xAB, 0xCC, 0xCB, 0x77, 0xBC, 0xCA,
  0xAB, 0xA6, 0x47, 0xBA, 0x77, 0xBB, 0xCD, 0xC7,
  0x77, 0xDB, 0x77, 0xBC, 0xCB, 0xCB,

  // Sample: "Hold on man!"
  0x7A, 0xBB, 0xCC, 0xBB, 0xBB, 0xBB, 0xBB, 0xCC,
  0xBB, 0xA7, 0x77, 0x77, 0x77, 0xBA, 0xAA, 0x77,
  0x77, 0xBC, 0xDD, 0xCC, 0xB7, 0x77, 0xAB, 0xBB,
  0xA7, 0x77, 0x77, 0x7B, 0xCB, 0xBA, 0x77, 0xAB,
  0xCD, 0xDC, 0xBA, 0x77, 0x77, 0x7A, 0x77, 0x77,
  0x7B, 0xCB, 0xBA, 0xAA, 0xCD, 0xEE, 0xCA, 0x77,
  0x77, 0x7A, 0xBA, 0x77, 0x77, 0xBC, 0xCB, 0xCB,
  0xCD, 0xDD, 0xCA, 0x76, 0x66, 0x7A, 0xBD, 0xCB,
  0x77, 0x77, 0xCE, 0xFF, 0xFD, 0xA7, 0x64, 0x57,
  0x7A, 0xBC, 0xCC, 0xA7, 0x77, 0x7C, 0xFF, 0xFF,
  0xDA, 0x50, 0x24, 0x7D, 0xFF, 0xDA, 0x75, 0x57,
  0x7F, 0xFF, 0xFE, 0xA5, 0x00, 0x37, 0xDF, 0xFF,
  0xC7, 0x44, 0x67, 0xFF, 0xFF, 0xFA, 0x40, 0x03,
  0x7D, 0xFF, 0xFC, 0x74, 0x46, 0x7E, 0xFF, 0xFE,
  0xA5, 0x32, 0x47, 0xDF, 0xFE, 0xB7, 0x55, 0x77,
  0xEF, 0xFF, 0xE7, 0x42, 0x35, 0x7E, 0xFF, 0xC7,
  0x55, 0x57, 0xDF, 0xFF, 0xEC, 0x63, 0x23, 0x7C,
  0xFF, 0xEA, 0x75, 0x67, 0xBE, 0xFF, 0xFD, 0xC7,
  0x54, 0x57, 0xBD, 0xDC, 0xA7, 0x77, 0x77, 0xDE,
  0xFF, 0xDC, 0x77, 0x44, 0x77, 0xBE, 0xDC, 0xB7,
  0x77, 0x7B, 0xEF, 0xFE, 0xD7, 0x54, 0x47, 0x7E,
  0xEE, 0xCA, 0x77, 0x77, 0xDE, 0xFF, 0xEA, 0x64,
  0x46, 0x7D, 0xFE, 0xCA, 0x76, 0x77, 0xDF, 0xFF,
  0xCB, 0x77, 0x76, 0x7B, 0xBB, 0xBA, 0xA7, 0xAB,
  0xBC, 0xDD, 0xEC, 0xC7, 0x76, 0x57, 0x7C, 0xEE,
  0xCB, 0x77, 0x77, 0xBC, 0xEE, 0xDB, 0x77, 0x77,
  0x7A, 0xBC, 0xBB, 0xA7, 0x7B, 0xCC, 0xDD, 0xC7,
  0x76, 0x57, 0xAD, 0xEE, 0xCB, 0x76, 0x67, 0xBD,
  0xFF, 0xDA, 0x77, 0x67, 0x7C, 0xDD, 0xBA, 0x77,
  0x7B, 0xCC, 0xDB, 0xA7, 0x77, 0x7A, 0xCD, 0xCB,
  0x77, 0x77, 0x7B, 0xDE, 0xDD, 0xCA, 0x77, 0x77,
  0x77, 0xCC, 0xDC, 0xBA, 0x77, 0x77, 0x7B, 0xDE,
  0xEE, 0xDA, 0x77, 0x57, 0x7A, 0xCE, 0xDD, 0xA7,
  0x77, 0x77, 0x7C, 0xCD, 0xDC, 0xCA, 0x77, 0x77,
  0x7A, 0xAC, 0xCC, 0xCA, 0xA7, 0x77, 0x77, 0xBB,
  0xCD, 0xCD, 0xCA, 0x77, 0x67, 0x7A, 0xDD, 0xDD,
  0xA7, 0x77, 0x77, 0x7C, 0xCD, 0xDC, 0xCB, 0xA7,
  0x77, 0x77, 0xAB, 0xCE, 0xCC, 0xA7, 0x77, 0x77,
  0xBC, 0xDD, 0xDC, 0xBA, 0x77, 0x77, 0xAC, 0xAC,
  0xCB, 0xB7, 0x77, 0x77, 0x7A, 0xBB, 0xDC, 0xCD,
  0xC7, 0x77, 0x76, 0x7B, 0xCE, 0xDC, 0xA7, 0x77,
  0x77, 0xCD, 0xDD, 0xCB, 0xA7, 0x77, 0xB7, 0x7C,
  0xB7, 0xA7, 0xAA, 0xBA, 0xBB, 0xAA, 0xAA, 0xBC,
  0xCC, 0xAA, 0xA7, 0x77, 0x7A, 0xCC, 0xCB, 0xB7,
  0x77, 0x77, 0xBB, 0xDE, 0xCC, 0xBA, 0x77, 0x77,
  0xAC, 0xCD, 0xCB, 0x77, 0x77, 0x7A, 0xCD, 0xED,
  0xBA, 0x77, 0x7A, 0x77, 0xCC, 0xBB, 0xAA, 0x77,
  0x7A, 0xBB, 0xBB, 0xAA, 0xBA, 0xCB, 0xCB, 0xAA,
  0x77, 0xA7, 0xBB, 0xBB, 0xB7, 0x77, 0x77, 0xAC,
  0xCC, 0xCC, 0xBA, 0xA7, 0x7A, 0x7A, 0xCC, 0xBA,
  0xA7, 0x77, 0x77, 0xCB, 0xCD, 0xBC, 0xAA, 0xB7,
  0x77, 0x7C, 0xBB, 0xBA, 0x77, 0x77, 0xAA, 0xCB,
  0xCC, 0xCC, 0xBB, 0x77, 0xB7, 0x7B, 0x7B, 0xCC,
  0xAB, 0x77, 0x77, 0x7B, 0xCB, 0xCB, 0xB7, 0x7B,
  0x77, 0xB7, 0xAC, 0xAB, 0xB7, 0x77, 0x7A, 0xAC,
  0xAB, 0xCC, 0xCB, 0xBB, 0x7A, 0x77, 0xAB, 0xBB,
  0xBA, 0xA7, 0x77, 0xAA, 0xBC, 0xBC, 0xCB, 0xB7,
  0x77, 0x7A, 0x77, 0xBB, 0xBB, 0xB7, 0x77, 0x7A,
  0xBB, 0xBC, 0xCC, 0xB7, 0xA7, 0x7A, 0x7A, 0xCB,
  0xAB, 0x77, 0x7A, 0xAB, 0xBB, 0xBB, 0xBC, 0xBA,
  0xC7, 0x7B, 0x7A, 0xBA, 0xBB, 0x7A, 0x77, 0xA7,
  0xAB, 0xCC, 0xCC, 0xBA, 0xB7, 0x77, 0x7B, 0xBA,
  0xB7, 0x7A, 0x77, 0xBB, 0xBB, 0xBB, 0xBC, 0xBC,
  0x77, 0x77, 0x7B, 0x7B, 0xDB, 0xAA, 0x77, 0x77,
  0xCC, 0xCC, 0xCB, 0xAB, 0x77, 0x77, 0x7B, 0x7A,
  0xB7, 0xAB, 0x7A, 0xB7, 0xCC, 0xCD, 0xDC, 0xAA,
  0x77, 0x77, 0x7C, 0xBA, 0xB7, 0x7B, 0x7A, 0xBA,
  0xCD, 0xCC, 0xCC, 0xA7, 0x77, 0x77, 0x7B, 0xB7,
  0xA7, 0x7A, 0x7A, 0xB7, 0xBD, 0xCC, 0xCC, 0xAA,
  0x77, 0x77, 0xAB, 0xB7, 0x77, 0x7A, 0xAA, 0xBB,
  0xBC, 0xDD, 0xCC, 0xBA, 0x77, 0x77, 0x7A, 0xAA,
  0xA7, 0x77, 0x77, 0xBC, 0xDD, 0xCC, 0xCB, 0xB7,
  0x77, 0x77, 0xAB, 0xBA, 0xA7, 0x77, 0xAB, 0xDC,
  0xCB, 0xBB, 0xCB, 0xA7, 0x77, 0x77, 0x7B, 0xBA,
  0x77, 0x7B, 0xCD, 0xDC, 0xCB, 0xA7, 0x77, 0xAB,
  0xA7, 0x77, 0xAB, 0xBB, 0xCC, 0xCA, 0x77, 0xAC,
  0xCB, 0x77, 0x77, 0xBB, 0xBB, 0xAA, 0x7A, 0x7B,
  0xCC, 0xA7, 0x77, 0xBB, 0xCB, 0x77, 0x7B, 0xCD,
  0xCA, 0x77, 0x77, 0xBC, 0xCA, 0x77, 0x77, 0xCC,
  0xCB, 0xA7, 0x7A, 0xCC, 0xCB, 0x77, 0x77, 0xA7,
  0x77, 0x7C, 0xDC, 0xB7, 0xAC, 0xCC, 0xB7, 0xAB,
  0xBA, 0x76, 0x77, 0xAA, 0xBA, 0xBC, 0xCC, 0xCB,
  0xBB, 0xBB, 0xBA, 0xA7, 0x77, 0x77, 0xAB, 0xBB,
  0xAB, 0xBB, 0xDC, 0xBA, 0x77, 0xAB, 0xB7, 0x77,
  0xAC, 0xDA, 0x77, 0xAD, 0xDA, 0x77, 0x7C, 0xCA,
  0x77, 0xCD, 0xC7, 0x77, 0xDE, 0xC7, 0x77, 0xBC,
  0xB7, 0x77, 0xCE, 0xCA, 0x77, 0xCD, 0xC7, 0x77,
  0xBB, 0xA7, 0x77, 0xBC, 0xCB, 0xBB, 0xBB, 0xBB,
  0xBA, 0x77, 0xAA, 0xA7, 0x77, 0x7B, 0xCC, 0xA7,
  0xBD, 0xDC, 0xA7, 0xBC, 0xBA, 0x77, 0x77, 0x77,
  0x7A, 0xBB, 0xBA, 0xCC, 0xCB, 0xAB, 0xBA, 0x77,
  0x7A, 0xAA, 0x77, 0xBC, 0xAA, 0x7A, 0xDC, 0xB7,
  0xA7, 0xA7, 0x77, 0x7B, 0xCB, 0xBB, 0xCC, 0xCB,
  0xAB, 0xBB, 0xAA, 0x77, 0x77, 0x77, 0x7B, 0xBC,
  0xCD, 0xDD, 0xAB, 0xBC, 0xA7, 0x77, 0x77, 0x77,
  0x7A, 0xBC, 0xCA, 0x7B, 0xCD, 0xB7, 0x77, 0x77,
  0x77, 0x7A, 0xBC, 0xBB, 0xAB, 0xBC, 0xCB, 0x7A,
  0x77, 0x77, 0x77, 0x7B, 0xBB, 0xCC, 0xBB, 0xBB,
  0xBB, 0xAA, 0x77, 0x77, 0x77, 0x7A, 0xBB, 0xCB,
  0xAA, 0xBC, 0xCC, 0x77, 0x7A, 0xAA, 0x77, 0x7B,
  0xBB, 0x7A, 0x7C, 0xCC, 0x77, 0x7B, 0xBB, 0xA7,
  0x7A, 0xBC, 0xBA, 0xAB, 0xBB, 0xA7, 0x77, 0xA7,
  0x7A, 0xAA, 0xAA, 0xBB, 0xCD, 0xED, 0xCA, 0x77,
  0xA7, 0xA7, 0x77, 0xDC, 0xC7, 0x76, 0x7C, 0xDD,
  0xFD, 0xBB, 0xCB, 0x76, 0x47, 0x7E, 0xCC, 0x7B,
  0xCE, 0xA7, 0x46, 0xBF, 0xFE, 0xCA, 0xDD, 0xCA,
  0x42, 0x6B, 0xCF, 0xC7, 0x7F, 0xEA, 0x64, 0x47,
  0xFF, 0xFE, 0xDB, 0xDA, 0x77, 0x74, 0x47, 0xDD,
  0xFE, 0x77, 0xCA, 0x76, 0x45, 0x7F, 0xFF, 0xFE,
  0x77, 0x77, 0x7C, 0x76, 0x7F, 0xEF, 0xFA, 0x27,
  0x7A, 0x7A, 0x6B, 0xFF, 0xFB, 0x74, 0x7A, 0xDA,
  0x77, 0xFE, 0xFA, 0xA7, 0x7A, 0xC7, 0x67, 0xBC,
  0xFC, 0xCA, 0xBA, 0x77, 0x55, 0x7D, 0xFF, 0xEA,
  0xA7, 0x76, 0x76, 0x7D, 0xFC, 0xCB, 0xA7, 0x77,
  0x77, 0xAB, 0xDB, 0xB7, 0xAB, 0xDB, 0xB7, 0x7B,
  0xAA, 0x7A, 0xBD, 0xDD, 0x76, 0x77, 0x7C, 0xAA,
  0xAD, 0xDC, 0x77, 0x67, 0xDF, 0xFD, 0xBA, 0xA7,
  0x77, 0x77, 0xDF, 0xCA, 0x77, 0x77, 0x77, 0xAC,
  0xCC, 0xBA, 0x77, 0x7D, 0xEE, 0xDA, 0x7B, 0x77,
  0x67, 0x7D, 0xEE, 0x77, 0x77, 0x7B, 0xAA, 0xAC,
  0xCC, 0xA7, 0x67, 0xBE, 0xFE, 0xDA, 0xA7, 0x76,
  0xA7, 0xAD, 0xFB, 0x7A, 0x77, 0x77, 0xAA, 0xDD,
  0xCA, 0xA7, 0x77, 0xDE, 0xFD, 0xC7, 0xA7, 0x75,
  0x77, 0xBE, 0xFB, 0x77, 0x77, 0x77, 0xA7, 0xCC,
  0xDC, 0xB7, 0x77, 0xBD, 0xFE, 0xDA, 0xA7, 0x76,
  0x77, 0x7E, 0xFC, 0xA7, 0x77, 0x7A, 0xA7, 0xBD,
  0xCC, 0xB7, 0x77, 0x7C, 0xFF, 0xEB, 0xAA, 0x77,
  0x57, 0x7C, 0xEF, 0xBA, 0x77, 0x77, 0x77, 0xAC,
  0xCC, 0xCB, 0x77, 0x7A, 0xCF, 0xFD, 0xBA, 0xA7,
  0x75, 0x7B, 0xDF, 0xFA, 0xA7, 0x77, 0xB7, 0xAB,
  0xCC, 0xDC, 0xA7, 0x77, 0x7D, 0xFF, 0xDC, 0xA7,
  0x77, 0x67, 0x7A, 0xFF, 0xCA, 0x77, 0x77, 0xAB,
  0xBC, 0xBC, 0xCC, 0x77, 0x77, 0x7E, 0xFF, 0xDB,
  0x77, 0x77, 0x77, 0x7A, 0xFF, 0xD7, 0x76, 0x67,
  0xAA, 0xCC, 0xCB, 0xCB, 0xA7, 0x77, 0x7F, 0xFF,
  0xEC, 0x77, 0xA7, 0x77, 0x77, 0xFF, 0xEA, 0x76,
  0x57, 0xBA, 0xDC, 0xBA, 0xCB, 0xA7, 0x77, 0x7C,
  0xFF, 0xFC, 0x77, 0x77, 0x77, 0x77, 0xBF, 0xED,
  0xA7, 0x56, 0x7A, 0xBD, 0xBB, 0xBC, 0xAA, 0x77,
  0x7A, 0xDF, 0xFE, 0xCA, 0x7A, 0xA7, 0x77, 0x7C,
  0xFF, 0xC7, 0x65, 0x67, 0xBB, 0xCB, 0xBB, 0xBA,
  0xA7, 0x77, 0xBD, 0xFF, 0xDB, 0xAB, 0xA7, 0x77,
  0x67, 0xEF, 0xEA, 0x76, 0x67, 0x7B, 0xDC, 0xBB,
  0xAA, 0xBA, 0x77, 0xBB, 0xEE, 0xDC, 0xBB, 0xCA,
  0x76, 0x77, 0xBE, 0xEC, 0xA7, 0x67, 0x7A, 0xBC,
  0xAB, 0xAB, 0xBC, 0xAB, 0xAB, 0xBD, 0xDD, 0xDC,
  0xCC, 0x74, 0x45, 0x7E, 0xFE, 0xA7, 0x56, 0x77,
  0xBC, 0xBA, 0xAA, 0xBC, 0xCB, 0xA7, 0xAC, 0xDE,
  0xDC, 0xBB, 0xDB, 0x75, 0x55, 0x7E, 0xFE, 0xA7,
  0x45, 0x6B, 0xCD, 0xCA, 0x7A, 0xCD, 0xCB, 0x77,
  0x7C, 0xEF, 0xDC, 0xAB, 0xDD, 0x75, 0x43, 0x7E,
  0xFF, 0xC7, 0x44, 0x67, 0xCD, 0xCB, 0x7A, 0xCD,
  0xCB, 0xA7, 0x7B, 0xEF, 0xFD, 0xA7, 0xAE, 0xE7,
  0x73, 0x05, 0xCF, 0xFE, 0xA5, 0x35, 0x7C, 0xDE,
  0xCA, 0x7B, 0xCD, 0xCA, 0x77, 0x7D, 0xFF, 0xEB,
  0x77, 0xCF, 0xE7, 0x50, 0x26, 0xEF, 0xFD, 0x73,
  0x24, 0x7E, 0xEE, 0xB7, 0x7B, 0xDD, 0xC7, 0x67,
  0x7E, 0xFF, 0xDA, 0x77, 0xCF, 0xFB, 0x50, 0x05,
  0xDF, 0xFE, 0x73, 0x04, 0x7E, 0xFE, 0xB7, 0x7A,
  0xDE, 0xDA, 0x77, 0x7C, 0xFF, 0xFC, 0x77, 0xAE,
  0xFE, 0x73, 0x02, 0x7F, 0xFF, 0xC5, 0x02, 0x5B,
  0xFE, 0xD7, 0x77, 0xCF, 0xEB, 0x75, 0x77, 0xFF,
  0xFD, 0xA7, 0x7B, 0xFF, 0xFA, 0x40, 0x26, 0xEF,
  0xFD, 0x63, 0x36, 0x7E, 0xDC, 0xA7, 0x7C, 0xEE,
  0xC7, 0x77, 0x7C, 0xFF, 0xEB, 0x77, 0x7D, 0xEE,
  0xDA, 0x40, 0x36, 0xCF, 0xFD, 0x75, 0x46, 0x7C,
  0xDB, 0xB7, 0x7C, 0xDE, 0xC7, 0x77, 0x7C, 0xFF,
  0xDC, 0x77, 0xAC, 0xEE, 0xDC, 0x74, 0x34, 0x7C,
  0xEE, 0xB7, 0x66, 0x77, 0xCC, 0xBB, 0xAB, 0xCC,
  0xCC, 0xA7, 0x7A, 0xBE, 0xDC, 0xBA, 0x7A, 0xCD,
  0xDD, 0xCB, 0x74, 0x55, 0x7C, 0xDC, 0xA7, 0x77,
  0x77, 0xCB, 0xCB, 0xAB, 0xCC, 0xCC, 0xA7, 0xAA,
  0xCD, 0xDC, 0xB7, 0xAB, 0xCD, 0xDC, 0xCB, 0x74,
  0x45, 0x7B, 0xCC, 0xA7, 0x77, 0x77, 0xCB, 0xCC,
  0xBB, 0xCC, 0xDC, 0xCB, 0xAA, 0xBC, 0xCC, 0xCA,
  0xBB, 0xBC, 0xCC, 0xCC, 0xB7, 0x44, 0x57, 0x7B,
  0xB7, 0x77, 0x77, 0x7C, 0xDE, 0xDA, 0xAA, 0xBD,
  0xDD, 0xBB, 0xAB, 0xBC, 0xCC, 0xBB, 0xAA, 0xBB,
  0xCC, 0xCC, 0x75, 0x66, 0x77, 0xA7, 0x77, 0x77,
  0x77, 0xAB, 0xCC, 0xCB, 0xBB, 0xCD, 0xDC, 0xCB,
  0xBB, 0xBB, 0xBA, 0xBB, 0xBB, 0xBB, 0xBB, 0xBA,
  0x77, 0x77, 0x77, 0x77, 0x77, 0x77, 0x77, 0x77,
  0x77, 0x77, 0xAB, 0xCD, 0xDC, 0xCC, 0xDD, 0xDC,
  0xDC, 0xDD, 0xDC, 0xCB, 0xCB, 0xBA, 0x77, 0x77,
  0x77, 0x77, 0x67, 0x77, 0x77, 0x77, 0x77, 0x77,
  0xBC, 0xDD, 0xDC, 0xDD, 0xED, 0xED, 0xDC, 0xDC,
  0xCB, 0xBB, 0xBA, 0xBA, 0xAA, 0x77, 0x77, 0x77,
  0x77, 0x67, 0x77, 0x77, 0x77, 0x77, 0x77, 0xBB,
  0xCC, 0xDC, 0xDD, 0xED, 0xDD, 0xDC, 0xDC, 0xCC,
  0xCC, 0xBB, 0xBA, 0xAA, 0x77, 0x77, 0x77, 0x77,
  0x67, 0x77, 0x77, 0x77, 0x77, 0xAA, 0xCC, 0xCD,
  0xDD, 0xDD, 0xDD, 0xDC, 0xDC, 0xCC, 0xCB, 0xBB,
  0xBB, 0xBA, 0xAA, 0xA7, 0x77, 0x77, 0x77, 0x77,
  0x77, 0x77, 0x77, 0x77, 0x77, 0xAB, 0xBC, 0xCD,
  0xDD, 0xDD, 0xDD, 0xDD, 0xDD, 0xCC, 0xCC, 0xCB,
  0xBB, 0xAA, 0xAA, 0x77, 0x77, 0x77, 0x76, 0x67,
  0x77, 0x77, 0x77, 0x7B, 0xAB, 0xBC, 0xCD, 0xDE,
  0xDE, 0xDE, 0xDE, 0xDD, 0xCC, 0xCC, 0xCB, 0xBA,
  0xAA, 0xAA, 0xA7, 0x77, 0x77, 0x77, 0x77, 0x67,
  0x77, 0x77, 0x77, 0x77, 0xA7, 0xCB, 0xDC, 0xDD,
  0xDD, 0xED, 0xED, 0xDC, 0xDC, 0xCC, 0xCB, 0xBA,
  0xAA, 0xAA, 0xA7, 0x77, 0x77, 0x77, 0x76, 0x77,
  0x77, 0x77, 0x77, 0x7B, 0xAC, 0xCD, 0xDE, 0xDE,
  0xDE, 0xDE, 0xDE, 0xCD, 0xCC, 0xBC, 0xBB, 0xAA,
  0xAA, 0x7A, 0x77, 0x77, 0x77, 0x77, 0x77, 0x77,
  0x77, 0x77, 0x77, 0x7A, 0xBA, 0xBB, 0xCC, 0xED,
  0xDC, 0xED, 0xED, 0xDC, 0xCC, 0xCC, 0xCB, 0xBA,
  0xAA, 0xAA, 0x77, 0x77, 0x77, 0x77, 0x77, 0x77,
  0x77, 0x77, 0x77, 0x77, 0xAB, 0xBC, 0xCD, 0xDE,
  0xDD, 0xDE, 0xDD, 0xDD, 0xCC, 0xBC, 0xBB, 0xBA,
  0x77, 0x77, 0x77, 0x77, 0x77, 0x77, 0x77, 0x77,
  0x77, 0x77, 0x77, 0x77, 0x77, 0x77, 0xAB, 0xBA,
  0xCC, 0xCC, 0xDC, 0xCC, 0xDD, 0xDC, 0xCB, 0xCC,
  0xCB, 0xBA, 0xAA, 0xBA, 0xA7, 0x77, 0x77, 0x77,
  0x77, 0x77, 0x77, 0x77, 0x77, 0x77, 0x7A, 0xBC,
  0x7C, 0xCD, 0xCE, 0xDD, 0xCD, 0xDD, 0xCC, 0xBC,
  0xCC, 0xBB, 0xAA, 0x7A, 0x7A, 0x77, 0x77, 0x7A,
  0x77, 0x77, 0x77, 0x77, 0x77, 0x77, 0x77, 0x77,
  0x7A, 0xBB, 0xAB, 0xCC, 0xCD, 0xCC, 0xCD, 0xDC,
  0xCC, 0xBC, 0xCB, 0xBB, 0xBA, 0xAA, 0xAA, 0xA7,
  0x77, 0x77, 0x77, 0x77, 0x77, 0x77, 0x77, 0x77,
  0x77, 0x77, 0x7B, 0xBB, 0xBD, 0xCD, 0xDD, 0xCD,
  0xDD, 0xCC, 0xCB, 0xBC, 0xBB, 0xAA, 0xAA, 0xAA,
  0xA7, 0x77, 0x77, 0x77, 0x77, 0x77, 0x77, 0x77,
  0x77, 0xA7, 0x77, 0x77, 0x7B, 0xAA, 0xBD, 0xCC,
  0xCD, 0xBC, 0xCD, 0xBC, 0xBB, 0xBB, 0xBB, 0xAB,
  0xAA, 0xAA, 0xAA, 0x7A, 0xAA, 0xAA, 0x77, 0x7A,
  0x77, 0x77, 0x77, 0xAA, 0x77, 0xAA, 0xAB, 0xBB,
  0xBC, 0xCC, 0xCC, 0xCC, 0xCD, 0xCC, 0xCC, 0xBB,
  0xBB, 0xAA, 0xBA, 0x77, 0x77, 0x7A, 0xBA, 0xAA,
  0x76, 0x77, 0x77, 0x77, 0x77, 0xCB, 0x77, 0xCC,
  0xCD, 0xCA, 0x7D, 0xDC, 0xBB, 0xAB, 0xCC, 0xA7,
  0x7B, 0xBB, 0xA7, 0x7A, 0xBA, 0x77, 0xAB, 0xBB,
  0xAA, 0xBB, 0xBB, 0xBA, 0x67, 0xBA, 0x77, 0xA7,
  0xCD, 0xA7, 0x7E, 0xDA, 0x7B, 0xBC, 0xEB, 0x7B,
  0xDC, 0x77, 0xAA, 0xCB, 0x77, 0xBC, 0xA7, 0x77,
  0xAA, 0xAA, 0xBC, 0xBB, 0xAB, 0xBB, 0xBC, 0xB7,
  0x5C, 0xB7, 0x7C, 0xA7, 0xDA, 0x77, 0xDB, 0x7A,
  0xCD, 0xDB, 0x7B, 0xDC, 0x77, 0xBC, 0xBB, 0x7B,
  0xCC, 0x77, 0xAA, 0x77, 0x7B, 0xCC, 0xAA, 0xBA,
  0xAA, 0xAB, 0xDB, 0x75, 0xDC, 0x77, 0xCA, 0xAC,
  0xA7, 0x7C, 0xA7, 0xBC, 0xCC, 0xA7, 0xBC, 0xA7,
  0x7B, 0xBA, 0xAA, 0xBB, 0xA7, 0xAA, 0xA7, 0x77,
  0xBB, 0xBA, 0xBB, 0xA7, 0x7A, 0xBC, 0xDB, 0x77,
  0xDA, 0x77, 0xC7, 0xBB, 0x77, 0xBB, 0x7A, 0xCC,
  0xCC, 0x77, 0xCC, 0xA7, 0xBB, 0xCB, 0xAA, 0xBA,
  0xA7, 0xAB, 0xA7, 0x77, 0xBB, 0xBA, 0xBB, 0xA7,
  0x7A, 0xAB, 0xCD, 0xD7, 0x4D, 0xC7, 0x5C, 0xB7,
  0xCA, 0x77, 0xCA, 0x7B, 0xCB, 0xCA, 0x7B, 0xDB,
  0xA7, 0xBB, 0xBA, 0xAA, 0xAA, 0xAA, 0xAA, 0xAA,
  0x7B, 0xBB, 0xBB, 0xBA, 0xAA, 0xAB, 0xBC, 0xCD,
  0xA5, 0xDC, 0x76, 0xEB, 0x7C, 0xA7, 0x7C, 0x77,
  0xCB, 0xBC, 0xB7, 0xBC, 0xAA, 0xAA, 0xAB, 0xAA,
  0xAA, 0xAA, 0xBA, 0xAA, 0xA7, 0xAB, 0xBB, 0xBB,
  0xBA, 0xAA, 0xAB, 0xBC, 0xDB, 0x67, 0xEA, 0x77,
  0xC7, 0xCA, 0x77, 0xBA, 0x7A, 0xCB, 0xCC, 0x7A,
  0xCB, 0xAA, 0xBA, 0xCA, 0xAA, 0xBA, 0xAA, 0xAA,
  0xAA, 0x7B, 0xBB, 0xBB, 0xBB, 0xAA, 0xAA, 0xBB,
  0xCC, 0xA4, 0xCC, 0x76, 0xCB, 0x7B, 0x77, 0x7B,
  0x77, 0xCB, 0xBC, 0xA7, 0xAC, 0xAA, 0xAB, 0xAC,
  0xBA, 0xAA, 0xAA, 0xBA, 0x77, 0xAA, 0xBB, 0xBB,
  0xCB, 0xAA, 0xAA, 0xAB, 0xBC, 0xD7, 0x5D, 0xB7,
  0x6C, 0xA7, 0xAA, 0x7B, 0xB7, 0xAC, 0xBB, 0xCA,
  0xAB, 0xBA, 0xBB, 0xAB, 0xBB, 0xAA, 0xAA, 0xAB,
  0xA7, 0xAA, 0xAB, 0xCB, 0xBB, 0xA7, 0x7A, 0xBC,
  0xDC, 0x74, 0xDB, 0x76, 0xCA, 0xAC, 0x77, 0xBA,
  0x7B, 0xBB, 0xDD, 0xA7, 0xCB, 0xAA, 0xBA, 0xBB,
  0xAB, 0xCA, 0x7A, 0xAB, 0xAA, 0xAB, 0xBB, 0xBB,
  0xBA, 0xAA, 0xAB, 0xCD, 0xB7, 0x7D, 0xA7, 0x7B,
  0xAA, 0xA7, 0x7A, 0xA7, 0xBC, 0xBC, 0xCA, 0x7B,
  0xAB, 0xBA, 0xAC, 0xCB, 0xBA, 0xAA, 0xAA, 0xAA,
  0xAA, 0xBC, 0xBB, 0xBA, 0xAA, 0xAB, 0xDD, 0x74,
  0xDD, 0x76, 0xCA, 0xAA, 0x77, 0xBA, 0x7C, 0xCB,
  0xCC, 0xA7, 0xAA, 0xBB, 0xBA, 0xCC, 0xBB, 0xBA,
  0xAA, 0xAA, 0xBB, 0xAB, 0xCC, 0xBA, 0xAB, 0xA7,
  0xBC, 0xDA, 0x67, 0xDA, 0x77, 0xAB, 0xA7, 0x77,
  0xA7, 0xBC, 0xCB, 0xDB, 0x77, 0xBA, 0xAA, 0x7C,
  0xCC, 0xAB, 0xAA, 0xA7, 0x7A, 0xBA, 0xBC, 0xCB,
  0xAA, 0xAA, 0xAB, 0xDA, 0x67, 0xEA, 0x6C, 0xBA,
  0xB7, 0x77, 0xAA, 0x7C, 0xCC, 0xDB, 0xAA, 0xB7,
  0xAB, 0xAB, 0xCC, 0xAB, 0xAA, 0xA7, 0x77, 0xAA,
  0xBC, 0xCB, 0xAA, 0xAA, 0xAB, 0xCA, 0x67, 0xDA,
  0x7B, 0xBA, 0xB7, 0x77, 0xA7, 0xCC, 0xCC, 0xDA,
  0x7B, 0xAA, 0x7A, 0xBC, 0xCB, 0xAB, 0xBA, 0xA7,
  0xAB, 0xAB, 0xBC, 0xBA, 0xAA, 0xBC, 0xC7, 0x67,
  0xC7, 0x7C, 0xBA, 0xB7, 0x77, 0x77, 0xBD, 0xBC,
  0xDB, 0x7B, 0xAB, 0x7A, 0xBC, 0xCA, 0xAB, 0xBA,
  0x77, 0xAB, 0xAB, 0xCC, 0xBA, 0xAB, 0xCB, 0x74,
  0x7C, 0x77, 0xCB, 0xAA, 0x77, 0x77, 0x7C, 0xCB,
  0xDD, 0xB7, 0xB7, 0x7A, 0xBA, 0xCC, 0xAB, 0xBC,
  0xA7, 0x7A, 0xBB, 0xBB, 0xBB, 0xBC, 0xDA, 0x67,
  0xDA, 0x7A, 0xBA, 0xB7, 0x77, 0x77, 0xBD, 0xBC,
  0xCB, 0xAC, 0xAA, 0x7C, 0xBB, 0xCB, 0xBB, 0xBB,
  0xA7, 0xAC, 0xCB, 0xBC, 0xCC, 0xCA, 0x65, 0xCA,
  0x77, 0xCA, 0xA7, 0x77, 0x77, 0x7B, 0xBB, 0xDB,
  0x77, 0xAA, 0xAB, 0xAC, 0xCB, 0xAB, 0xCB, 0xBA,
  0xAB, 0xBB, 0xBC, 0xDC, 0x74, 0x7D, 0xA7, 0xAB,
  0x7B, 0x77, 0x7A, 0x7B, 0xCA, 0xCC, 0xB7, 0xAA,
  0xBC, 0xCB, 0xCD, 0xAA, 0xBB, 0xBB, 0xAB, 0xCC,
  0xBC, 0xDC, 0x64, 0xCC, 0x77, 0xBA, 0xBA, 0x77,
  0x77, 0x7B, 0xCB, 0xCB, 0xA7, 0xAA, 0xAB, 0xBC,
  0xCC, 0xAB, 0xBB, 0xBB, 0xBC, 0xCC, 0xCD, 0xA5,
  0x6D, 0xA7, 0xBB, 0x7A, 0x76, 0x7A, 0x7B, 0xCA,
  0xBC, 0xA7, 0xBA, 0xAB, 0xBB, 0xCC, 0xAB, 0xCC,
  0xBA, 0xAB, 0xCC, 0xCC, 0x75, 0x7B, 0x77, 0xBB,
  0xBA, 0x77, 0x77, 0x7C, 0xCB, 0xCC, 0xA7, 0xAA,
  0xBB, 0xAB, 0xDC, 0xBB, 0xBB, 0xBA, 0xAB, 0xDC,
  0xB6, 0x5C, 0xB7, 0x7C, 0xAA, 0x77, 0x77, 0xAB,
  0xCC, 0xBD, 0xC7, 0x77, 0xBB, 0xBB, 0xDD, 0xCA,
  0xBB, 0xBB, 0xBC, 0xDB, 0x75, 0xCC, 0x7B, 0xBB,
  0xA7, 0x67, 0x77, 0xAC, 0xCC, 0xDB, 0x77, 0x77,
  0xBC, 0xBC, 0xDC, 0xBB, 0xBA, 0xCB, 0xBA, 0x75,
  0xCA, 0x7B, 0xCB, 0xB7, 0x77, 0x77, 0x7B, 0xCD,
  0xDC, 0x77, 0x77, 0xAA, 0xAC, 0xDC, 0xBC, 0xBB,
  0xCB, 0x74, 0x7A, 0xA7, 0xBD, 0xCB, 0x77, 0x77,
  0x7A, 0xBC, 0xED, 0xBA, 0xBA, 0xAA, 0xAA, 0xCC,
  0xCC, 0xCD, 0xCC, 0x75, 0x6A, 0x77, 0xAC, 0xCC,
  0xA7, 0x77, 0x77, 0xAB, 0xDD, 0xCB, 0xBB, 0xBB,
  0xAA, 0xBC, 0xCC, 0xCD, 0xCC, 0x74, 0x7A, 0x77,
  0xAC, 0xCC, 0xA7, 0x77, 0x77, 0xAA, 0xCD, 0xCB,
  0xBA, 0xBB, 0xAA, 0xCC, 0xCC, 0xCC, 0xCB, 0x66,
  0xB7, 0x77, 0x7B, 0xCA, 0x77, 0x77, 0x77, 0x7B,
  0xCB, 0xBC, 0xBB, 0xBB, 0xAB, 0xBB, 0xCC, 0xCC,
  0xB7, 0x77, 0x77, 0x77, 0xAB, 0xA7, 0xA7, 0x77,
  0x77, 0xBB, 0xBB, 0xBB, 0xBB, 0xBB, 0xBB, 0xBB,
  0xCC, 0xCC, 0x77, 0x77, 0x77, 0x77, 0xAB, 0xAA,
  0xAA, 0x7A, 0x7A, 0xBB, 0xBB, 0xBC, 0xCB, 0xBB,
  0xBB, 0xBB, 0xCC, 0xCB, 0x77, 0x77, 0x77, 0x77,
  0xAA, 0x7A, 0xAA, 0xA7, 0xAB, 0xBB, 0xBB, 0xBC,
  0xCB, 0xBB, 0xBB, 0xBB, 0xBB, 0xB7, 0x77, 0x77,
  0x77, 0x77, 0x77, 0x77, 0x7A, 0xAA, 0xAA, 0xBB,
  0xBB, 0xBB,

  // Sample: "Your time's up"
  0x77, 0xAA, 0xAC, 0xCB, 0xBC, 0xBA, 0xBC, 0xBA,
  0xBB, 0xBB, 0xCB, 0x7B, 0xA6, 0x67, 0x64, 0x67,
  0x77, 0x7A, 0xBA, 0xBD, 0xCB, 0xCC, 0xAA, 0xBB,
  0xAB, 0xCC, 0xBB, 0xA7, 0xA7, 0x66, 0x75, 0x57,
  0x77, 0x7A, 0xBB, 0xBC, 0xCB, 0xBC, 0xBA, 0xBB,
  0xBA, 0xBC, 0xCC, 0xA7, 0x77, 0x54, 0x76, 0x46,
  0x77, 0x77, 0xBB, 0xBB, 0xDC, 0xAA, 0xCA, 0x7B,
  0xCB, 0xBC, 0xCC, 0xB7, 0x7A, 0x64, 0x57, 0x44,
  0x77, 0x77, 0xBB, 0xCB, 0xCC, 0xB7, 0xBB, 0xA7,
  0xBC, 0xBC, 0xCC, 0xB7, 0x7A, 0x74, 0x47, 0x64,
  0x67, 0x77, 0xBC, 0xDB, 0xBC, 0xCA, 0x7B, 0xBA,
  0xAC, 0xCC, 0xCD, 0xC7, 0x77, 0x73, 0x47, 0x55,
  0x67, 0xAA, 0xAC, 0xDC, 0xBB, 0xCA, 0x7A, 0xBB,
  0xAC, 0xCD, 0xCC, 0xB7, 0x77, 0x62, 0x56, 0x55,
  0x77, 0xAB, 0xBC, 0xDC, 0xBB, 0xCA, 0x77, 0xBA,
  0xBC, 0xDD, 0xCC, 0x77, 0x76, 0x42, 0x65, 0x56,
  0x77, 0xBB, 0xCD, 0xDB, 0xAB, 0xAA, 0x7A, 0xBB,
  0xBC, 0xDD, 0xCC, 0x77, 0x76, 0x33, 0x55, 0x56,
  0x7B, 0xCB, 0xCD, 0xDB, 0xAB, 0xB7, 0x7A, 0xBB,
  0xCC, 0xDD, 0xCA, 0x77, 0x76, 0x04, 0x66, 0x57,
  0xAB, 0xCC, 0xDD, 0xCA, 0xAB, 0xA7, 0x7B, 0xCB,
  0xCD, 0xDD, 0xC7, 0x77, 0x73, 0x04, 0x65, 0x67,
  0xBC, 0xCC, 0xDD, 0xCA, 0xAB, 0xA7, 0xAB, 0xCC,
  0xCD, 0xDD, 0xC7, 0x67, 0x74, 0x05, 0x65, 0x67,
  0xBC, 0xCC, 0xDD, 0xCA, 0xAB, 0xA7, 0x7B, 0xBB,
  0xCC, 0xDC, 0xB7, 0x67, 0x64, 0x04, 0x65, 0x67,
  0xBB, 0xCC, 0xDD, 0xCA, 0xAB, 0xA7, 0xAB, 0xCB,
  0xCC, 0xCC, 0xCB, 0x76, 0x75, 0x32, 0x56, 0x57,
  0x7B, 0xBB, 0xCD, 0xDB, 0xAB, 0xBA, 0x7A, 0xBB,
  0xBC, 0xCC, 0xBB, 0xA7, 0x67, 0x74, 0x35, 0x76,
  0x67, 0xAB, 0xAB, 0xCC, 0xBB, 0xBB, 0xBA, 0xBB,
  0xBB, 0xBC, 0xCB, 0xAB, 0xA7, 0x67, 0x76, 0x56,
  0x77, 0x67, 0x7A, 0xAA, 0xBB, 0xBA, 0xBC, 0xBB,
  0xBB, 0xBA, 0xBB, 0xAA, 0xAA, 0x77, 0xAA, 0x77,
  0x77, 0x77, 0x77, 0x77, 0x77, 0x77, 0x77, 0x77,
  0xAA, 0xAA, 0xAA, 0xAA, 0xBB, 0xBB, 0xBA, 0xAA,
  0xAA, 0xAA, 0x77, 0x77, 0x77, 0x77, 0x77, 0x77,
  0x77, 0x77, 0x77, 0x77, 0x77, 0x7A, 0xAA, 0xAB,
  0xAA, 0xAA, 0xAA, 0xBA, 0xAA, 0xA7, 0x77, 0x77,
  0x77, 0x77, 0x77, 0x77, 0x77, 0x77, 0x77, 0x77,
  0x77, 0x77, 0x77, 0x77, 0x7A, 0x77, 0x77, 0x7A,
  0xAA, 0xA7, 0xA7, 0x7A, 0xAA, 0xAA, 0xA7, 0x77,
  0x7A, 0xAA, 0x77, 0x77, 0x77, 0x77, 0x77, 0x77,
  0x77, 0x77, 0x77, 0x77, 0x77, 0x7A, 0xAA, 0xAA,
  0xA7, 0x77, 0xAA, 0xA7, 0x77, 0x7A, 0x77, 0x77,
  0xA7, 0x77, 0x77, 0x77, 0x7A, 0x77, 0x77, 0x77,
  0x7A, 0x77, 0x77, 0x77, 0x77, 0x77, 0x77, 0x77,
  0x77, 0x77, 0x77, 0x77, 0x7A, 0xAA, 0xA7, 0x7A,
  0x77, 0x7A, 0xA7, 0x77, 0x77, 0x77, 0x77, 0x77,
  0x77, 0x77, 0x77, 0x77, 0x77, 0x77, 0x77, 0xA7,
  0x77, 0x77, 0x77, 0x7A, 0x77, 0x77, 0x77, 0x7A,
  0x77, 0x77, 0x77, 0x77, 0x77, 0x77, 0x77, 0x77,
  0x77, 0xA7, 0x77, 0x77, 0x77, 0xA7, 0x77, 0x77,
  0x77, 0x7A, 0x77, 0x77, 0x77, 0x77, 0xA7, 0x77,
  0x77, 0x77, 0x7A, 0xA7, 0x77, 0x77, 0x77, 0xAA,
  0x77, 0x77, 0x77, 0xA7, 0x77, 0x77, 0x77, 0x7A,
  0xA7, 0x77, 0x77, 0x77, 0x77, 0x77, 0x77, 0x77,
  0x77, 0x77, 0x77, 0x77, 0x77, 0x77, 0x77, 0x77,
  0x77, 0x77, 0x77, 0x77, 0x77, 0x77, 0xA7, 0x77,
  0x77, 0x77, 0xAA, 0x77, 0x77, 0x77, 0x7A, 0x77,
  0x7A, 0x77, 0x7A, 0x77, 0x7A, 0x77, 0xA7, 0xA7,
  0x77, 0x77, 0x77, 0x77, 0xA7, 0x77, 0x77, 0xAA,
  0xAA, 0x7A, 0xA7, 0xA7, 0x77, 0x7A, 0x7A, 0x77,
  0x7A, 0xA7, 0xA7, 0xA7, 0xA7, 0x77, 0x77, 0x77,
  0x77, 0xAA, 0xAA, 0x77, 0xAA, 0x77, 0xA7, 0xB7,
  0xAA, 0x7A, 0x77, 0x77, 0x77, 0x77, 0xA7, 0x7A,
  0x77, 0x77, 0x77, 0x7A, 0x77, 0x7A, 0x7A, 0x77,
  0xA7, 0x77, 0x77, 0x7A, 0xA7, 0x7A, 0x77, 0xA7,
  0xAA, 0x7B, 0x7A, 0x7A, 0x7A, 0x7A, 0xAB, 0x7A,
  0x77, 0xB7, 0x7A, 0xA7, 0xA7, 0x7A, 0xB7, 0xAA,
  0x7A, 0x7A, 0x77, 0xA7, 0x77, 0xA7, 0x77, 0xA7,
  0xA7, 0x77, 0x7A, 0x77, 0xA7, 0xB7, 0x7B, 0x7A,
  0xAA, 0xAA, 0x77, 0x7A, 0x7A, 0x77, 0xB7, 0xB7,
  0xA7, 0x7B, 0x77, 0x77, 0xA7, 0xA7, 0x7B, 0x77,
  0x77, 0x7A, 0x7A, 0x7C, 0x7D, 0x7A, 0x77, 0xB7,
  0x7A, 0x7A, 0x7A, 0x7A, 0x7A, 0x77, 0xA7, 0x77,
  0xA7, 0x77, 0x7A, 0x77, 0xA7, 0x7B, 0x7A, 0xA7,
  0xA7, 0xB7, 0xA7, 0x7A, 0xA7, 0xB7, 0x77, 0x7A,
  0x7A, 0x77, 0xA7, 0xA7, 0x7B, 0x7A, 0x77, 0xB7,
  0xA7, 0xAB, 0x77, 0x77, 0x7A, 0x7A, 0x77, 0x7A,
  0x77, 0xAA, 0x7A, 0xA7, 0xB7, 0xA7, 0x77, 0x7A,
  0x7B, 0x7A, 0x77, 0xA7, 0xA7, 0x7A, 0x7A, 0xAA,
  0x7A, 0x77, 0x7B, 0x7B, 0x7B, 0x7A, 0x7A, 0xAA,
  0xA7, 0x77, 0x77, 0x77, 0xA7, 0xB7, 0xAA, 0x77,
  0xA7, 0x77, 0x77, 0x77, 0xA7, 0xA7, 0xB7, 0x77,
  0x77, 0x77, 0xA7, 0xAA, 0x77, 0x7A, 0x7A, 0x7A,
  0x77, 0x7A, 0xAA, 0x7A, 0x77, 0x77, 0xA7, 0xAA,
  0x77, 0x77, 0x77, 0xAA, 0xA7, 0x77, 0x7A, 0x77,
  0xA7, 0x77, 0x77, 0x77, 0x77, 0xA7, 0x77, 0x7A,
  0x77, 0x7A, 0x77, 0x7A, 0x77, 0x7A, 0xA7, 0x77,
  0x77, 0xAA, 0xA7, 0x77, 0x77, 0x7A, 0x77, 0x7A,
  0x77, 0x77, 0xAA, 0x77, 0x7A, 0x7A, 0x77, 0xAA,
  0x77, 0x7A, 0x77, 0x77, 0xA7, 0x77, 0x77, 0xA7,
  0xA7, 0xA7, 0xA7, 0xA7, 0xA7, 0xA7, 0xA7, 0x77,
  0xA7, 0xA7, 0x7A, 0xAA, 0x77, 0x7B, 0xA7, 0x77,
  0x7A, 0x77, 0xAA, 0xB7, 0x7A, 0x77, 0x77, 0xB7,
  0xA7, 0x77, 0xAA, 0xA7, 0x7A, 0x77, 0x7A, 0xA7,
  0x77, 0x7A, 0x7A, 0x77, 0x7B, 0x77, 0x77, 0xBA,
  0x77, 0x7B, 0xA7, 0x77, 0xBB, 0x7A, 0xAA, 0xAA,
  0xA7, 0x77, 0x77, 0x7A, 0x77, 0x77, 0x77, 0x77,
  0x7A, 0x77, 0xAC, 0xC7, 0x7A, 0xBB, 0xAA, 0xBB,
  0xBA, 0x77, 0xAA, 0xA7, 0x77, 0xA7, 0x76, 0x67,
  0x77, 0x77, 0xAA, 0x7B, 0xAB, 0xBB, 0xBB, 0xBC,
  0xCB, 0xAA, 0xBA, 0xAA, 0x77, 0x77, 0x77, 0x77,
  0x67, 0x77, 0x77, 0x7A, 0xAA, 0xCC, 0xBA, 0xCC,
  0xCC, 0xAA, 0xBB, 0xA7, 0x7B, 0x76, 0x66, 0x77,
  0x77, 0x57, 0x77, 0xA7, 0xAA, 0x7B, 0xBC, 0xCC,
  0xBA, 0xAC, 0xCC, 0xBA, 0xAA, 0x77, 0x76, 0x55,
  0x7B, 0x77, 0x56, 0x77, 0xAA, 0xBA, 0x7A, 0xCD,
  0xDB, 0xBB, 0xAB, 0xCC, 0xCA, 0xBA, 0x75, 0x35,
  0x7A, 0xA6, 0x67, 0x77, 0x77, 0xBA, 0x77, 0xBD,
  0xDC, 0xCA, 0xAA, 0xBC, 0xCC, 0xAA, 0x65, 0x56,
  0x77, 0x77, 0x76, 0x77, 0xBA, 0x77, 0x7C, 0xDD,
  0xDC, 0xCB, 0xAA, 0xBD, 0xDD, 0xA5, 0x33, 0x7B,
  0xA7, 0x66, 0x77, 0x7A, 0xAA, 0x77, 0xBC, 0xED,
  0xCB, 0xAB, 0xBB, 0xDD, 0xD7, 0x00, 0x6D, 0xD7,
  0x44, 0x7A, 0x77, 0x7A, 0xA7, 0xAC, 0xEE, 0xCB,
  0xAA, 0xAB, 0xDE, 0xC0, 0x02, 0x7F, 0xC6, 0x26,
  0x7B, 0x77, 0x7A, 0xA7, 0xAD, 0xED, 0xBA, 0xAB,
  0xCE, 0xEC, 0x40, 0x27, 0xFD, 0x60, 0x47, 0xBA,
  0x77, 0xBA, 0xAA, 0xCE, 0xEC, 0xA7, 0xBC, 0xEE,
  0xA0, 0x03, 0xEF, 0xC4, 0x05, 0xAC, 0xB7, 0x7A,
  0xAA, 0xAD, 0xED, 0xB7, 0x7C, 0xDE, 0xD4, 0x02,
  0x7F, 0xE7, 0x03, 0x7B, 0xB7, 0x77, 0xAA, 0xBC,
  0xEE, 0xCA, 0xAB, 0xDF, 0xD0, 0x02, 0x7F, 0xE7,
  0x02, 0x7C, 0xB7, 0x67, 0xAB, 0xBC, 0xEE, 0xCA,
  0x7C, 0xEF, 0xA0, 0x04, 0xFF, 0xC3, 0x06, 0xBC,
  0xA6, 0x7A, 0xAB, 0xBD, 0xED, 0xBA, 0x7D, 0xFF,
  0x60, 0x07, 0xFF, 0x70, 0x27, 0xBC, 0x77, 0x77,
  0x7B, 0xBD, 0xDC, 0xA7, 0xBD, 0xFE, 0x00, 0x0C,
  0xFE, 0x70, 0x47, 0xBC, 0x77, 0x77, 0x7B, 0xCD,
  0xDB, 0xA7, 0xCE, 0xFB, 0x00, 0x3F, 0xFC, 0x50,
  0x6A, 0xAB, 0x77, 0xA7, 0x7B, 0xDE, 0xCA, 0x77,
  0xDE, 0xFB, 0x00, 0x3F, 0xFC, 0x40, 0x7B, 0xAA,
  0x77, 0xB7, 0x7A, 0xEF, 0xCA, 0x77, 0xDE, 0xFB,
  0x00, 0x3F, 0xFC, 0x50, 0x6B, 0xA7, 0x77, 0xC7,
  0x77, 0xDF, 0xDA, 0x77, 0xDF, 0xFC, 0x00, 0x2E,
  0xFD, 0x60, 0x6A, 0xA7, 0x7A, 0xCA, 0x77, 0xDF,
  0xEA, 0x77, 0xDF, 0xFE, 0x60, 0x27, 0xFF, 0x72,
  0x37, 0xA7, 0x77, 0xBA, 0x77, 0xBF, 0xFB, 0x77,
  0xBE, 0xEE, 0xA0, 0x04, 0xFF, 0xB4, 0x06, 0xA7,
  0x77, 0xBA, 0x67, 0x7E, 0xFC, 0x77, 0x7D, 0xEE,
  0xE6, 0x00, 0x7F, 0xF7, 0x03, 0x7A, 0x77, 0xAC,
  0x75, 0x7C, 0xFF, 0xA7, 0x7B, 0xEE, 0xEC, 0x00,
  0x4E, 0xFB, 0x40, 0x6A, 0x77, 0x7C, 0xB7, 0x57,
  0xEF, 0xE7, 0x77, 0xCE, 0xEF, 0xA0, 0x05, 0xFF,
  0x70, 0x37, 0xB7, 0x7A, 0xCB, 0x66, 0x7F, 0xFC,
  0x77, 0x7E, 0xEE, 0xEA, 0x02, 0x7F, 0xF7, 0x03,
  0x7B, 0x77, 0xBC, 0x75, 0x6C, 0xFF, 0xB7, 0x7B,
  0xEE, 0xEE, 0x60, 0x37, 0xFE, 0x52, 0x6A, 0xA7,
  0x7D, 0xD7, 0x47, 0xDF, 0xEA, 0x77, 0xCD, 0xDE,
  0xE6, 0x03, 0x7F, 0xD4, 0x27, 0xB7, 0x67, 0xDD,
  0x74, 0x7D, 0xFD, 0x77, 0x7C, 0xCC, 0xEE, 0x70,
  0x37, 0xFE, 0x52, 0x7B, 0x75, 0x7E, 0xE7, 0x46,
  0xEF, 0xD7, 0x7B, 0xCB, 0xCF, 0xFB, 0x00, 0x7F,
  0xE4, 0x07, 0xB7, 0x36, 0xEF, 0x73, 0x5D, 0xFC,
  0x77, 0xCB, 0x7B, 0xEF, 0xE3, 0x06, 0xFF, 0x70,
  0x6D, 0xA4, 0x4C, 0xFC, 0x53, 0x7F, 0xEA, 0xAC,
  0xB7, 0x7E, 0xFF, 0x70, 0x2C, 0xFC, 0x35, 0xCA,
  0x42, 0x7F, 0xF7, 0x37, 0xDD, 0xAB, 0xDC, 0x77,
  0xBF, 0xFE, 0x60, 0x6C, 0xFA, 0x47, 0xC7, 0x34,
  0x7F, 0xD7, 0x57, 0xCC, 0xBD, 0xDB, 0x77, 0xCF,
  0xED, 0x40, 0x6D, 0xE7, 0x5B, 0xC6, 0x05, 0xDF,
  0xA5, 0x7B, 0xCA, 0xCE, 0xDA, 0x77, 0xEE, 0xED,
  0x60, 0x7C, 0xD7, 0x6B, 0xB6, 0x25, 0xCE, 0xA7,
  0x77, 0xAA, 0xCD, 0xCA, 0x7B, 0xCC, 0xDE, 0x70,
  0x6C, 0xC7, 0x5B, 0xD7, 0x25, 0xCD, 0xA7, 0x7A,
  0x77, 0xCE, 0xCA, 0xAB, 0xAB, 0xEF, 0xB0, 0x2B,
  0xE7, 0x37, 0xF7, 0x03, 0xBD, 0x77, 0xBB, 0x77,
  0xBE, 0xCB, 0xBB, 0xA7, 0xDF, 0xE4, 0x07, 0xD7,
  0x27, 0xFB, 0x33, 0x7C, 0x77, 0xCC, 0xA7, 0xBD,
  0xBA, 0xCC, 0xA7, 0xCE, 0xEC, 0x02, 0xCA, 0x55,
  0xCE, 0x74, 0x67, 0x76, 0x7D, 0xB7, 0x7B, 0xB7,
  0xCD, 0xB7, 0xAD, 0xDC, 0xC6, 0x37, 0x76, 0x6B,
  0xD7, 0x67, 0x77, 0x67, 0xCA, 0xAA, 0xBB, 0x7C,
  0xCB, 0xAB, 0xDC, 0xCD, 0x43, 0x77, 0x67, 0xDD,
  0x77, 0x77, 0x67, 0xCC, 0x7A, 0xBB, 0xAA, 0xDC,
  0xAB, 0xCC, 0xBC, 0xD6, 0x47, 0x76, 0x6B, 0xD7,
  0x77, 0x76, 0x7B, 0xB7, 0xBC, 0xBA, 0xAD, 0xBA,
  0xBC, 0xCB, 0xDD, 0x62, 0x77, 0x66, 0xBD, 0x77,
  0x77, 0x77, 0xBB, 0x7B, 0xCB, 0xAB, 0xDC, 0x7C,
  0xCC, 0xBC, 0xD7, 0x2A, 0x66, 0x57, 0xD7, 0x7B,
  0x77, 0x6A, 0xA7, 0xBD, 0xBA, 0xBD, 0xB7, 0xCC,
  0xBC, 0xCE, 0xA0, 0x76, 0x54, 0x7C, 0x76, 0xC7,
  0x76, 0x7A, 0x77, 0xDA, 0xAB, 0xDC, 0x7C, 0xDB,
  0xBC, 0xCB, 0x47, 0x74, 0x57, 0xB7, 0x7C, 0x77,
  0x77, 0xA7, 0x7C, 0xAA, 0xCD, 0xCA, 0xBD, 0xBB,
  0xCD, 0xC6, 0x5A, 0x44, 0x77, 0x76, 0x7A, 0x77,
  0x7A, 0x77, 0xBB, 0x7C, 0xCD, 0xBB, 0xDB, 0xAC,
  0xCC, 0xA3, 0x76, 0x45, 0x77, 0x77, 0xC7, 0x77,
  0xA7, 0x77, 0xCA, 0xBC, 0xDC, 0xBC, 0xDB, 0xBC,
  0xCB, 0x66, 0x75, 0x47, 0x77, 0x77, 0xB7, 0x77,
  0xA7, 0x77, 0xBA, 0xBC, 0xDB, 0xBC, 0xCB, 0xBB,
  0xCA, 0x47, 0x76, 0x56, 0x77, 0x77, 0x77, 0x77,
  0xAA, 0x77, 0xBB, 0xBB, 0xCB, 0xBB, 0xBB, 0xAA,
  0xBA, 0x77, 0x77, 0x77, 0x77, 0x77, 0x77, 0x77,
  0x77, 0xAA, 0xAB, 0xBB, 0xBB, 0xBB, 0xCC, 0xCC,
  0xCB, 0xAA, 0xA7, 0x77, 0x77, 0x76, 0x67, 0x77,
  0x77, 0x77, 0xAA, 0xAB, 0xBC, 0xCC, 0xDD, 0xCD,
  0xDD, 0xCA, 0xB7, 0x77, 0x76, 0x66, 0x55, 0x66,
  0x77, 0x77, 0x77, 0xBB, 0xBC, 0xCD, 0xDD, 0xDD,
  0xDD, 0xDC, 0xAA, 0x77, 0x76, 0x56, 0x55, 0x56,
  0x57, 0x77, 0x77, 0x7B, 0xBB, 0xCC, 0xCD, 0xDD,
  0xDD, 0xDD, 0xCB, 0xAA, 0x77, 0x76, 0x55, 0x55,
  0x55, 0x67, 0x77, 0x77, 0xAB, 0xBC, 0xCD, 0xCD,
  0xDD, 0xDD, 0xCC, 0xBA, 0xA7, 0x77, 0x75, 0x65,
  0x55, 0x66, 0x77, 0x77, 0x7A, 0xBB, 0xCC, 0xDD,
  0xDD, 0xDD, 0xDD, 0xDD, 0xCA, 0xA7, 0x77, 0x75,
  0x55, 0x45, 0x55, 0x77, 0x77, 0x7A, 0xBB, 0xCC,
  0xDD, 0xDD, 0xDD, 0xDC, 0xCC, 0xCA, 0xA7, 0x77,
  0x65, 0x55, 0x55, 0x56, 0x77, 0x77, 0x7A, 0xBC,
  0xCC, 0xDD, 0xDE, 0xDD, 0xDD, 0xCC, 0xCA, 0x77,
  0x77, 0x65, 0x55, 0x45, 0x55, 0x67, 0x77, 0x7A,
  0xBB, 0xCC, 0xDD, 0xDD, 0xDD, 0xDC, 0xCC, 0xCA,
  0x77, 0x77, 0x65, 0x55, 0x45, 0x55, 0x67, 0x77,
  0x77, 0xBC, 0xCC, 0xDD, 0xDD, 0xDD, 0xDD, 0xCC,
  0xCB, 0xA7, 0x77, 0x75, 0x55, 0x44, 0x55, 0x56,
  0x77, 0x77, 0xBB, 0xCC, 0xDD, 0xDD, 0xDD, 0xDD,
  0xCC, 0xCB, 0xA7, 0x77, 0x76, 0x55, 0x54, 0x45,
  0x56, 0x77, 0x77, 0xAB, 0xCD, 0xDD, 0xEE, 0xED,
  0xDD, 0xDC, 0xCB, 0xBA, 0x77, 0x77, 0x65, 0x54,
  0x45, 0x55, 0x67, 0x77, 0x7A, 0xBC, 0xDD, 0xDE,
  0xEE, 0xDD, 0xDD, 0xCC, 0xBB, 0xA7, 0x77, 0x76,
  0x55, 0x44, 0x45, 0x56, 0x77, 0x77, 0xAB, 0xCD,
  0xDD, 0xEE, 0xED, 0xDD, 0xCC, 0xCB, 0xAA, 0x77,
  0x77, 0x65, 0x54, 0x44, 0x55, 0x67, 0x77, 0x7A,
  0xBC, 0xDD, 0xDE, 0xEE, 0xDD, 0xDC, 0xCC, 0xBA,
  0xA7, 0x77, 0x76, 0x65, 0x54, 0x55, 0x66, 0x77,
  0x77, 0xAB, 0xCC, 0xDD, 0xED, 0xDD, 0xDD, 0xCC,
  0xCB, 0xBA, 0x77, 0x77, 0x76, 0x55, 0x55, 0x56,
  0x67, 0x77, 0x7A, 0xBC, 0xDD, 0xDE, 0xED, 0xDD,
  0xCC, 0xCB, 0xBA, 0xA7, 0x77, 0x77, 0x66, 0x55,
  0x55, 0x66, 0x77, 0x77, 0x7A, 0xBC, 0xDD, 0xDD,
  0xDD, 0xCC, 0xCC, 0xBB, 0xAA, 0xA7, 0x77, 0x77,
  0x66, 0x65, 0x66, 0x67, 0x77, 0x77, 0xAB, 0xBC,
  0xCD, 0xDD, 0xCC, 0xCC, 0xCB, 0xBA, 0xAA, 0x77,
  0x77, 0x77, 0x77, 0x77, 0x67, 0x77, 0x77, 0x77,
  0xAA, 0xBB, 0xCC, 0xCC, 0xCC, 0xCC, 0xBB, 0xBA,
  0xAA, 0xA7, 0x77, 0x77, 0x77, 0x77, 0x77, 0x77,
  0x77, 0x77, 0x7A, 0xAB, 0xBB, 0xBB, 0xBC, 0xCB,
  0xBB, 0xBB, 0xAA, 0xA7, 0x77, 0x77, 0x77, 0x77,
  0x77, 0x77, 0x77, 0x77, 0x77, 0x77, 0x7A, 0xAA,
  0xAB, 0xBB, 0xBB, 0xAA, 0xAA, 0xAA, 0xA7, 0x77,
  0x77, 0x77, 0x77, 0x77, 0x77, 0x77, 0x77, 0x77,
  0x77, 0x77, 0x77, 0x77, 0xA7, 0xAA, 0xAA, 0xAA,
  0xAA, 0xAA, 0xAA, 0xAA, 0x77, 0xA7, 0x77, 0xA7,
  0x77, 0x77, 0x77, 0x77, 0x77, 0x77, 0x77, 0x77,
  0x77, 0x77, 0x77, 0xAA, 0xAA, 0xAA, 0xAA, 0xAA,
  0xAA, 0xAA, 0xAA, 0x77, 0x77, 0x77, 0x77, 0x77,
  0x77, 0x77, 0x77, 0x77, 0x77, 0x77, 0x77, 0x77,
  0xAA, 0xAA, 0xAA, 0xAA, 0xAA, 0xAA, 0xAA, 0xAA,
  0x77, 0x77, 0x77, 0x77, 0x77, 0x77, 0x77, 0x77,
  0x77, 0x77, 0x77, 0x77, 0xA7, 0xA7, 0x77, 0xAA,
  0xAA, 0xAA, 0xA7, 0x77, 0xAA, 0xAA, 0x77, 0x77,
  0x77, 0x77, 0x77, 0x77, 0x77, 0x77, 0x77, 0x77,
  0x77, 0x77, 0x77, 0x77, 0x77, 0x77, 0xA7, 0xA7,
  0x77, 0xA7, 0xAA, 0xAA, 0xA7, 0x77, 0x77, 0x77,
  0xA7, 0x77, 0x77, 0x77, 0x77, 0x77, 0x77, 0x77,
  0x77, 0x77, 0x77, 0x77, 0x7A, 0xAA, 0x77, 0xAA,
  0xA7, 0xAA, 0xAA, 0x77, 0x77, 0xA7, 0x77, 0x77,
  0x77, 0x77, 0x77, 0x77, 0x77, 0x77, 0x77, 0x77,
  0x77, 0x77, 0x7A, 0x77, 0x77, 0x77, 0x7A, 0xAA,
  0x77, 0x77, 0x7A, 0xAA, 0xAA, 0x77, 0x77, 0x77,
  0x77, 0x77, 0x77, 0x77, 0x77, 0x77, 0x77, 0x77,
  0x77, 0xA7, 0x77, 0x77, 0x77, 0xAA, 0x7A, 0x77,
  0x77, 0xA7, 0xA7, 0xA7, 0x77, 0x77, 0xA7, 0x77,
  0x77, 0x77, 0x77, 0x77, 0x77, 0x77, 0x77, 0xA7,
  0x77, 0x77, 0x7A, 0xAA, 0xA7, 0xAA, 0x7A, 0xAA,
  0xAA, 0x77, 0x77, 0x77, 0x77, 0x77, 0x77, 0x77,
  0x77, 0x77, 0x77, 0x77, 0x7A, 0xAA, 0xAA, 0xAA,
  0xAA, 0xAA, 0xAA, 0xAA, 0xA7, 0x77, 0x77, 0x77,
  0x77, 0x77, 0x77, 0x77, 0x77, 0x77, 0xAA, 0xAA,
  0xAA, 0xAA, 0xAA, 0xAB, 0xBB, 0xAB, 0xBA, 0xA7,
  0x77, 0x77, 0x77, 0x77, 0x77, 0x77, 0x77, 0xAA,
  0xAA, 0xAA, 0xBB, 0xAB, 0xBB, 0xBB, 0xBB, 0xBB,
  0x77, 0x77, 0x76, 0x67, 0x77, 0x77, 0xAA, 0xAA,
  0xAB, 0xAA, 0xAA, 0xBB, 0xAB, 0xCC, 0xCC, 0xCC,
  0xB7, 0x77, 0x76, 0x45, 0x77, 0x77, 0x7C, 0xCB,
  0x77, 0xB7, 0x77, 0x7B, 0xBB, 0xDE, 0xED, 0xCD,
  0xB6, 0x44, 0x55, 0x34, 0x7C, 0xCA, 0xCE, 0xDA,
  0x66, 0x77, 0x77, 0xBE, 0xED, 0xEE, 0xEC, 0xBA,
  0x60, 0x23, 0x66, 0x67, 0xDE, 0xC7, 0xBB, 0x75,
  0x37, 0x7B, 0xBC, 0xFF, 0xEC, 0xBC, 0xB7, 0x77,
  0x35, 0x57, 0x77, 0x7B, 0xCB, 0x77, 0x77, 0x75,
  0x7C, 0xDC, 0xBE, 0xEC, 0xA7, 0xBC, 0xBB, 0xA4,
  0x65, 0x77, 0x67, 0xBC, 0xB7, 0x7A, 0x77, 0x57,
  0xBC, 0xCA, 0xDE, 0xCA, 0x7B, 0xCC, 0xA7, 0x46,
  0x57, 0x76, 0x7C, 0xCC, 0x77, 0x77, 0x75, 0x7D,
  0xED, 0xBC, 0xEC, 0x77, 0xBD, 0xDC, 0xA3, 0x54,
  0x77, 0x67, 0xDD, 0xC6, 0x77, 0x77, 0x57, 0xDE,
  0xDA, 0xCD, 0xB7, 0x7B, 0xDD, 0xDA, 0x04, 0x27,
  0x76, 0xBD, 0xFC, 0x46, 0x77, 0x76, 0x7E, 0xFD,
  0x77, 0xCC, 0xA7, 0xBE, 0xED, 0x70, 0x44, 0xB7,
  0x6C, 0xDF, 0xA3, 0x47, 0xBA, 0x77, 0xEF, 0xC7,
  0x7B, 0xCB, 0x7B, 0xDE, 0xE7, 0x02, 0x7C, 0xA6,
  0xCD, 0xF7, 0x23, 0x7C, 0xC7, 0xBD, 0xEB, 0x77,
  0xAC, 0xC7, 0xBD, 0xED, 0x40, 0x27, 0xDA, 0x77,
  0xDE, 0x62, 0x37, 0xED, 0x77, 0xBD, 0xB7, 0x7B,
  0xED, 0xAA, 0xDF, 0xD0, 0x00, 0xCF, 0xA7, 0x7E,
  0xF5, 0x00, 0x7F, 0xE7, 0x77, 0xEB, 0x67, 0xAF,
  0xEA, 0x7C, 0xFD, 0x00, 0x0D, 0xFC, 0x77, 0xDF,
  0x60, 0x07, 0xFF, 0xA6, 0x7E, 0xC7, 0x77, 0xFE,
  0xA7, 0xBF, 0xE3, 0x00, 0x7F, 0xD7, 0x6B, 0xF6,
  0x00, 0x7F, 0xFB, 0x67, 0xDD, 0x77, 0x7E, 0xEC,
  0x7B, 0xEF, 0x70, 0x05, 0xFF, 0x77, 0x7F, 0xB3,
  0x04, 0xEF, 0xF7, 0x57, 0xDB, 0x77, 0x7F, 0xEA,
  0x7C, 0xFE, 0x60, 0x06, 0xFF, 0x77, 0x7F, 0xA0,
  0x05, 0xFF, 0xD7, 0x57, 0xDB, 0x77, 0xBF, 0xDA,
  0x7C, 0xFD, 0x60, 0x07, 0xFF, 0x76, 0x7D, 0x73,
  0x06, 0xFF, 0xD7, 0x57, 0xDB, 0x77, 0x7E, 0xDA,
  0x7C, 0xFE, 0xA0, 0x05, 0xFF, 0xA7, 0x7D, 0xB4,
  0x03, 0xCF, 0xFA, 0x57, 0xCC, 0xA7, 0x7D, 0xDB,
  0x7A, 0xEF, 0xD6, 0x00, 0x7F, 0xF7, 0x77, 0xD7,
  0x20, 0x6E, 0xFD, 0x75, 0x7C, 0xB7, 0x77, 0xDC,
  0xA7, 0xBE, 0xEC, 0x40, 0x37, 0xFD, 0x77, 0x7C,
  0x74, 0x47, 0xDF, 0xC7, 0x67, 0xBB, 0x77, 0x7C,
  0xCA, 0x7B, 0xDD, 0xC7, 0x02, 0x6E, 0xFB, 0x77,
  0xBA, 0x53, 0x5B, 0xFE, 0xA6, 0x7B, 0xCA, 0x77,
  0xCC, 0xB7, 0x7D, 0xFE, 0xB4, 0x02, 0x7F, 0xEA,
  0x77, 0xB7, 0x42, 0x7E, 0xFD, 0x76, 0x7C, 0xC7,
  0x77, 0xCC, 0xB7, 0xAE, 0xED, 0xA3, 0x03, 0x7F,
  0xEB, 0x77, 0xB7, 0x43, 0x6D, 0xFD, 0xA6, 0x7B,
  0xB7, 0x77, 0xCC, 0xB7, 0x7D, 0xED, 0xB7, 0x03,
  0x3D, 0xFD, 0xB7, 0x77, 0x44, 0x47, 0xFE, 0xC7,
  0x77, 0xAA, 0x77, 0xBB, 0xBA, 0x7B, 0xDE, 0xDB,
  0x70, 0x03, 0xDF, 0xDA, 0x77, 0x74, 0x44, 0x7F,
  0xFC, 0x77, 0x7B, 0xB7, 0x7A, 0xBC, 0xA7, 0xBD,
  0xED, 0xA7, 0x03, 0x4C, 0xFD, 0xB7, 0x77, 0x54,
  0x57, 0xFF, 0xC7, 0x77, 0xBA, 0x77, 0xBB, 0xCA,
  0x7B, 0xDD, 0xDA, 0x75, 0x03, 0x7E, 0xFC, 0x76,
  0x77, 0x64, 0x6C, 0xFE, 0xB7, 0x7A, 0xBA, 0x77,
  0xBC, 0xBA, 0x7C, 0xDD, 0xCA, 0x76, 0x02, 0x7E,
  0xEC, 0x77, 0xA6, 0x54, 0x7D, 0xFE, 0xA7, 0x7A,
  0xBA, 0x77, 0xBC, 0xBA, 0x7C, 0xDD, 0xC7, 0x77,
  0x03, 0x5D, 0xFD, 0xA6, 0x77, 0x65, 0x6B, 0xFE,
  0xD7, 0x77, 0xAB, 0x77, 0xBB, 0xCA, 0x7B, 0xCD,
  0xCA, 0x77, 0x62, 0x37, 0xEF, 0xB7, 0x67, 0x77,
  0x57, 0xBF, 0xEC, 0x77, 0x7A, 0xA7, 0x7A, 0xBB,
  0xA7, 0xAB, 0xCB, 0xA7, 0xA7, 0x33, 0x7D, 0xDB,
  0x77, 0xA7, 0x75, 0x7B, 0xED, 0xB7, 0x77, 0xA7,
  0x77, 0xAC, 0xCA, 0x77, 0xCD, 0xCB, 0xAB, 0x70,
  0x35, 0xDE, 0xDA, 0x77, 0x77, 0x45, 0x7E, 0xED,
  0x77, 0x7A, 0xA7, 0x7A, 0xBC, 0xA7, 0x7B, 0xDC,
  0xBA, 0xAA, 0x33, 0x27, 0xED, 0xC7,

  // Sample: Start noise
  0x7C, 0xDF, 0xCE, 0xBA, 0x77, 0x66, 0x77, 0xCB,
  0xEB, 0xDB, 0xA6, 0x76, 0x67, 0x7C, 0xCF, 0xCD,
  0xBA, 0x77, 0x66, 0x77, 0xBB, 0xEC, 0xDA, 0x76,
  0x76, 0x67, 0x7B, 0xBE, 0xBC, 0xAA, 0x77, 0x77,
  0x77, 0xBA, 0xDB, 0xDA, 0xA7, 0x77, 0x77, 0x7A,
  0xBD, 0xCC, 0xBB, 0x77, 0x77, 0x77, 0xAB, 0xCC,
  0xCB, 0xA7, 0x77, 0x77, 0x7A, 0xBC, 0xCC, 0xBA,
  0x77, 0x77, 0x77, 0x7B, 0xDC, 0xCB, 0xA7, 0x77,
  0x77, 0x7A, 0xBC, 0xCC, 0xAA, 0x77, 0x77, 0x77,
  0xAB, 0xCC, 0xCA, 0xA7, 0x77, 0x77, 0x77, 0xBD,
  0xCC, 0xAB, 0x77, 0x77, 0x77, 0x7A, 0xDB, 0xCA,
  0xA7, 0x77, 0x77, 0x7A, 0xAC, 0xBC, 0x7A, 0x77,
  0x77, 0x77, 0x7A, 0xCA, 0xCA, 0xB7, 0x77, 0x77,
  0x77, 0xAC, 0xBC, 0xAB, 0x77, 0x77, 0x77, 0xB7,
  0xCB, 0xCA, 0xB7, 0x77, 0x77, 0x7A, 0x7C, 0xBC,
  0xBB, 0x77, 0x77, 0x77, 0x77, 0xBB, 0xCB, 0xA7,
  0x77, 0x77, 0x77, 0x7B, 0xBB, 0xBA, 0x77, 0x77,
  0x77, 0x77, 0xBB, 0xBB, 0xAA, 0x77, 0x77, 0x77,
  0xAB, 0xBB, 0xCB, 0xA7, 0x77, 0x77, 0x77, 0xAB,
  0xBC, 0xBA, 0x77, 0x77, 0x77, 0xAB, 0xBB, 0xBA,
  0x77, 0x77, 0x77, 0x7A, 0xAB, 0xBB, 0xBA, 0x77,
  0x77, 0x77, 0x7A, 0xCC, 0xC7, 0x77, 0x7A, 0xCC,
  0xA7, 0x77, 0x7C, 0xEE, 0xDA, 0x74, 0x46, 0x7C,
  0xED, 0xC7, 0x77, 0x77, 0xAB, 0xA7, 0x77, 0x7B,
  0xDE, 0xDB, 0x75, 0x55, 0x7B, 0xEE, 0xDB, 0x77,
  0x77, 0x7A, 0xA7, 0x77, 0x77, 0xDD, 0xDC, 0x76,
  0x54, 0x77, 0xDE, 0xEC, 0xA7, 0x77, 0x7A, 0x7A,
  0x77, 0x7A, 0xCD, 0xEC, 0xA6, 0x53, 0x77, 0xCF,
  0xFD, 0x77, 0x57, 0x7D, 0xAA, 0x76, 0x67, 0xCE,
  0xFE, 0xB4, 0x00, 0x57, 0xFF, 0xFD, 0x75, 0x37,
  0x7E, 0xDC, 0x74, 0x47, 0x7F, 0xFF, 0xE6, 0x00,
  0x37, 0xFF, 0xFF, 0xA5, 0x26, 0x7D, 0xEE, 0xA6,
  0x35, 0x7E, 0xFF, 0xF7, 0x30, 0x25, 0xCF, 0xFF,
  0xC7, 0x34, 0x7B, 0xDD, 0xB7, 0x45, 0x7C, 0xFF,
  0xFA, 0x50, 0x25, 0x7F, 0xFF, 0xD7, 0x43, 0x67,
  0xCD, 0xD7, 0x55, 0x7B, 0xFF, 0xFC, 0x72, 0x04,
  0x7D, 0xFF, 0xEA, 0x64, 0x57, 0xBD, 0xDA, 0x75,
  0x67, 0xDF, 0xFD, 0x74, 0x23, 0x6C, 0xFF, 0xFC,
  0x74, 0x57, 0x7C, 0xCA, 0x77, 0x77, 0xCE, 0xFD,
  0xA6, 0x44, 0x67, 0xEF, 0xFD, 0x76, 0x57, 0x7C,
  0xCB, 0x77, 0x77, 0xCE, 0xFD, 0xB6, 0x33, 0x57,
  0xDF, 0xFD, 0x76, 0x57, 0x7C, 0xCB, 0x76, 0x67,
  0xBE, 0xFE, 0xC6, 0x42, 0x57, 0xDF, 0xFE, 0xA7,
  0x57, 0x7B, 0xBA, 0x76, 0x77, 0xCD, 0xFE, 0xC7,
  0x53, 0x57, 0xBE, 0xED, 0xA7, 0x77, 0x7B, 0xBA,
  0x77, 0x77, 0xAC, 0xED, 0xC7, 0x64, 0x57, 0xBD,
  0xED, 0xA7, 0x77, 0x7A, 0xBA, 0x77, 0x77, 0xBD,
  0xFE, 0xC7, 0x53, 0x47, 0xAE, 0xFE, 0xB7, 0x77,
  0x7A, 0xAA, 0x77, 0x77, 0xBD, 0xFE, 0xC7, 0x53,
  0x47, 0xBE, 0xFE, 0xC7, 0x77, 0x77, 0xAA, 0x77,
  0x77, 0xBD, 0xFE, 0xC7, 0x43, 0x47, 0xBF, 0xFE,
  0xCA, 0x77, 0x77, 0x77, 0x77, 0x77, 0xCE, 0xEC,
  0x77, 0x67, 0x77, 0x77, 0xCF, 0xFD, 0x75, 0x35,
  0x7C, 0xDC, 0x76, 0x67, 0xEF, 0xEB, 0x60, 0x26,
  0xCF, 0xFD, 0xA6, 0x67, 0xAB, 0x77, 0x67, 0xBD,
  0xED, 0xC7, 0x77, 0x77, 0x66, 0x7A, 0xEF, 0xFD,
  0x74, 0x36, 0x7D, 0xDA, 0x77, 0x7C, 0xFE, 0xC7,
  0x23, 0x57, 0xCF, 0xDC, 0x77, 0x77, 0x77, 0x76,
  0x77, 0xDD, 0xCB, 0xA7, 0x77, 0x77, 0x77, 0x7C,
  0xEF, 0xED, 0x73, 0x23, 0x7E, 0xFC, 0x75, 0x7C,
  0xFF, 0xC7, 0x00, 0x37, 0xFF, 0xEA, 0x76, 0x7A,
  0xB7, 0x64, 0x77, 0xDF, 0xEC, 0x77, 0x77, 0x77,
  0x66, 0x7B, 0xFF, 0xFC, 0x60, 0x37, 0xCE, 0xD7,
  0x67, 0xBF, 0xFE, 0x73, 0x03, 0x7D, 0xFE, 0xC7,
  0x77, 0xB7, 0x75, 0x47, 0xBE, 0xFD, 0xB7, 0x77,
  0xBB, 0x74, 0x35, 0x7F, 0xFF, 0xC6, 0x23, 0x7C,
  0xDA, 0x77, 0x7D, 0xFF, 0xD7, 0x33, 0x57, 0xBC,
  0xBB, 0xCD, 0xEC, 0x74, 0x23, 0x7D, 0xFE, 0xB7,
  0x77, 0xCE, 0xB7, 0x02, 0x47, 0xFF, 0xFC, 0x74,
  0x67, 0x77, 0x77, 0x7B, 0xEF, 0xEB, 0x65, 0x67,
  0x7A, 0x77, 0x7C, 0xFF, 0xEA, 0x30, 0x37, 0xDF,
  0xEC, 0x77, 0x7D, 0xEC, 0x74, 0x24, 0x7D, 0xFE,
  0xD7, 0x77, 0x77, 0x66, 0x67, 0xDF, 0xEC, 0x76,
  0x77, 0xAB, 0xB7, 0x77, 0xAD, 0xCE, 0xA5, 0xB7,
  0x07, 0xBC, 0xF7, 0x7A, 0x4E, 0xD2, 0x7A, 0x7E,
  0xA7, 0x77, 0xDF, 0x7A, 0xA5, 0x77, 0x7A, 0xDF,
  0xD7, 0x67, 0x7A, 0xDC, 0x67, 0xB6, 0x7E, 0xBE,
  0xA7, 0xB4, 0x7D, 0x67, 0xF7, 0xEC, 0x5B, 0x66,
  0xF7, 0x7E, 0x77, 0x77, 0xDE, 0xDC, 0x42, 0x7A,
  0xBC, 0xD7, 0x7C, 0x76, 0x77, 0xCB, 0x6B, 0x77,
  0xFA, 0x57, 0x77, 0xDC, 0xA6, 0x5D, 0xE7, 0x7A,
  0x6C, 0xD7, 0x77, 0xEF, 0x64, 0x75, 0xDF, 0xB6,
  0x77, 0xBA, 0x77, 0x77, 0xDA, 0x6D, 0xD7, 0x7A,
  0x67, 0x7A, 0xA5, 0x7F, 0x7B, 0xE6, 0x7A, 0x67,
  0x7C, 0xF6, 0x7C, 0x7D, 0xD6, 0x77, 0x7D, 0x77,
  0xEA, 0xCC, 0x66, 0x7D, 0xA7, 0x67, 0xDD, 0xDA,
  0x47, 0xFA, 0x67, 0x4C, 0xEA, 0xB7, 0x7F, 0xA5,
  0x75, 0x7F, 0xAA, 0x66, 0xFC, 0x6C, 0x77, 0xE7,
  0x77, 0x7F, 0xA7, 0xA7, 0x7B, 0x77, 0x6D, 0xE7,
  0x77, 0x7B, 0x7C, 0xA5, 0xEA, 0x57, 0x7C, 0xE7,
  0x7A, 0x3E, 0xA4, 0xB7, 0xCD, 0x77, 0xA6, 0xFC,
  0x57, 0x7B, 0xC6, 0x77, 0xAF, 0xC6, 0x77, 0xCD,
  0x77, 0x77, 0xEC, 0x77, 0x7E, 0xB7, 0x75, 0x7D,
  0xBA, 0x77, 0xFA, 0x77, 0x27, 0xDA, 0xB7, 0x7D,
  0x6A, 0xD5, 0xCD, 0x67, 0x77, 0xFA, 0xAE, 0x67,
  0xF7, 0x6B, 0xAB, 0xA7, 0xCA, 0x7E, 0xA2, 0xDE,
  0x7C, 0x74, 0xC7, 0xEF, 0x47, 0xE0, 0x6D, 0x6D,
  0xE7, 0xA4, 0x7F, 0xC6, 0xD6, 0x3D, 0xB7, 0xBA,
  0x7C, 0x67, 0xE4, 0x7F, 0x06, 0xF7, 0xEE, 0x2C,
  0x76, 0xFA, 0x3F, 0x36, 0xF7, 0xEE, 0x4E, 0x60,
  0xEB, 0x6F, 0xA4, 0x77, 0xDD, 0x7B, 0x74, 0x7E,
  0xB6, 0xCA, 0x5E, 0xE7, 0xD6, 0x6A, 0x37, 0xF6,
  0xCE, 0x07, 0xC6, 0xFA, 0x7E, 0x45, 0xF7, 0xDF,
  0x57, 0x77, 0xD7, 0x6D, 0x77, 0xCB, 0xB6, 0x7C,
  0x47, 0xC7, 0xE7, 0x47, 0x6F, 0xF7, 0x75, 0x3D,
  0xEC, 0xD6, 0x7C, 0x47, 0xB7, 0xDC, 0x64, 0x7D,
  0xFB, 0x76, 0x6B, 0xFD, 0x64, 0x77, 0x7F, 0xC7,
  0xB7, 0x57, 0x7F, 0xF7, 0x76, 0x27, 0xFB, 0xEB,
  0x46, 0x57, 0xFA, 0x7D, 0x05, 0xFB, 0xCB, 0x67,
  0xAA, 0xE7, 0x5C, 0xB6, 0x7D, 0x7D, 0xD6, 0x46,
  0xBF, 0xE7, 0x75, 0x5F, 0xE7, 0xB7, 0x7D, 0x67,
  0xB7, 0xEE, 0x46, 0xB7, 0xED, 0x57, 0xAB, 0xFA,
  0x4B, 0x77, 0xF7, 0x5B, 0xAB, 0xB4, 0xBE, 0x7E,
  0xA0, 0x6D, 0xDC, 0xA6, 0x7A, 0x7D, 0x76, 0xEC,
  0x2C, 0xA4, 0xFD, 0x6D, 0x67, 0xF0, 0x7E, 0x3D,
  0xF3, 0xCA, 0x7F, 0x55, 0xF7, 0x7E, 0x05, 0xCD,
  0xE7, 0x7B, 0x7D, 0xA4, 0x7B, 0xFF, 0x47, 0x77,
  0xFE, 0x67, 0x6C, 0xF4, 0x7C, 0x7F, 0xF5, 0x77,
  0x7F, 0x67, 0xB6, 0xFE, 0x55, 0x7D, 0xE7, 0xA5,
  0x7C, 0x7A, 0xA7, 0xFC, 0x4C, 0x46, 0xF7, 0x7D,
  0x3E, 0xC2, 0xFB, 0x6F, 0x73, 0xC7, 0x7E, 0x47,
  0xD7, 0xEA, 0x27, 0xCB, 0xB7, 0x7C, 0xC7, 0x76,
  0x7F, 0xF6, 0x66, 0x6F, 0xF7, 0xB4, 0x7F, 0x47,
  0xD4, 0xEF, 0x46, 0x77, 0xFB, 0x4C, 0x47, 0xF6,
  0x37, 0x7F, 0xD5, 0x77, 0x7F, 0xA2, 0x7F, 0xCC,
  0x63, 0x7D, 0xFD, 0x43, 0xD7, 0x7E, 0x77, 0xFB,
  0x76, 0x5F, 0xB4, 0xEA, 0x4F, 0xC6, 0x77, 0xCC,
  0x5C, 0xD3, 0xBC, 0x57, 0xFE, 0x74, 0x57, 0x7E,
  0xE5, 0x6E, 0xD5, 0x7B, 0xBD, 0xD7, 0x35, 0xEF,
  0xA7, 0xB6, 0xCF, 0x74, 0x5C, 0xFA, 0x7C, 0x67,
  0xF7, 0x57, 0xDE, 0x75, 0x75, 0xCF, 0xD4, 0x6A,
  0xA7, 0xCA, 0x67, 0xFA, 0x47, 0xEA, 0x7C, 0x76,
  0x7C, 0xB4, 0x7F, 0x77, 0xF6, 0x57, 0x7A, 0x7C,
  0xF4, 0x4E, 0x77, 0xFA, 0x55, 0x7E, 0x67, 0xFA,
  0x7D, 0x72, 0x6F, 0xE6, 0x77, 0xAD, 0xCD, 0x34,
  0xFC, 0x7B, 0x47, 0xD7, 0xE7, 0x5F, 0xA4, 0xB5,
  0x7F, 0xCD, 0x73, 0xEB, 0x7E, 0x77, 0xBA, 0xA6,
  0x7F, 0xA7, 0xB7, 0x77, 0xBA, 0x5B, 0xD7, 0xCA,
  0x7B, 0x7C, 0xA6, 0xEA, 0x4C, 0x77, 0xF7, 0xDA,
  0x3D, 0x76, 0xEA, 0x7D, 0x77, 0xA7, 0xF7, 0x4C,
  0x77, 0xE7, 0x77, 0x7F, 0xA7, 0x76, 0x7B, 0xA7,
  0x7E, 0xD7, 0x77, 0x7C, 0xBC, 0x73, 0xCB, 0x7F,
  0xB6, 0xE7, 0x7A, 0x3E, 0xC5, 0xFA, 0x6E, 0xA7,
  0xA6, 0xDC, 0x5C, 0xA6, 0xDD, 0x7A, 0xAB, 0x76,
  0x77, 0x7C, 0xD7, 0x6B, 0xA7, 0xC7, 0x7A, 0x7B,
  0x76, 0xED, 0x7E, 0xB6, 0xB6, 0x7B, 0x5F, 0xE5,
  0xCA, 0x5C, 0xA7, 0xA7, 0xCC, 0x47, 0xCA, 0xEF,
  0x66, 0x77, 0xC7, 0x7E, 0x77, 0xF6, 0x7B, 0x7C,
  0xC6, 0xB7, 0x7E, 0xA7, 0xEA, 0x7A, 0x47, 0x77,
  0xED, 0x7B, 0xA7, 0x7A, 0x7A, 0xA7, 0x77, 0x7D,
  0xB7, 0xFA, 0x7C, 0x47, 0xA5, 0xFE, 0x7F, 0xA6,
  0xD6, 0x7D, 0x6D, 0xA0, 0x7C, 0xBF, 0xB7, 0x77,
  0xB7, 0x57, 0xCD, 0xDB, 0x74, 0xBF, 0x77, 0x77,
  0xCC, 0x77, 0x4C, 0xFC, 0x76, 0x27, 0xDD, 0xB7,
  0x7F, 0xC7, 0x77, 0x7F, 0xD6, 0x47, 0xCD, 0xCA,
  0x77, 0xBD, 0x64, 0x7A, 0xCC, 0xA7, 0x77, 0xB7,
  0x7B, 0xC7, 0x77, 0x67, 0xDC, 0xCA, 0x77, 0x55,
  0xDA, 0xBE, 0x77, 0xB7, 0xDA, 0x4C, 0xA7, 0xD7,
  0x6E, 0xCC, 0xA5, 0xBC, 0x77, 0x35, 0xDF, 0xF7,
  0x37, 0x7E, 0xF5, 0x77, 0x7E, 0x45, 0xFB, 0xFF,
  0x03, 0x77, 0xFB, 0x3C, 0x6D, 0xF6, 0x6B, 0x6F,
  0xA6, 0xB7, 0xCD, 0x67, 0xCE, 0xE6, 0x53, 0x5F,
  0xEB, 0xE4, 0x7A, 0x3E, 0xE4, 0xF6, 0x0D, 0x77,
  0xF6, 0x7E, 0x2E, 0xC0, 0xED, 0x4E, 0xA7, 0xFA,
  0x7A, 0x27, 0xFC, 0x77, 0x06, 0xFE, 0xCC, 0x57,
  0xA3, 0x7D, 0x7F, 0xF0, 0x7A, 0x7F, 0xD5, 0xA0,
  0x7F, 0x76, 0xE4, 0x7F, 0x77, 0x74, 0xDA, 0x3E,
  0xC7, 0xF7, 0x27, 0x7F, 0xF6, 0x77, 0x4E, 0xF7,
  0xDC, 0x77, 0x47, 0xA7, 0xEB, 0x67, 0xBD, 0xA7,
  0x77, 0x7D, 0x77, 0x77, 0xCA, 0x7E, 0xBA, 0xC4,
  0x57, 0xAF, 0xC7, 0xA7, 0xAD, 0x77, 0x7B, 0xD6,
  0x57, 0x7F, 0xE7, 0x76, 0x7E, 0x67, 0x77, 0xFF,
  0x67, 0x77, 0xFA, 0x67, 0x6B, 0xF5, 0x67, 0x7F,
  0xD5, 0x76, 0x7D, 0xA7, 0xBD, 0xCB, 0x76, 0x7B,
  0xCA, 0x76, 0xB7, 0x7C, 0xAB, 0xD7, 0x77, 0x7C,
  0xA7, 0xCB, 0x7D, 0x76, 0xB7, 0xBA, 0x67, 0xA7,
  0xB7, 0x7D, 0xEC, 0x72, 0x57, 0xDD, 0x77, 0x7C,
  0xC7, 0x77, 0x7D, 0xB5, 0x67, 0xDF, 0xB7, 0x77,
  0xDC, 0x45, 0x7C, 0xFB, 0x77, 0x7C, 0xC7, 0x77,
  0xCC, 0x77, 0x77, 0xFE, 0xA7, 0x47, 0x77, 0xCA,
  0x7F, 0xB7, 0x77, 0xCA, 0x7A, 0x77, 0xCA, 0x7A,
  0xCB, 0x77, 0x77, 0x77, 0x77, 0xBF, 0xC7, 0x77,
  0x7C, 0xC7, 0x77, 0xBB, 0x7C, 0xD7, 0xCA, 0x46,
  0x7C, 0xD7, 0x7B, 0x7C, 0xE6, 0x57, 0xBA, 0x77,
  0x77, 0xBD, 0x76, 0xCC, 0x77, 0x76, 0xBE, 0xDA,
  0x57, 0xC7, 0x7D, 0x67, 0xD7, 0x77, 0xBE, 0xA7,
  0xA6, 0x6C, 0xA6, 0x7C, 0xBA, 0xBA, 0x76, 0x7B,
  0x6B, 0xD7, 0x7A, 0xAB, 0xBB, 0xA4, 0x7C, 0x77,
  0xDB, 0xAB, 0x77, 0x77, 0xD7, 0x77, 0x77, 0xDC,
  0x77, 0xAC, 0x77, 0x77, 0x7C, 0xC7, 0x7C, 0xB7,
  0x77, 0x77, 0xDC, 0x56, 0xBA, 0xCD, 0xA7, 0x67,
  0xA7, 0x7E, 0xA7, 0xC7, 0x7B, 0x7A, 0x77, 0xC7,
  0x7C, 0xB7, 0xCB, 0x77, 0xB7, 0x77, 0x7D, 0x7E,
  0xE6, 0x7C, 0x7B, 0xB7, 0xA7, 0x7D, 0x57, 0xFA,
  0x7A, 0x67, 0x7B, 0xD7, 0x7E, 0xA7, 0xC7, 0x67,
  0xC7, 0x77, 0xBB, 0x7B, 0xC6, 0xCF, 0x65, 0x77,
  0xCC, 0xBD, 0x57, 0xF6, 0x6D, 0x67, 0xC7, 0xA6,
  0x7F, 0xA7, 0xC6, 0x7C, 0xB7, 0x7B, 0xDA, 0xAC,
  0x75, 0x7C, 0x77, 0xD7, 0x7A, 0xAB, 0x77, 0xE7,
  0x6B, 0x77, 0xDC, 0xB7, 0x7B, 0x77, 0xE7, 0x67,
  0xBA, 0xAB, 0xB7, 0x7E, 0xA5, 0x7A, 0x77, 0xC7,
  0x7D, 0xDA, 0x67, 0xBA, 0xAC, 0x66, 0xCD, 0xA7,
  0x7B, 0xA7, 0xA5, 0x5C, 0xEC, 0x77, 0xAB, 0xDA,
  0x56, 0x7E, 0xC7, 0x77, 0xAE, 0xC6, 0x77, 0xCB,
  0x77, 0x7A, 0xEC, 0x77, 0x7A, 0xA7, 0x77, 0x7C,
  0xA7, 0x77, 0xBA, 0x7A, 0x77, 0xA7, 0x7B, 0x7B,
  0xA7, 0xB7, 0x7A, 0x77, 0xC7, 0xA7, 0x7B, 0xBA,
  0x77, 0x7B, 0xAA, 0x77, 0xBC, 0xD7, 0x67, 0x7B,
  0xC6, 0x7A, 0x7E, 0x75, 0xD7, 0xCE, 0x46, 0xA7,
  0xFA, 0x6D, 0x77, 0xF6, 0x5A, 0x7D, 0xB7, 0xC7,
  0x7C, 0x77, 0x7D, 0xC7, 0x77, 0x5E, 0xBA, 0xD6,
  0x7A, 0x3E, 0xC5, 0xF7, 0x5E, 0x77, 0xF3, 0xCE,
  0x3E, 0xB3, 0xEA, 0x7D, 0x6B, 0xE7, 0x77, 0x47,
  0xFC, 0x77, 0x67, 0xCB, 0xAA, 0x7B, 0xC4, 0x7C,
  0x7F, 0xC4, 0x77, 0x7F, 0xA7, 0xC6, 0x7F, 0x77,
  0xB7, 0xCC, 0x6B, 0xA6, 0xDA, 0x5D, 0xCB, 0xD6,
  0x57, 0x7D, 0xE7, 0x77, 0x6B, 0xB7, 0xCA, 0x77,
  0x77, 0xBB, 0xBA, 0x77, 0x7B, 0x77, 0x77, 0xAA,
  0x7B, 0xA7, 0xA7, 0x7D, 0xBB, 0xA5, 0x7B, 0xBD,
  0xB7, 0x77, 0x77, 0x77, 0xCB, 0xA7, 0x77, 0xCE,
  0xA6, 0x77, 0xBC, 0x77, 0x7B, 0xDC, 0x67, 0xA7,
  0xC7, 0x6B, 0xBC, 0xC4, 0x7C, 0x7E, 0xC4, 0x77,
  0x7D, 0x77, 0xC7, 0xB7, 0x57, 0xBB, 0xB7, 0x77,
  0xAD, 0x77, 0xA7, 0xBA, 0x7B, 0x77, 0xC7, 0x7D,
  0x7B, 0x75, 0xBA, 0x7D, 0x77, 0xC7, 0x77, 0x7C,
  0xC7, 0xA6, 0x7D, 0xCB, 0x77, 0xA7, 0xBA, 0x57,
  0xCC, 0xB7, 0x7B, 0x7D, 0xC4, 0x7C, 0x7C, 0x76,
  0xBA, 0xDE, 0x67, 0xC7, 0xBA, 0x7A, 0xAC, 0xB5,
  0x7C, 0xCB, 0xA7, 0x67, 0xC7, 0x7A, 0xAC, 0x77,
  0xB7, 0x7F, 0x77, 0xC7, 0x7B, 0x7B, 0xA7, 0xEA,
  0x6C, 0xA7, 0xC7, 0xBC, 0x7A, 0xA5, 0x7D, 0x77,
  0xC7, 0x7A, 0x7B, 0xA7, 0xCA, 0x5B, 0x77, 0xEA,
  0x7C, 0x77, 0xC6, 0x7C, 0x6D, 0xC5, 0x7B, 0x7C,
  0x77, 0xD7, 0x7C, 0x57, 0xDA, 0xBC, 0x77, 0x77,
  0xBA, 0x7D, 0xB6, 0xBA, 0x7D, 0xB7, 0xB7, 0x7C,
  0x77, 0xD7, 0x7D, 0x77, 0xA6, 0xBA, 0x7E, 0x77,
  0xC7, 0x7D, 0x7B, 0xC7, 0x77, 0x6B, 0xC7, 0xCB,
  0x77, 0x77, 0xBA, 0x7A, 0x77, 0xCA, 0x7B, 0x77,
  0xB7, 0x77, 0x7B, 0xC7, 0xCA, 0x7B, 0x77, 0xA7,
  0xBC, 0x7B, 0x77, 0xBC, 0xA7, 0x77, 0xA7, 0xBB,
  0x77, 0xBA, 0x77, 0x77, 0xAA, 0xA7, 0x7B, 0xC7,
  0xBB, 0x7B, 0xA7, 0x76, 0x7C, 0x7D, 0xC7, 0x77,
  0x7B, 0x7B, 0xC6, 0xAB, 0x7C, 0xC7, 0xA7, 0x77,
  0x7B, 0xA7, 0xBA, 0x77, 0xBA, 0x77, 0xA7, 0xAA,
  0x7A, 0x7B, 0xB7, 0xCB, 0x67, 0x77, 0xCA, 0xCB,
  0x57, 0xB7, 0xBA, 0x7A, 0x7A, 0xA7, 0xDD, 0x7B,
  0x77, 0x7A, 0xB7, 0x7C, 0xCA, 0xBA, 0x77, 0x7B,
  0x77, 0xC7, 0x7A, 0x7A, 0x7D, 0xB4, 0x7A, 0x7B,
  0xEA, 0xA7, 0xBA, 0x6B, 0xC6, 0x7B, 0x77, 0xAB,
  0xB7, 0xCC, 0x67, 0xB7, 0x7A, 0xA7, 0xBE, 0xC6,
  0x67, 0xAB, 0xDA, 0x57, 0xDC, 0x77, 0xAA, 0x7B,
  0x74, 0x7F, 0xDA, 0x77, 0x7A, 0xEA, 0x37, 0xCC,
  0x77, 0x77, 0xBE, 0xB5, 0x7B, 0x77, 0x77, 0x7D,
  0xFA, 0x66, 0x7A, 0x7C, 0xA6, 0x7C, 0x77, 0xBC,
  0xB7, 0x7A, 0x67, 0xC7, 0xBB, 0xBA, 0x77, 0xB6,
  0x7A, 0x77, 0xCB, 0x77, 0xBC, 0xBB, 0x75, 0x7B,
  0xD7, 0x7D, 0xAC, 0xB6, 0x77, 0xCF, 0x75, 0xB7,
  0xDF, 0x67, 0xA7, 0xE7, 0x4B, 0x7B, 0xF7, 0x7B,
  0xAD, 0x75, 0x77, 0xBE, 0x75, 0x7C, 0xCA, 0xA7,
  0x7A, 0x77, 0x77, 0xEC, 0x7C, 0x76, 0xCA, 0x7B,
  0x67, 0xD6, 0xCA, 0x6D, 0xA7, 0xB7, 0x7B, 0x77,
  0xD7, 0xBC, 0x77, 0xA7, 0x7A, 0x77, 0xB7, 0xA7,
  0x7D, 0xC7, 0x77, 0x7A, 0xB7, 0xBA, 0xBD, 0x77,
  0x77, 0xBD, 0x77, 0xB7, 0xCB, 0x77, 0xA7, 0xC7,
  0x5B, 0x77, 0xE7, 0x7B, 0x7B, 0x75, 0x7A, 0x7D,
  0xA7, 0x7A, 0xAB, 0xA7, 0x77, 0x77, 0x7A, 0xCB,
  0x7B, 0x77, 0xAA, 0x77, 0x77, 0xA7, 0x7B, 0x7A,
  0xB7, 0x7A, 0x77, 0x77, 0xBB, 0xBC, 0x77, 0x77,
  0x77, 0x77, 0xAA, 0xA7, 0x7B, 0xBA, 0x77, 0x77,
  0xBC, 0x77, 0xB7, 0xBA, 0x77, 0x77, 0xC7, 0x7C,
  0x7B, 0xA7, 0xBA, 0x7C, 0x77, 0xA7, 0xBC, 0xAB,
  0xA7, 0xA7, 0x7B, 0xA7, 0xA7, 0x77, 0xBA, 0x7A,
  0x77, 0xA7, 0x7B, 0x7B, 0xC7, 0xCA, 0x7B, 0x77,
  0xC7, 0x7D, 0x67, 0xC6, 0xDA, 0x7C, 0x77, 0xB7,
  0x7D, 0x7B, 0xA7, 0x77, 0x7A, 0x77, 0xAA, 0xB7,
  0xBB, 0x7C, 0xA7, 0xB7, 0x7C, 0x77, 0xB7, 0xDB,
  0x67, 0x77, 0xC7, 0x7A, 0x7B, 0xC7, 0x7A, 0x7A,
  0x77, 0x77, 0xCB, 0x7A, 0x7A, 0x77, 0xB7, 0x7C,
  0xA7, 0xB7, 0x7B, 0x7D, 0x76, 0xCA, 0x7C, 0x77,
  0xCA, 0xCA, 0x7A, 0xA6, 0xBA, 0x7A, 0xB7, 0x77,
  0xAA, 0x77, 0xB7, 0x7C, 0xA7, 0xCB, 0x7B, 0x77,
  0xB7, 0x7B, 0x6B, 0xD7, 0x7B, 0x7A, 0xA7, 0xC7,
  0x7D, 0x77, 0xDA, 0x7C, 0x77, 0x77, 0xCA, 0x7C,
  0xA7, 0xBC, 0x77, 0xB7, 0x77, 0x7B, 0x77, 0xD7,
  0x7D, 0xA7, 0xA7, 0x7A, 0x7C, 0xA6, 0xDB, 0x6B,
  0xA7, 0xB7, 0x77, 0x7C, 0xD7, 0xBC, 0x77, 0xB7,
  0x77, 0xBB, 0x77, 0xCA, 0x7D, 0xA6, 0x7B, 0x77,
  0x77, 0xB7, 0xCC, 0x67, 0xC7, 0x7A, 0x7B, 0xAB,
  0xB6, 0x7C, 0x77, 0xA7, 0x77, 0xAB, 0x77, 0xC7,
  0x77, 0x77, 0xAB, 0x77, 0xBB, 0xB7, 0x7A, 0x77,
  0xC7, 0x7B, 0x7B, 0x77, 0xB7, 0x7B, 0x67, 0xBA,
  0xBA, 0x7A, 0x77, 0xC7, 0x7A, 0x77, 0x77, 0xAA,
  0xBA, 0x77, 0xAA, 0x77, 0xA7, 0x7C, 0xA7, 0xA7,
  0xA7, 0x7C, 0x77, 0xB7, 0x7C, 0xBC, 0xA6, 0xA7,
  0x7C, 0x77, 0xCA, 0xB7, 0x7B, 0xA7, 0xA7, 0x7A,
  0xBB, 0x77, 0xAA, 0xCA, 0x77, 0x7A, 0xB7, 0xBB,
  0x7C, 0x77, 0xA7, 0xDB, 0x67, 0x77, 0xDC, 0x7A,
  0x7B, 0xA7, 0x7A, 0x7C, 0x77, 0xA7, 0xAA, 0x77,
  0xA7, 0xA7, 0x77, 0x7A, 0xAB, 0xCA, 0x77, 0x7A,
  0xBC, 0xA7, 0x7B, 0x7A, 0x77, 0xA7, 0xB7, 0x67,
  0xDC, 0xB7, 0x77, 0x7D, 0xA5, 0x7C, 0xBC, 0x77,
  0x77, 0xCA, 0x67, 0xB7, 0x7A, 0x77, 0xDC, 0x76,
  0x67, 0xA7, 0xDA, 0x7B, 0xA7, 0xBA, 0xAA, 0x7A,
  0x76, 0xCC, 0x7C, 0xA7, 0x77, 0xAA, 0x7A, 0xA7,
  0xBC, 0x77, 0x77, 0x7B, 0xA7, 0x77, 0xCA, 0x7C,
  0xC7, 0xB7, 0x67, 0x7D, 0xC6, 0x7A, 0x7C, 0xC6,
  0x77, 0x7B, 0x77, 0xB7, 0xCD, 0x77, 0xBA, 0x77,
  0x77, 0xAC, 0xD7, 0x67, 0xA7, 0xCA, 0x77, 0x7B,
  0xA7, 0xCC, 0x77, 0xA6, 0x7A, 0xAB, 0x77, 0xB7,
  0x7C, 0x77, 0xB7, 0x7A, 0x77, 0x77, 0xCC, 0x7B,
  0x75, 0x7A, 0x7A, 0x7B, 0xC7, 0x7A, 0x7B, 0xD7,
  0x77, 0x7A, 0xBB, 0xA7, 0xAC, 0xA7, 0x77, 0x7B,
  0xC7, 0x7A, 0xBA, 0x77, 0xA7, 0xBC, 0x76, 0xAA,
  0xBC, 0x77, 0x77, 0xC7, 0x7C, 0xAA, 0xB7, 0x77,
  0x7C, 0x77, 0xA7, 0x7A, 0x7A, 0x77, 0xC7, 0x7A,
  0x77, 0x77, 0xB7, 0xAB, 0x77, 0xA7, 0xBA, 0x7A,
  0x77, 0xA7, 0xBC, 0x7B, 0x77, 0x77, 0xBA, 0x7B,
  0xA7, 0xB7, 0x7A, 0x7B, 0x77, 0xB7, 0x7B, 0x77,
  0xB7, 0xCA, 0x7A, 0x77, 0xC7, 0x7A, 0x77, 0xA7,
  0x7A, 0x7B, 0xA7, 0x7A, 0xAB, 0xA7, 0x77, 0x7A,
  0x77, 0xBA, 0x7B, 0x77, 0xBA, 0x7B, 0x77, 0xB7,
  0x7B, 0x7B, 0xC7, 0x7A, 0x77, 0xA7, 0xC7, 0x7C,
  0x77, 0xC7, 0x7C, 0x77, 0xA7, 0xBA, 0x7D, 0xA7,
  0xB7, 0x7A, 0x7A, 0xA7, 0xAA, 0x77, 0x77, 0x7B,
  0xA7, 0x77, 0x7B, 0x77, 0xB7, 0xBB, 0x77, 0x77,
  0xCA, 0x7A, 0x77, 0xC7, 0x7B, 0x7B, 0xA7, 0x77,
  0x7C, 0x77, 0xA7, 0x77, 0x77, 0x7B, 0xB7, 0x77,
  0x7A, 0x7B, 0xA7, 0xAB, 0x77, 0xA7, 0xBB, 0x77,
  0x77, 0xB7, 0x7B, 0x7A, 0xB7, 0x77, 0x7B, 0xA7,
  0x77, 0x7A, 0xA7, 0x7B, 0xA7, 0x77, 0x7A, 0xAB,
  0x77, 0xC7, 0x7B, 0x77, 0xC7, 0xA7, 0x7C, 0xA7,
  0xC7, 0x7C, 0x77, 0x77, 0xBC, 0x7A, 0xA7, 0xBB,
  0x77, 0xA7, 0xA7, 0x77, 0x77, 0xC7, 0x7B, 0xA7,
  0xA7, 0x7B, 0x7A, 0xA7, 0xBB, 0x7A, 0xA7, 0xBA,
  0x77, 0x7B, 0xC7, 0x7A, 0x77, 0xB7, 0x7A, 0xBB,
  0x77, 0xA7, 0x7B, 0x77, 0x7A, 0xA7, 0x77, 0xAA,
  0xAA, 0x77, 0xBA, 0x77, 0x77, 0xAA, 0x77, 0x7B,
  0xA7, 0x77, 0x7A, 0xA7, 0x77, 0xBA, 0x77, 0x77,
  0xBA, 0x77, 0x7A, 0xA7, 0xA7, 0x7A, 0xA7, 0x7A,
  0xA7, 0x77, 0xA7, 0x7A, 0x77, 0xAB, 0x77, 0xA7,
  0x7A, 0xA7, 0x7B, 0xA7, 0x7A, 0x7B, 0xB7, 0x77,
  0xBA, 0x77, 0xB7, 0xAA, 0x77, 0x7B, 0xA7, 0x7A,
  0x77, 0xB7, 0x7A, 0xCB, 0x77, 0x77, 0x7B, 0x77,
  0xAC, 0xA7, 0x77, 0x7B, 0xA7, 0x77, 0xCA, 0x7A,
  0x77, 0xBA, 0x77, 0x7B, 0xA7, 0xB7, 0x7B, 0x77,
  0x77, 0xBA, 0x7A, 0x77, 0xBA, 0x7A, 0x77, 0x77,
  0xAA, 0x77, 0xA7, 0x7B, 0xA7, 0x77, 0x7A, 0x77,
  0x77, 0xBA, 0x7B, 0x77,

  // Possibly truncated sample bytes
  0xA7, 0x77, 0x7C, 0xA7, 0xA7, 0x7B, 0x77, 0x77,
  0xB7, 0x7A, 0xAB, 0xA7, 0x77, 0xAB, 0x77, 0x77,
  0xBB, 0x77, 0x7B, 0xA7, 0x77,

  // Unused
  0x00, 0x00, 0x00, 0x00, 0x00, 0x00, 0x00, 0x00,
  0x00, 0x00, 0x00, 0x00, 0x00, 0x00, 0x00, 0x00,
  0x00, 0x00, 0x00, 0x00, 0x00, 0x00, 0x00, 0x00,
  0x00, 0x00, 0x00, 0x00, 0x00, 0x00, 0x00, 0x00,
  0x00, 0x00, 0x00, 0x00, 0x00, 0x00, 0x00, 0x00,
  0x00, 0x00, 0x00, 0x00, 0x00, 0x00, 0x00, 0x00,
  0x00, 0x00, 0x00, 0x00, 0x00, 0x00, 0x00, 0x00,
  0x00, 0x00, 0x00, 0x00, 0x00, 0x00, 0x00, 0x00,
  0x00, 0x00, 0x00, 0x00, 0x00, 0x00, 0x00, 0x00,
  0x00, 0x00, 0x00, 0x00, 0x00, 0x00, 0x00, 0x00,
  0x00, 0x00, 0x00, 0x00, 0x00, 0x00, 0x00, 0x00,
  0x00, 0x00, 0x00, 0x00, 0x00, 0x00, 0x00, 0x00,
  0x00, 0x00, 0x00, 0x00, 0x00, 0x00, 0x00, 0x00,
  0x00, 0x00, 0x00, 0x00, 0x00, 0x00, 0x00, 0x00,
  0x00, 0x00, 0x00, 0x00, 0x00, 0x00, 0x00, 0x7F,
  0xFE, 0x74, 0xFF, 0xB3, 0x00, 0x00, 0x00, 0x00,
  0x00, 0x00, 0x00, 0x00, 0x00
};
